match_id,post_id,date,start_time,player_a,player_b,p_a,pick,pick_prob,confidence,thin_history,comp_logreg,comp_hgb,comp_xgb,comp_lgbm,comp_cat,market_p_a,dk_odds_a,dk_odds_b,model_version,logged_at,y,graded_at
574505-4,574505,2026-10-04,2026-10-04 00:25:00,Michal Guzik,Grzegorz Sawicki,0.5380360092323028,Michal Guzik,0.5380360092323028,Coin flip,False,0.4981812118582461,0.5543338175037902,0.55869055,0.5421143711507983,0.5368600977055642,,,,20261004-002030,2026-10-04 00:20:36.639894,0.0,2026-10-05 00:38:39
574537-5,574537,2026-10-04,2026-10-04 00:35:00,Kacper Kwiatkowski,Andrzej Szurgot,0.601527081330337,Kacper Kwiatkowski,0.601527081330337,Lean,False,0.3331079450302269,0.739640500143989,0.64921844,0.6680109711666222,0.6176575502549995,,,,20261004-002030,2026-10-04 00:20:36.639894,1.0,2026-10-05 00:38:39
574765-5,574765,2026-10-04,2026-10-04 00:35:00,Milosz Kukawka,Lukasz Pietraszko,0.3952470345321247,Lukasz Pietraszko,0.6047529654678753,Lean,False,0.4320508637075276,0.3939428791202473,0.37728342,0.3712615994934031,0.4016964062004226,,,,20261004-002030,2026-10-04 00:20:36.639894,0.0,2026-10-05 00:38:39
574535-5,574535,2026-10-04,2026-10-04 00:35:00,Adam Linek,Kamil Rudomina,0.4955025528065934,Kamil Rudomina,0.5044974471934066,Coin flip,False,0.5080356148281507,0.464504454782355,0.489558,0.4861988683214098,0.5292158148076401,,,,20261004-002030,2026-10-04 00:20:36.639894,1.0,2026-10-05 00:38:39
574499-14,574499,2026-10-04,2026-10-04 00:40:00,Kamil Kowalski,Wojciech Urban,0.3555983835557611,Wojciech Urban,0.6444016164442389,Solid,False,0.3462676586641056,0.3857076295496959,0.36206216,0.3837469788648807,0.3002074944997139,,,,20261004-002030,2026-10-04 00:20:36.639894,0.0,2026-10-05 00:38:39
574505-5,574505,2026-10-04,2026-10-04 00:50:00,Mariusz Adamus,Adam Ruszkiewicz,0.4118623818327177,Adam Ruszkiewicz,0.5881376181672823,Lean,False,0.4729115603066348,0.3813157809091865,0.39252836,0.3893305098471155,0.4232257029790391,,,,20261004-002030,2026-10-04 00:20:36.639894,1.0,2026-10-05 00:38:39
574535-6,574535,2026-10-04,2026-10-04 00:55:00,Jakub Glanowski,Karol Sulkowski,0.5126435801462966,Jakub Glanowski,0.5126435801462966,Coin flip,False,0.5051000986428497,0.5446395791166385,0.5201089,0.5267328182360529,0.4666365261234233,,,,20261004-002030,2026-10-04 00:20:36.639894,1.0,2026-10-05 00:38:39
574537-6,574537,2026-10-04,2026-10-04 00:55:00,Grzegorz Mucha,Adam Staniczek,0.7158748106529578,Grzegorz Mucha,0.7158748106529578,Strong,False,0.7385303903435803,0.6793242667774484,0.7286426,0.6837055167863719,0.7491712964640168,,,,20261004-002030,2026-10-04 00:20:36.639894,0.0,2026-10-05 00:38:39
574765-6,574765,2026-10-04,2026-10-04 00:55:00,Bartek Sulkowski,Jakub Nadolny,0.25788962385238,Jakub Nadolny,0.74211037614762,Strong,False,0.3045143966934563,0.2522067825938061,0.23254445,0.2398830241743477,0.2602994638483095,,,,20261004-002030,2026-10-04 00:20:36.639894,0.0,2026-10-05 00:38:39
574499-15,574499,2026-10-04,2026-10-04 01:05:00,Pawel Kurek,Piotr Gumulinski,0.4359397109212462,Piotr Gumulinski,0.5640602890787538,Lean,False,0.3444631867117675,0.4792837096377421,0.42474002,0.545594615665657,0.3856170261306458,,,,20261004-002030,2026-10-04 00:20:36.639894,0.0,2026-10-05 00:38:39
574505-6,574505,2026-10-04,2026-10-04 01:10:00,Mateusz Sikon,Piotr Ostachowski,0.8008493616246273,Mateusz Sikon,0.8008493616246273,Strong,True,0.8475867103774262,0.7761268208065429,0.76142406,0.7814771592428672,0.8376320530600689,,,,20261004-002030,2026-10-04 00:20:36.639894,0.0,2026-10-05 00:38:39
574537-7,574537,2026-10-04,2026-10-04 01:20:00,Zbigniew Nocun,Andrzej Szurgot,0.5956571832533324,Zbigniew Nocun,0.5956571832533324,Lean,False,0.5788931569900222,0.5951958429003562,0.63643616,0.6309569390313926,0.5368038129657707,,,,20261004-002030,2026-10-04 00:20:36.639894,0.0,2026-10-05 00:38:39
574765-7,574765,2026-10-04,2026-10-04 01:20:00,Szymon Brud,Lukasz Pietraszko,0.3879787721362959,Lukasz Pietraszko,0.612021227863704,Lean,False,0.4262631955035082,0.3717168920652724,0.384778,0.3490628989048173,0.4080728812440908,,,,20261004-002030,2026-10-04 00:20:36.639894,0.0,2026-10-05 00:38:39
574535-7,574535,2026-10-04,2026-10-04 01:20:00,Rafal Stapor,Kamil Rudomina,0.3889857413338508,Kamil Rudomina,0.6110142586661492,Lean,False,0.4474870130234541,0.3624854959531235,0.37285173,0.3480393042707811,0.4140651640288895,,,,20261004-002030,2026-10-04 00:20:36.639894,0.0,2026-10-05 00:38:39
574999-1,574999,2026-10-04,2026-10-04 01:30:00,Dawid Dytko,Wojciech Urban,0.3965590459495674,Wojciech Urban,0.6034409540504326,Lean,False,0.4009545125495056,0.3540332452118667,0.34887072,0.416855283185042,0.4620814643618018,,,,20261004-002030,2026-10-04 00:20:36.639894,0.0,2026-10-05 00:38:39
574505-7,574505,2026-10-04,2026-10-04 01:35:00,Grzegorz Sawicki,Adam Ruszkiewicz,0.3353586435167996,Adam Ruszkiewicz,0.6646413564832003,Solid,False,0.3349103588636291,0.321034912860175,0.3100292,0.3286087574260438,0.3822099797740245,,,,20261004-002030,2026-10-04 00:20:36.639894,0.0,2026-10-05 00:38:39
574535-8,574535,2026-10-04,2026-10-04 01:45:00,Jakub Glanowski,Adam Linek,0.6237388365925466,Jakub Glanowski,0.6237388365925466,Solid,False,0.6501047219011036,0.5756418439245503,0.6485329,0.613448462664187,0.6309662274366064,,,,20261004-002030,2026-10-04 00:20:36.639894,1.0,2026-10-05 00:38:39
574537-8,574537,2026-10-04,2026-10-04 01:45:00,Jerzy Michalik,Grzegorz Mucha,0.5313168172094573,Jerzy Michalik,0.5313168172094573,Coin flip,False,0.5931656063194632,0.5184213979746191,0.5310149,0.523523507772456,0.4904586546997426,,,,20261004-002030,2026-10-04 00:20:36.639894,1.0,2026-10-05 00:38:39
574765-8,574765,2026-10-04,2026-10-04 01:45:00,Bartek Sulkowski,Milosz Kukawka,0.4250767233674485,Milosz Kukawka,0.5749232766325515,Lean,False,0.4540567696520655,0.3751731004667255,0.40337747,0.4278152182480522,0.4649610551160597,,,,20261004-002030,2026-10-04 00:20:36.639894,1.0,2026-10-05 00:38:39
574999-2,574999,2026-10-04,2026-10-04 01:55:00,Jakub Nowak,Piotr Gumulinski,0.3515769919573339,Piotr Gumulinski,0.6484230080426661,Solid,False,0.3557504406515138,0.383191867649772,0.33906528,0.3535771941120015,0.3263001738364711,,,,20261004-002030,2026-10-04 00:20:36.639894,1.0,2026-10-05 00:38:39
574505-8,574505,2026-10-04,2026-10-04 02:00:00,Michal Guzik,Mateusz Sikon,0.3735783340581157,Mateusz Sikon,0.6264216659418842,Solid,False,0.4421470293362806,0.3786882004911096,0.37446582,0.3024236732313788,0.3701669440582866,,,,20261004-002030,2026-10-04 00:20:36.639894,0.0,2026-10-05 00:38:39
574537-9,574537,2026-10-04,2026-10-04 02:10:00,Kacper Kwiatkowski,Adam Staniczek,0.5311944379126432,Kacper Kwiatkowski,0.5311944379126432,Coin flip,False,0.5580408290097889,0.56046434386167,0.51776046,0.4634062123327314,0.5563003487506577,,,,20261004-002030,2026-10-04 00:20:36.639894,0.0,2026-10-05 06:40:35
574765-9,574765,2026-10-04,2026-10-04 02:10:00,Szymon Brud,Bartek Sulkowski,0.6861665531159171,Szymon Brud,0.6861665531159171,Solid,False,0.5916452012527202,0.7577166620312509,0.6923784,0.7003129143308982,0.6887795862084298,,,,20261004-002030,2026-10-04 00:20:36.639894,0.0,2026-10-05 00:38:39
574535-9,574535,2026-10-04,2026-10-04 02:10:00,Rafal Stapor,Jakub Glanowski,0.2990020112063007,Jakub Glanowski,0.7009979887936992,Strong,False,0.3621339431704015,0.3120973298467211,0.32106125,0.2959701970767492,0.2037473323899634,,,,20261004-002030,2026-10-04 00:20:36.639894,1.0,2026-10-05 00:38:39
574999-3,574999,2026-10-04,2026-10-04 02:20:00,Kamil Kowalski,Pawel Kurek,0.3061993747921128,Pawel Kurek,0.6938006252078872,Solid,False,0.2671019804033567,0.3382609212579229,0.2889249,0.335713466610746,0.3009956030110025,,,,20261004-002030,2026-10-04 00:20:36.639894,0.0,2026-10-05 00:38:39
574505-9,574505,2026-10-04,2026-10-04 02:25:00,Mariusz Adamus,Piotr Ostachowski,0.4760620307339323,Piotr Ostachowski,0.5239379692660677,Coin flip,True,0.4769631941712993,0.5845993619146405,0.50227726,0.4805230591503157,0.3359472833751173,,,,20261004-002030,2026-10-04 00:20:36.639894,1.0,2026-10-05 06:40:35
574535-10,574535,2026-10-04,2026-10-04 02:35:00,Adam Linek,Karol Sulkowski,0.5587786303021356,Adam Linek,0.5587786303021356,Lean,False,0.5460320073253847,0.5403400865353768,0.5343821,0.5898897776493713,0.5832491751268876,,,,20261004-002030,2026-10-04 00:20:36.639894,1.0,2026-10-05 06:40:35
574537-10,574537,2026-10-04,2026-10-04 02:35:00,Zbigniew Nocun,Grzegorz Mucha,0.4171454355105179,Grzegorz Mucha,0.582854564489482,Lean,False,0.3977747073807342,0.3974045577508898,0.46327928,0.4002002658460963,0.4270683694886113,,,,20261004-002030,2026-10-04 00:20:36.639894,1.0,2026-10-05 06:40:35
574765-10,574765,2026-10-04,2026-10-04 02:35:00,Milosz Kukawka,Jakub Nadolny,0.3916566901145332,Jakub Nadolny,0.6083433098854668,Lean,False,0.4502714341843374,0.3428498597308459,0.42087594,0.3298574635874011,0.4144287563234839,,,,20261004-002030,2026-10-04 00:20:36.639894,1.0,2026-10-05 06:40:35
574505-10,574505,2026-10-04,2026-10-04 02:45:00,Grzegorz Sawicki,Mateusz Sikon,0.2663565545913066,Mateusz Sikon,0.7336434454086934,Strong,False,0.282789529725174,0.2141742234139178,0.27514222,0.3097053633606276,0.2499714338139146,,,,20261004-002030,2026-10-04 00:20:36.639894,0.0,2026-10-05 06:40:35
574999-4,574999,2026-10-04,2026-10-04 02:45:00,Dawid Dytko,Jakub Nowak,0.5109170512731883,Dawid Dytko,0.5109170512731883,Coin flip,False,0.5089590168243943,0.4989450703893666,0.53930104,0.5445439825489131,0.4628361488148763,,,,20261004-002030,2026-10-04 00:20:36.639894,1.0,2026-10-05 06:40:35
574537-11,574537,2026-10-04,2026-10-04 03:00:00,Jerzy Michalik,Kacper Kwiatkowski,0.612645487310602,Jerzy Michalik,0.612645487310602,Lean,False,0.628077134298745,0.5717407460998983,0.61297196,0.6270383136131634,0.6233992810429424,,,,20261004-002030,2026-10-04 00:20:36.639894,1.0,2026-10-05 06:40:35
574999-5,574999,2026-10-04,2026-10-04 03:10:00,Pawel Kurek,Wojciech Urban,0.5496082012904481,Pawel Kurek,0.5496082012904481,Coin flip,False,0.4847390204111573,0.6540412329134011,0.55091953,0.5609452668550983,0.4973959534967045,,,,20261004-002030,2026-10-04 00:20:36.639894,0.0,2026-10-05 06:40:35
574505-11,574505,2026-10-04,2026-10-04 03:10:00,Michal Guzik,Mariusz Adamus,0.7518429653277002,Michal Guzik,0.7518429653277002,Strong,False,0.6154703348204451,0.7980531943178016,0.75344646,0.822918366391515,0.7693264713385368,,,,20261004-002030,2026-10-04 00:20:36.639894,1.0,2026-10-05 06:40:35
574537-12,574537,2026-10-04,2026-10-04 03:25:00,Adam Staniczek,Andrzej Szurgot,0.5448670421605837,Adam Staniczek,0.5448670421605837,Coin flip,False,0.4911897583019507,0.5730841544568241,0.5737262,0.5370140045776624,0.5493211162509049,,,,20261004-002030,2026-10-04 00:20:36.639894,1.0,2026-10-05 06:40:35
574999-6,574999,2026-10-04,2026-10-04 03:30:00,Kamil Kowalski,Piotr Gumulinski,0.2619662603896197,Piotr Gumulinski,0.7380337396103803,Strong,False,0.2287295308259819,0.2705924380756053,0.2941452,0.2480434668941411,0.2683206694761157,,,,20261004-002030,2026-10-04 00:20:36.639894,0.0,2026-10-05 06:40:35
574505-12,574505,2026-10-04,2026-10-04 03:35:00,Piotr Ostachowski,Adam Ruszkiewicz,0.4385729094003679,Adam Ruszkiewicz,0.5614270905996321,Lean,True,0.4122839783966323,0.3984977082290667,0.4496818,0.4565446771139403,0.4758563945792624,,,,20261004-002030,2026-10-04 00:20:36.639894,0.0,2026-10-05 06:40:35
574537-13,574537,2026-10-04,2026-10-04 03:45:00,Zbigniew Nocun,Kacper Kwiatkowski,0.5571872131938966,Zbigniew Nocun,0.5571872131938966,Lean,False,0.5317426733808996,0.5997795462012989,0.5809128,0.5163849704513778,0.5571160474904723,,,,20261004-002030,2026-10-04 00:20:36.639894,0.0,2026-10-05 06:40:35
574999-7,574999,2026-10-04,2026-10-04 03:55:00,Jakub Nowak,Wojciech Urban,0.3265116500754728,Wojciech Urban,0.6734883499245272,Solid,False,0.3907383154207696,0.305901416404801,0.2890496,0.2655500569233398,0.3813188660340474,,,,20261004-002030,2026-10-04 00:20:36.639894,0.0,2026-10-05 06:40:35
574505-13,574505,2026-10-04,2026-10-04 04:00:00,Grzegorz Sawicki,Mariusz Adamus,0.4669760788118371,Mariusz Adamus,0.5330239211881629,Coin flip,False,0.4421515676990197,0.5048932446766432,0.44234702,0.4889609001091254,0.4565276616635848,,,,20261004-002030,2026-10-04 00:20:36.639894,0.0,2026-10-05 06:40:35
574537-14,574537,2026-10-04,2026-10-04 04:10:00,Grzegorz Mucha,Andrzej Szurgot,0.5514877224220405,Grzegorz Mucha,0.5514877224220405,Lean,False,0.4806045465952641,0.5683102054996164,0.5565271,0.5508675407300383,0.6011292411335805,,,,20261004-002030,2026-10-04 00:20:36.639894,1.0,2026-10-05 06:40:35
574999-8,574999,2026-10-04,2026-10-04 04:20:00,Dawid Dytko,Kamil Kowalski,0.6958899820862761,Dawid Dytko,0.6958899820862761,Solid,False,0.566941677747611,0.6913755327100471,0.7276622,0.7767091721031963,0.7167613221744198,,,,20261004-002030,2026-10-04 00:20:36.639894,1.0,2026-10-05 06:40:35
574505-14,574505,2026-10-04,2026-10-04 04:20:00,Mateusz Sikon,Adam Ruszkiewicz,0.5362296511495706,Mateusz Sikon,0.5362296511495706,Coin flip,False,0.5580224868766942,0.551818067909082,0.5653627,0.5342619618980604,0.4716830471847437,,,,20261004-002030,2026-10-04 00:20:36.639894,0.0,2026-10-05 06:40:35
574537-15,574537,2026-10-04,2026-10-04 04:35:00,Jerzy Michalik,Adam Staniczek,0.689201436096821,Jerzy Michalik,0.689201436096821,Solid,False,0.7234341745195622,0.6932534426795793,0.70890445,0.6915455670865082,0.6288695510270992,,,,20261004-002030,2026-10-04 00:20:36.639894,1.0,2026-10-05 06:40:35
574505-15,574505,2026-10-04,2026-10-04 04:45:00,Michal Guzik,Piotr Ostachowski,0.6205357866081507,Michal Guzik,0.6205357866081507,Solid,True,0.5456122205098397,0.6222221134035557,0.6377763,0.6979680342943311,0.5991002496207771,,,,20261004-002030,2026-10-04 00:20:36.639894,0.0,2026-10-05 06:40:35
574999-9,574999,2026-10-04,2026-10-04 04:45:00,Pawel Kurek,Piotr Gumulinski,0.503616915258583,Pawel Kurek,0.503616915258583,Coin flip,False,0.4446831055533469,0.5302218555245705,0.46565536,0.6068998795399838,0.4706243790294296,,,,20261004-002030,2026-10-04 00:20:36.639894,1.0,2026-10-05 06:40:35
574517-1,574517,2026-10-04,2026-10-04 05:00:00,Krystian Kolodziej,Karol Wisniewski,0.6571143685073492,Krystian Kolodziej,0.6571143685073492,Solid,False,0.5486816476068404,0.6415422778967566,0.6817934,0.7608044747470543,0.6527500505815355,,,,20261004-002030,2026-10-04 00:20:36.639894,0.0,2026-10-04 03:45:56
574511-1,574511,2026-10-04,2026-10-04 05:00:00,Artur Szoltysek,Piotr Krukar,0.4887859750116684,Piotr Krukar,0.5112140249883316,Coin flip,False,0.6596345839213035,0.3959402397267626,0.4305139,0.4253455057930483,0.5324956570197393,,,,20261004-002030,2026-10-04 00:20:36.639894,1.0,2026-10-04 03:45:56
574513-1,574513,2026-10-04,2026-10-04 05:00:00,Marcin Marchlewski,Kacper Makowski,0.4871876542869232,Kacper Makowski,0.5128123457130768,Coin flip,False,0.5168076985212207,0.4886880337282726,0.50127214,0.4181402107886366,0.5110301864630451,,,,20261004-002030,2026-10-04 00:20:36.639894,1.0,2026-10-04 03:45:56
574515-1,574515,2026-10-04,2026-10-04 05:00:00,Dariusz Swider,Witold Buczynski,0.733214154483364,Dariusz Swider,0.733214154483364,Strong,False,0.7698167211335807,0.6695449788542006,0.6803202,0.7452148020323435,0.8011740670924046,,,,20261004-002030,2026-10-04 00:20:36.639894,1.0,2026-10-04 03:45:56
574999-10,574999,2026-10-04,2026-10-04 05:05:00,Jakub Nowak,Kamil Kowalski,0.5030824138769953,Jakub Nowak,0.5030824138769953,Coin flip,False,0.5081529586358252,0.556078648244609,0.5114259,0.4282847458502292,0.5114698042740946,,,,20261004-002030,2026-10-04 00:20:36.639894,0.0,2026-10-05 06:40:35
574501-1,574501,2026-10-04,2026-10-04 05:10:00,Wojciech Pytlas,Piotr Zemla,0.7078581920796356,Wojciech Pytlas,0.7078581920796356,Strong,False,0.6013879629340189,0.7739523671491906,0.7144722,0.7415505448914296,0.7079279107790688,,,,20261004-002030,2026-10-04 00:20:36.639894,0.0,2026-10-04 03:45:56
574513-2,574513,2026-10-04,2026-10-04 05:20:00,Tadeusz Piotrowski,Piotr Maruszak,0.424610124694914,Piotr Maruszak,0.575389875305086,Lean,False,0.4944772220155259,0.4108822067935812,0.4246951,0.3986877993058167,0.3943082909990654,,,,20261004-002030,2026-10-04 00:20:36.639894,1.0,2026-10-04 03:45:56
574511-2,574511,2026-10-04,2026-10-04 05:25:00,Mikolaj Lukaszewski,Adrian Eliasz,0.2838515484041962,Adrian Eliasz,0.7161484515958038,Strong,False,0.3446559093790425,0.26260131773285,0.23588291,0.3072218149512645,0.2688957918519739,,,,20261004-002030,2026-10-04 00:20:36.639894,0.0,2026-10-04 03:45:56
574515-2,574515,2026-10-04,2026-10-04 05:25:00,Wojciech Wojtaszczyk,Jakub Jesiek,0.483339790992655,Jakub Jesiek,0.5166602090073449,Coin flip,False,0.5173395739382425,0.4990780107168002,0.4842168,0.4819522448156784,0.4341123162197882,,,,20261004-002030,2026-10-04 00:20:36.639894,1.0,2026-10-04 03:45:56
574517-2,574517,2026-10-04,2026-10-04 05:25:00,Kacper Szurlej,Daniel Kostal,0.5633365737935885,Kacper Szurlej,0.5633365737935885,Lean,True,0.3593873976623548,0.6125401450694709,0.59215796,0.6790737355062617,0.5735236307918059,,,,20261004-002030,2026-10-04 00:20:36.639894,0.0,2026-10-04 03:45:56
574999-11,574999,2026-10-04,2026-10-04 05:30:00,Dawid Dytko,Pawel Kurek,0.3243119015350041,Pawel Kurek,0.6756880984649959,Solid,False,0.3252668241058946,0.3205122807562643,0.29796445,0.3350239043852681,0.3427920447303889,,,,20261004-002030,2026-10-04 00:20:36.639894,0.0,2026-10-05 06:40:35
574501-2,574501,2026-10-04,2026-10-04 05:35:00,Waldemar Jozala,Krzysztof Juszczyk,0.4479773051673976,Krzysztof Juszczyk,0.5520226948326024,Lean,False,0.4827025931957373,0.4299368535120235,0.45941743,0.4359635411479026,0.4318661054347088,,,,20261004-002030,2026-10-04 00:20:36.639894,1.0,2026-10-04 13:02:19
574513-3,574513,2026-10-04,2026-10-04 05:40:00,Piotr Staniszewski,Mateusz Zagajewski,0.5,Piotr Staniszewski,0.5,Coin flip,True,0.5,0.5,0.5,0.4999999999999999,0.5,,,,20261004-002030,2026-10-04 00:20:36.639894,1.0,2026-10-04 13:02:19
574517-3,574517,2026-10-04,2026-10-04 05:45:00,Petr David,Marcin Jadczyk,0.286107317608433,Marcin Jadczyk,0.713892682391567,Strong,False,0.2741669373417073,0.2816723871682992,0.31337836,0.2952045674255898,0.2661143322588363,,,,20261004-002030,2026-10-04 00:20:36.639894,1.0,2026-10-04 13:02:19
574515-3,574515,2026-10-04,2026-10-04 05:50:00,Rafal Idaczyk,Pawel Polok,0.3781047577727695,Pawel Polok,0.6218952422272305,Solid,False,0.3255801829345243,0.4622753305292102,0.34666646,0.3719562442145601,0.3840455759166934,,,,20261004-002030,2026-10-04 00:20:36.639894,0.0,2026-10-04 13:02:19
574511-3,574511,2026-10-04,2026-10-04 05:50:00,Wojciech Iwasyszyn,Bartlomiej Wisniewski,0.4664653814430893,Bartlomiej Wisniewski,0.5335346185569106,Coin flip,False,0.2520362047803624,0.4242831357133356,0.5723098,0.552837189446609,0.530860585233361,,,,20261004-002030,2026-10-04 00:20:36.639894,0.0,2026-10-04 13:02:19
574999-12,574999,2026-10-04,2026-10-04 05:55:00,Piotr Gumulinski,Wojciech Urban,0.6251773063770565,Piotr Gumulinski,0.6251773063770565,Solid,False,0.5390521082227273,0.7385957579940103,0.6496493,0.6717215084500012,0.5268678351856145,,,,20261004-002030,2026-10-04 00:20:36.639894,0.0,2026-10-05 06:40:35
574501-3,574501,2026-10-04,2026-10-04 06:00:00,Mariusz Koczyba,Henryk Tkaczyk,0.500501457283226,Mariusz Koczyba,0.500501457283226,Coin flip,False,0.4368988016063581,0.5150609147089275,0.50447404,0.5424866622790361,0.5035868639756781,,,,20261004-002030,2026-10-04 00:20:36.639894,1.0,2026-10-04 13:02:19
574513-4,574513,2026-10-04,2026-10-04 06:00:00,Marcin Marchlewski,Tadeusz Piotrowski,0.4189298454072748,Tadeusz Piotrowski,0.5810701545927252,Lean,False,0.4225263483020575,0.4280049898561562,0.42766222,0.3841814982836106,0.4322741670170503,,,,20261004-002030,2026-10-04 00:20:36.639894,1.0,2026-10-04 13:02:19
574511-4,574511,2026-10-04,2026-10-04 06:10:00,Artur Szoltysek,Mikolaj Lukaszewski,0.5483242535743937,Artur Szoltysek,0.5483242535743937,Coin flip,False,0.5872441560245333,0.5947671347951436,0.52462345,0.5239674246987468,0.5110190987364487,,,,20261004-002030,2026-10-04 00:20:36.639894,0.0,2026-10-04 13:02:19
574515-4,574515,2026-10-04,2026-10-04 06:10:00,Dariusz Swider,Wojciech Wojtaszczyk,0.3789723068730592,Wojciech Wojtaszczyk,0.6210276931269407,Solid,False,0.4677984858104062,0.4094766252034172,0.37000015,0.3067574838105587,0.34082878576093,,,,20261004-002030,2026-10-04 00:20:36.639894,0.0,2026-10-04 13:02:19
574517-4,574517,2026-10-04,2026-10-04 06:10:00,Krystian Kolodziej,Kacper Szurlej,0.5276170593503171,Krystian Kolodziej,0.5276170593503171,Coin flip,True,0.5649394626756464,0.4677706296115708,0.4869649,0.4341954690086073,0.6842148242333027,,,,20261004-002030,2026-10-04 00:20:36.639894,1.0,2026-10-04 13:02:19
574999-13,574999,2026-10-04,2026-10-04 06:20:00,Jakub Nowak,Pawel Kurek,0.3117023332911902,Pawel Kurek,0.6882976667088098,Solid,False,0.316209848000817,0.3404287546980515,0.30640298,0.3035297304414903,0.2919403520343117,,,,20261004-002030,2026-10-04 00:20:36.639894,0.0,2026-10-05 06:40:35
574513-5,574513,2026-10-04,2026-10-04 06:25:00,Mateusz Zagajewski,Kacper Makowski,0.5921270447901689,Mateusz Zagajewski,0.5921270447901689,Lean,True,0.5004327211833764,0.574748480661688,0.5723809,0.678690123627519,0.6343829980952651,,,,20261004-002030,2026-10-04 00:20:36.639894,1.0,2026-10-04 13:02:19
574501-4,574501,2026-10-04,2026-10-04 06:25:00,Wojciech Pytlas,Waldemar Jozala,0.5912050379275186,Wojciech Pytlas,0.5912050379275186,Lean,False,0.6532830007154009,0.5681035567676969,0.56030464,0.6051553080080058,0.5691786824228562,,,,20261004-002030,2026-10-04 00:20:36.639894,1.0,2026-10-04 13:02:19
574511-5,574511,2026-10-04,2026-10-04 06:30:00,Bartlomiej Wisniewski,Piotr Krukar,0.694803651180891,Bartlomiej Wisniewski,0.694803651180891,Solid,False,0.6803105860179657,0.7756855537894891,0.7270869,0.6439701750027617,0.6469650394295043,,,,20261004-002030,2026-10-04 00:20:36.639894,1.0,2026-10-04 13:02:19
574515-5,574515,2026-10-04,2026-10-04 06:30:00,Pawel Polok,Witold Buczynski,0.698879997183115,Pawel Polok,0.698879997183115,Solid,False,0.6660811378637487,0.7458936923667178,0.7141914,0.7202370679928108,0.6479967105293643,,,,20261004-002030,2026-10-04 00:20:36.639894,0.0,2026-10-04 13:02:19
574517-5,574517,2026-10-04,2026-10-04 06:30:00,Marcin Jadczyk,Karol Wisniewski,0.6211864054565585,Marcin Jadczyk,0.6211864054565585,Solid,False,0.5984658328967556,0.5898323269534822,0.6082714,0.6330890893827672,0.6762733580478036,,,,20261004-002030,2026-10-04 00:20:36.639894,1.0,2026-10-04 13:02:19
574999-14,574999,2026-10-04,2026-10-04 06:40:00,Kamil Kowalski,Wojciech Urban,0.3192486781351135,Wojciech Urban,0.6807513218648865,Solid,False,0.334461556653104,0.3041693872718258,0.319085,0.3275899825192186,0.3109374622859233,,,,20261004-002030,2026-10-04 00:20:36.639894,0.0,2026-10-05 06:40:35
574501-5,574501,2026-10-04,2026-10-04 06:50:00,Henryk Tkaczyk,Piotr Zemla,0.7120724463054532,Henryk Tkaczyk,0.7120724463054532,Strong,False,0.5648676426511068,0.747614258982187,0.7302011,0.6948781992951868,0.8228010054538263,,,,20261004-002030,2026-10-04 00:20:36.639894,1.0,2026-10-04 13:02:19
574513-6,574513,2026-10-04,2026-10-04 06:50:00,Piotr Staniszewski,Piotr Maruszak,0.4851874182738299,Piotr Maruszak,0.5148125817261702,Coin flip,True,0.4037876586573948,0.5541879509633135,0.48119727,0.4943514154294233,0.4924127985482504,,,,20261004-002030,2026-10-04 00:20:36.639894,0.0,2026-10-04 13:02:19
574511-6,574511,2026-10-04,2026-10-04 06:55:00,Wojciech Iwasyszyn,Adrian Eliasz,0.5029583023791473,Wojciech Iwasyszyn,0.5029583023791473,Coin flip,False,0.4043377028540968,0.4277572850860605,0.5670955,0.602243251740605,0.5133577541027917,,,,20261004-002030,2026-10-04 00:20:36.639894,1.0,2026-10-04 13:02:19
574515-6,574515,2026-10-04,2026-10-04 06:55:00,Rafal Idaczyk,Jakub Jesiek,0.3602664052412767,Jakub Jesiek,0.6397335947587233,Solid,False,0.4143665654754175,0.3607198869533189,0.3743656,0.287459358200887,0.3644206176134267,,,,20261004-002030,2026-10-04 00:20:36.639894,0.0,2026-10-04 13:02:19
574517-6,574517,2026-10-04,2026-10-04 06:55:00,Petr David,Daniel Kostal,0.6124523084848297,Petr David,0.6124523084848297,Lean,False,0.5380958763709602,0.5909547745990551,0.628296,0.6927656266019822,0.6121492472053611,,,,20261004-002030,2026-10-04 00:20:36.639894,1.0,2026-10-04 13:02:19
574999-15,574999,2026-10-04,2026-10-04 07:05:00,Dawid Dytko,Piotr Gumulinski,0.3068238483816327,Piotr Gumulinski,0.6931761516183673,Solid,False,0.2794358699924577,0.3120710608747263,0.33743942,0.2968012119104387,0.3083716812914905,,,,20261004-002030,2026-10-04 00:20:36.639894,1.0,2026-10-05 06:40:35
574501-6,574501,2026-10-04,2026-10-04 07:10:00,Mariusz Koczyba,Krzysztof Juszczyk,0.657820090032921,Mariusz Koczyba,0.657820090032921,Solid,False,0.5685493491605158,0.6440153802171975,0.7004429,0.7363359880104715,0.6397568225820225,,,,20261004-002030,2026-10-04 00:20:36.639894,1.0,2026-10-04 13:02:19
574511-7,574511,2026-10-04,2026-10-04 07:15:00,Mikolaj Lukaszewski,Piotr Krukar,0.4501358375759128,Piotr Krukar,0.5498641624240872,Coin flip,False,0.4930649740829248,0.4713948163126526,0.44781834,0.4280336381157673,0.4103674204972172,,,,20261004-002030,2026-10-04 00:20:36.639894,0.0,2026-10-04 13:02:19
574513-7,574513,2026-10-04,2026-10-04 07:15:00,Tadeusz Piotrowski,Kacper Makowski,0.4888474138324913,Kacper Makowski,0.5111525861675087,Coin flip,False,0.4924458927362253,0.4730875982474883,0.4634754,0.5499632276589979,0.4652649443498535,,,,20261004-002030,2026-10-04 00:20:36.639894,1.0,2026-10-04 13:02:19
574515-7,574515,2026-10-04,2026-10-04 07:15:00,Wojciech Wojtaszczyk,Witold Buczynski,0.5498435260302093,Wojciech Wojtaszczyk,0.5498435260302093,Coin flip,False,0.5830167241785034,0.5450341692991605,0.55273485,0.5543287804345378,0.5141031044016865,,,,20261004-002030,2026-10-04 00:20:36.639894,1.0,2026-10-04 13:02:19
574517-7,574517,2026-10-04,2026-10-04 07:15:00,Kacper Szurlej,Karol Wisniewski,0.3971658737523567,Karol Wisniewski,0.6028341262476433,Lean,True,0.4769506841862444,0.3833567649780499,0.396991,0.3478086542014915,0.3807222509154065,,,,20261004-002030,2026-10-04 00:20:36.639894,0.0,2026-10-04 13:02:19
574495-1,574495,2026-10-04,2026-10-04 07:30:00,Patryk Jedrzejak,Michal Oracz,0.6933545497216478,Patryk Jedrzejak,0.6933545497216478,Solid,True,0.8084196884128165,0.6469739052754377,0.632102,0.5903424138506124,0.7889347284350949,,,,20261004-002030,2026-10-04 00:20:36.639894,1.0,2026-10-04 13:02:19
574501-7,574501,2026-10-04,2026-10-04 07:35:00,Waldemar Jozala,Piotr Zemla,0.336312037936659,Piotr Zemla,0.663687962063341,Solid,False,0.3773517822350659,0.3238033211245937,0.32878324,0.3223684061288028,0.3292534363002551,,,,20261004-002030,2026-10-04 00:20:36.639894,0.0,2026-10-04 13:02:19
574513-8,574513,2026-10-04,2026-10-04 07:35:00,Marcin Marchlewski,Piotr Staniszewski,0.3984265496813419,Piotr Staniszewski,0.601573450318658,Lean,True,0.5158026846851023,0.4303379319482382,0.38091746,0.3190751419168194,0.3459995301302159,,,,20261004-002030,2026-10-04 00:20:36.639894,1.0,2026-10-04 13:02:19
574517-8,574517,2026-10-04,2026-10-04 07:40:00,Krystian Kolodziej,Petr David,0.3723925303544128,Petr David,0.6276074696455872,Solid,False,0.5204426312094196,0.3235010791827884,0.32190093,0.3035679428238741,0.3925500645750394,,,,20261004-002030,2026-10-04 00:20:36.639894,0.0,2026-10-04 13:02:19
574511-8,574511,2026-10-04,2026-10-04 07:40:00,Artur Szoltysek,Wojciech Iwasyszyn,0.4164735289365764,Wojciech Iwasyszyn,0.5835264710634236,Lean,False,0.5431617855839893,0.3912852404691046,0.4008853,0.373305179798294,0.3737301250821808,,,,20261004-002030,2026-10-04 00:20:36.639894,1.0,2026-10-04 13:02:19
574515-8,574515,2026-10-04,2026-10-04 07:40:00,Dariusz Swider,Rafal Idaczyk,0.4103660937786207,Rafal Idaczyk,0.5896339062213792,Lean,False,0.424061333073262,0.4260884290628227,0.41467232,0.441225365014912,0.3457830266214101,,,,20261004-002030,2026-10-04 00:20:36.639894,0.0,2026-10-04 13:02:19
574495-2,574495,2026-10-04,2026-10-04 07:55:00,Lukasz Oracz,Igor Szymanski,0.6755130468286711,Lukasz Oracz,0.6755130468286711,Solid,False,0.7011465542684314,0.6132008141098971,0.63033,0.6731424879771722,0.7597453516381046,,,,20261004-002030,2026-10-04 00:20:36.639894,1.0,2026-10-04 13:02:19
574501-8,574501,2026-10-04,2026-10-04 08:00:00,Wojciech Pytlas,Mariusz Koczyba,0.4089171891465321,Mariusz Koczyba,0.5910828108534679,Lean,False,0.4214723098463516,0.4123748019502182,0.40581435,0.3520561949635999,0.4528682893211537,,,,20261004-002030,2026-10-04 00:20:36.639894,1.0,2026-10-04 13:02:19
574513-9,574513,2026-10-04,2026-10-04 08:00:00,Mateusz Zagajewski,Piotr Maruszak,0.379378468258822,Piotr Maruszak,0.6206215317411781,Solid,True,0.4013055480027137,0.4274013367008309,0.3541408,0.3655303363234161,0.3485143319504225,,,,20261004-002030,2026-10-04 00:20:36.639894,0.0,2026-10-04 13:02:19
574511-9,574511,2026-10-04,2026-10-04 08:05:00,Bartlomiej Wisniewski,Adrian Eliasz,0.4831696478137401,Adrian Eliasz,0.5168303521862598,Coin flip,False,0.4983235592555505,0.5118163849339659,0.47668445,0.4699542078068748,0.4590696359690989,,,,20261004-002030,2026-10-04 00:20:36.639894,0.0,2026-10-04 13:02:19
574515-9,574515,2026-10-04,2026-10-04 08:05:00,Pawel Polok,Jakub Jesiek,0.3817941876408081,Jakub Jesiek,0.6182058123591918,Lean,False,0.6007702846807115,0.319483820990618,0.3317525,0.3026894089316271,0.354274914722376,,,,20261004-002030,2026-10-04 00:20:36.639894,0.0,2026-10-04 13:02:19
574517-9,574517,2026-10-04,2026-10-04 08:05:00,Marcin Jadczyk,Daniel Kostal,0.5841085617811821,Marcin Jadczyk,0.5841085617811821,Lean,False,0.6092023452244559,0.5846721269252434,0.5975467,0.5766452554721376,0.5524763846211703,,,,20261004-002030,2026-10-04 00:20:36.639894,1.0,2026-10-04 13:02:19
574495-3,574495,2026-10-04,2026-10-04 08:20:00,Maciej Malecha,Sebastian Szostok,0.5932523909227985,Maciej Malecha,0.5932523909227985,Lean,True,0.3197189000910165,0.6890364889322506,0.6739431,0.6520179835517145,0.6315454796792388,,,,20261004-002030,2026-10-04 00:20:36.639894,1.0,2026-10-04 13:02:19
574501-9,574501,2026-10-04,2026-10-04 08:25:00,Henryk Tkaczyk,Krzysztof Juszczyk,0.597482597445981,Henryk Tkaczyk,0.597482597445981,Lean,False,0.6601268690517466,0.5674826552073049,0.59878975,0.6120777440655287,0.5489359673756309,,,,20261004-002030,2026-10-04 00:20:36.639894,1.0,2026-10-04 13:02:19
574513-10,574513,2026-10-04,2026-10-04 08:25:00,Tadeusz Piotrowski,Piotr Staniszewski,0.5798584599102501,Tadeusz Piotrowski,0.5798584599102501,Lean,True,0.5933752573024865,0.6017064324906365,0.5652625,0.5899847927885179,0.5489633204982041,,,,20261004-002030,2026-10-04 00:20:36.639894,1.0,2026-10-04 13:02:19
574511-10,574511,2026-10-04,2026-10-04 08:30:00,Mikolaj Lukaszewski,Wojciech Iwasyszyn,0.4962156237685075,Wojciech Iwasyszyn,0.5037843762314924,Coin flip,False,0.4549591169137328,0.5492532578587721,0.49750018,0.5602770198347113,0.419088543037201,,,,20261004-002030,2026-10-04 00:20:36.639894,0.0,2026-10-04 13:02:19
574515-10,574515,2026-10-04,2026-10-04 08:30:00,Wojciech Wojtaszczyk,Rafal Idaczyk,0.5455664869449087,Wojciech Wojtaszczyk,0.5455664869449087,Coin flip,False,0.5550954032460089,0.5748487603923952,0.58394504,0.5956019030772297,0.4183413320744616,,,,20261004-002030,2026-10-04 00:20:36.639894,0.0,2026-10-04 13:02:19
574517-10,574517,2026-10-04,2026-10-04 08:30:00,Kacper Szurlej,Petr David,0.3729374620736757,Petr David,0.6270625379263243,Solid,True,0.4549812510093247,0.4050475729520292,0.34708112,0.3046749417757395,0.3529024198487228,,,,20261004-002030,2026-10-04 00:20:36.639894,0.0,2026-10-04 13:02:19
574495-4,574495,2026-10-04,2026-10-04 08:45:00,Patryk Jedrzejak,Lukasz Oracz,0.5413214943102606,Patryk Jedrzejak,0.5413214943102606,Coin flip,False,0.5065905739142733,0.5518337499717558,0.58540106,0.5245780870956103,0.5382040023726417,,,,20261004-002030,2026-10-04 00:20:36.639894,1.0,2026-10-04 13:02:19
574501-10,574501,2026-10-04,2026-10-04 08:45:00,Waldemar Jozala,Mariusz Koczyba,0.4013197919152314,Mariusz Koczyba,0.5986802080847686,Lean,False,0.4128896125332819,0.3974735760182708,0.41521785,0.392822052517327,0.3881958718752734,,,,20261004-002030,2026-10-04 00:20:36.639894,0.0,2026-10-04 13:02:19
574513-11,574513,2026-10-04,2026-10-04 08:50:00,Marcin Marchlewski,Mateusz Zagajewski,0.4235572182458782,Mateusz Zagajewski,0.5764427817541218,Lean,True,0.5172345261787675,0.4250656297880019,0.41584906,0.3717672973557027,0.3878695780867436,,,,20261004-002030,2026-10-04 00:20:36.639894,1.0,2026-10-04 13:02:19
574517-11,574517,2026-10-04,2026-10-04 08:55:00,Krystian Kolodziej,Marcin Jadczyk,0.3343996531468436,Marcin Jadczyk,0.6656003468531564,Solid,False,0.397718300321187,0.3332791171184775,0.26716727,0.2295515776085712,0.4442820005024191,,,,20261004-002030,2026-10-04 00:20:36.639894,0.0,2026-10-04 13:02:19
574511-11,574511,2026-10-04,2026-10-04 08:55:00,Artur Szoltysek,Bartlomiej Wisniewski,0.3250188701652846,Bartlomiej Wisniewski,0.6749811298347154,Solid,False,0.3978808432935323,0.2748448519776152,0.31284866,0.3150165439831172,0.3245034542025448,,,,20261004-002030,2026-10-04 00:20:36.639894,1.0,2026-10-04 13:02:19
574515-11,574515,2026-10-04,2026-10-04 08:55:00,Dariusz Swider,Pawel Polok,0.3393407752151848,Pawel Polok,0.6606592247848152,Solid,False,0.3850248158826609,0.3035446302833012,0.32010818,0.3152375632816991,0.3727886913505527,,,,20261004-002030,2026-10-04 00:20:36.639894,0.0,2026-10-04 13:02:19
574495-5,574495,2026-10-04,2026-10-04 09:10:00,Sebastian Szostok,Michal Oracz,0.5696873096493047,Sebastian Szostok,0.5696873096493047,Lean,True,0.5418641047327784,0.6084998368202216,0.50983137,0.5956278408090927,0.5926133969612435,,,,20261004-002030,2026-10-04 00:20:36.639894,1.0,2026-10-04 13:02:19
574501-11,574501,2026-10-04,2026-10-04 09:10:00,Wojciech Pytlas,Henryk Tkaczyk,0.5199538601856208,Wojciech Pytlas,0.5199538601856208,Coin flip,False,0.4722678385171105,0.550118126425366,0.5738187,0.6020705710275422,0.4014940813338175,,,,20261004-002030,2026-10-04 00:20:36.639894,0.0,2026-10-04 13:02:19
574513-12,574513,2026-10-04,2026-10-04 09:15:00,Piotr Maruszak,Kacper Makowski,0.5015072341655058,Piotr Maruszak,0.5015072341655058,Coin flip,False,0.4994017277626962,0.428794965914427,0.54776895,0.5302776621562619,0.501292864531802,,,,20261004-002030,2026-10-04 00:20:36.639894,0.0,2026-10-04 13:02:19
574511-12,574511,2026-10-04,2026-10-04 09:20:00,Adrian Eliasz,Piotr Krukar,0.651468081190121,Adrian Eliasz,0.651468081190121,Solid,False,0.6356166099100908,0.6346051361057561,0.66151875,0.6848743917311719,0.6407255156286651,,,,20261004-002030,2026-10-04 00:20:36.639894,1.0,2026-10-04 13:02:19
574515-12,574515,2026-10-04,2026-10-04 09:20:00,Jakub Jesiek,Witold Buczynski,0.6432703971042788,Jakub Jesiek,0.6432703971042788,Solid,False,0.568590851007282,0.657625788324738,0.6683854,0.6697779584434054,0.6519720012789884,,,,20261004-002030,2026-10-04 00:20:36.639894,1.0,2026-10-04 13:02:19
574517-12,574517,2026-10-04,2026-10-04 09:20:00,Daniel Kostal,Karol Wisniewski,0.5273257473405434,Daniel Kostal,0.5273257473405434,Coin flip,False,0.4876348599876928,0.5623155725314997,0.5553498,0.5254657977025126,0.5058626796682676,,,,20261004-002030,2026-10-04 00:20:36.639894,1.0,2026-10-04 13:02:19
574495-6,574495,2026-10-04,2026-10-04 09:30:00,Maciej Malecha,Igor Szymanski,0.4044235969775613,Igor Szymanski,0.5955764030224386,Lean,True,0.4571288209149672,0.3754828648489383,0.39960915,0.3501239590558588,0.4397731915656924,,,,20261004-002030,2026-10-04 00:20:36.639894,1.0,2026-10-04 13:02:19
574501-12,574501,2026-10-04,2026-10-04 09:35:00,Krzysztof Juszczyk,Piotr Zemla,0.4513813262159561,Piotr Zemla,0.5486186737840439,Coin flip,False,0.4482552558129845,0.3636213065569827,0.46405736,0.4916633229662306,0.4893093896244265,,,,20261004-002030,2026-10-04 00:20:36.639894,0.0,2026-10-04 13:02:19
574511-13,574511,2026-10-04,2026-10-04 09:40:00,Mikolaj Lukaszewski,Bartlomiej Wisniewski,0.3335575702863795,Bartlomiej Wisniewski,0.6664424297136204,Solid,False,0.3605821887051475,0.3523817704181412,0.3588971,0.2909360194922351,0.3049907828581829,,,,20261004-002030,2026-10-04 00:20:36.639894,0.0,2026-10-04 13:02:19
574513-13,574513,2026-10-04,2026-10-04 09:40:00,Tadeusz Piotrowski,Mateusz Zagajewski,0.585261641643527,Tadeusz Piotrowski,0.585261641643527,Lean,True,0.5930985445376075,0.6017064324906365,0.5764586,0.6154901976157093,0.539554460232312,,,,20261004-002030,2026-10-04 00:20:36.639894,1.0,2026-10-04 13:02:19
574515-13,574515,2026-10-04,2026-10-04 09:45:00,Wojciech Wojtaszczyk,Pawel Polok,0.3272164523846542,Pawel Polok,0.6727835476153459,Solid,False,0.367070331438645,0.2594876976666965,0.31687707,0.2994108983498182,0.39323626737903,,,,20261004-002030,2026-10-04 00:20:36.639894,0.0,2026-10-04 13:02:19
574517-13,574517,2026-10-04,2026-10-04 09:45:00,Kacper Szurlej,Marcin Jadczyk,0.2679176893272559,Marcin Jadczyk,0.7320823106727441,Strong,True,0.3817408671958775,0.2608620803729202,0.30204022,0.2179663626441544,0.1769789171163816,,,,20261004-002030,2026-10-04 00:20:36.639894,0.0,2026-10-04 13:02:19
574495-7,574495,2026-10-04,2026-10-04 09:55:00,Lukasz Oracz,Michal Oracz,0.6443643015963952,Lukasz Oracz,0.6443643015963952,Solid,True,0.5651519390409725,0.6439587113291816,0.6134402,0.6578849700340098,0.741385671990196,,,,20261004-002030,2026-10-04 00:20:36.639894,0.0,2026-10-04 13:02:19
574501-13,574501,2026-10-04,2026-10-04 10:00:00,Waldemar Jozala,Henryk Tkaczyk,0.3552904311159727,Henryk Tkaczyk,0.6447095688840272,Solid,False,0.3657495494810799,0.3554632527251545,0.33297443,0.2969433427566781,0.4253215767180252,,,,20261004-002030,2026-10-04 00:20:36.639894,0.0,2026-10-04 13:02:19
574517-14,574517,2026-10-04,2026-10-04 10:05:00,Petr David,Karol Wisniewski,0.4575002529175063,Karol Wisniewski,0.5424997470824937,Coin flip,False,0.5189128090698637,0.4658685559910301,0.44006008,0.4272024251142774,0.4354573953146124,,,,20261004-002030,2026-10-04 00:20:36.639894,1.0,2026-10-04 13:02:19
574513-14,574513,2026-10-04,2026-10-04 10:05:00,Piotr Staniszewski,Kacper Makowski,0.3687345723754905,Kacper Makowski,0.6312654276245094,Solid,True,0.4952725970369684,0.30990528209311,0.33215183,0.3520142101540949,0.3543289423968985,,,,20261004-002030,2026-10-04 00:20:36.639894,1.0,2026-10-04 13:02:19
574515-14,574515,2026-10-04,2026-10-04 10:10:00,Rafal Idaczyk,Witold Buczynski,0.4392123681024889,Witold Buczynski,0.5607876318975111,Lean,False,0.5252972936024286,0.3416897936117843,0.43349022,0.4523369659992002,0.4432475705670061,,,,20261004-002030,2026-10-04 00:20:36.639894,1.0,2026-10-04 13:02:19
574511-14,574511,2026-10-04,2026-10-04 10:10:00,Wojciech Iwasyszyn,Piotr Krukar,0.478470178072554,Piotr Krukar,0.521529821927446,Coin flip,False,0.5842099682587767,0.4549104969992077,0.4848744,0.446243191415031,0.4221128361735041,,,,20261004-002030,2026-10-04 00:20:36.639894,1.0,2026-10-04 13:02:19
574495-8,574495,2026-10-04,2026-10-04 10:20:00,Patryk Jedrzejak,Maciej Malecha,0.4479961294167894,Maciej Malecha,0.5520038705832105,Lean,True,0.5719002788886826,0.4049740764521975,0.421241,0.3892163920682616,0.452648914281281,,,,20261004-002030,2026-10-04 00:20:36.639894,1.0,2026-10-04 13:02:19
574501-14,574501,2026-10-04,2026-10-04 10:20:00,Mariusz Koczyba,Piotr Zemla,0.274205689483903,Piotr Zemla,0.725794310516097,Strong,False,0.4600258674107281,0.1972493738451654,0.24384889,0.206755398424286,0.2631489176731885,,,,20261004-002030,2026-10-04 00:20:36.639894,1.0,2026-10-04 13:02:19
574513-15,574513,2026-10-04,2026-10-04 10:30:00,Marcin Marchlewski,Piotr Maruszak,0.3801985697260277,Piotr Maruszak,0.6198014302739723,Lean,False,0.4193775292849975,0.3833762075502986,0.36797288,0.3478164840423454,0.382449747150614,,,,20261004-002030,2026-10-04 00:20:36.639894,0.0,2026-10-04 13:02:19
574517-15,574517,2026-10-04,2026-10-04 10:30:00,Krystian Kolodziej,Daniel Kostal,0.40194498409522,Daniel Kostal,0.5980550159047799,Lean,False,0.5086773463217462,0.3866643654400225,0.3459699,0.348062815088127,0.420350508038512,,,,20261004-002030,2026-10-04 00:20:36.639894,1.0,2026-10-04 13:02:19
574511-15,574511,2026-10-04,2026-10-04 10:35:00,Artur Szoltysek,Adrian Eliasz,0.4315188016027746,Adrian Eliasz,0.5684811983972253,Lean,False,0.4463344418981025,0.4355525220506555,0.43408912,0.4141320928172436,0.427485827045143,,,,20261004-002030,2026-10-04 00:20:36.639894,0.0,2026-10-04 13:02:19
574515-15,574515,2026-10-04,2026-10-04 10:35:00,Dariusz Swider,Jakub Jesiek,0.4861837527194757,Jakub Jesiek,0.5138162472805243,Coin flip,False,0.4865370454355235,0.5084093721525477,0.5009457,0.5013701709336108,0.4336564877816904,,,,20261004-002030,2026-10-04 00:20:36.639894,1.0,2026-10-04 13:02:19
574495-9,574495,2026-10-04,2026-10-04 10:45:00,Sebastian Szostok,Igor Szymanski,0.4452132671075024,Igor Szymanski,0.5547867328924976,Lean,False,0.3952227784558444,0.4981786247818253,0.440065,0.3874723763205692,0.5051275594983313,,,,20261004-002030,2026-10-04 00:20:36.639894,1.0,2026-10-04 13:02:19
574501-15,574501,2026-10-04,2026-10-04 10:45:00,Wojciech Pytlas,Krzysztof Juszczyk,0.6321141603403445,Wojciech Pytlas,0.6321141603403445,Solid,False,0.6807426040869011,0.6597017044758566,0.5824468,0.5981495575766034,0.6395301219789871,,,,20261004-002030,2026-10-04 00:20:36.639894,0.0,2026-10-04 13:02:19
574519-1,574519,2026-10-04,2026-10-04 11:00:00,Bartlomiej Wisniewski,Piotr Krukar,0.6325790901188855,Bartlomiej Wisniewski,0.6325790901188855,Solid,False,0.6655029396865365,0.6556714461250395,0.6380186,0.5886621701205502,0.6150402865690396,,,,20261004-002030,2026-10-04 00:20:36.639894,0.0,2026-10-04 13:02:19
574521-1,574521,2026-10-04,2026-10-04 11:00:00,Mateusz Zagajewski,Piotr Staniszewski,0.4343908098166348,Piotr Staniszewski,0.5656091901833652,Lean,True,0.4985665969468262,0.4236414435631515,0.43426552,0.3809206971801526,0.4345597872441026,,,,20261004-002030,2026-10-04 00:20:36.639894,1.0,2026-10-04 13:02:19
574523-1,574523,2026-10-04,2026-10-04 11:00:00,Pawel Polok,Witold Buczynski,0.6623996085043293,Pawel Polok,0.6623996085043293,Solid,False,0.6530475077192064,0.6500698820893293,0.7117517,0.6852701919598443,0.6118587613056345,,,,20261004-002030,2026-10-04 00:20:36.639894,1.0,2026-10-04 13:02:19
574525-1,574525,2026-10-04,2026-10-04 11:00:00,Petr David,Karol Wisniewski,0.5873635439332403,Petr David,0.5873635439332403,Lean,False,0.5345608559386708,0.6040136363451241,0.59169114,0.6312500597967579,0.5753020312254804,,,,20261004-002030,2026-10-04 00:20:36.639894,1.0,2026-10-04 13:02:19
574495-10,574495,2026-10-04,2026-10-04 11:05:00,Lukasz Oracz,Maciej Malecha,0.6443643015963952,Lukasz Oracz,0.6443643015963952,Solid,True,0.5651519390409725,0.6439587113291816,0.6134402,0.6578849700340098,0.741385671990196,,,,20261004-002030,2026-10-04 00:20:36.639894,1.0,2026-10-04 13:02:19
574525-2,574525,2026-10-04,2026-10-04 11:20:00,Krystian Kolodziej,Krzysztof Kapik,0.4631045402722161,Krzysztof Kapik,0.536895459727784,Coin flip,False,0.599525842185569,0.4773096406889003,0.4812598,0.425786336462341,0.3316410889811333,,,,20261004-002030,2026-10-04 00:20:36.639894,0.0,2026-10-04 13:02:19
574521-2,574521,2026-10-04,2026-10-04 11:20:00,Marcin Marchlewski,Kacper Szurlej,0.5815518097627885,Marcin Marchlewski,0.5815518097627885,Lean,True,0.5310024577789869,0.5892999874620092,0.58668774,0.5885664014935797,0.6122024584155791,,,,20261004-002030,2026-10-04 00:20:36.639894,0.0,2026-10-04 13:02:19
574523-2,574523,2026-10-04,2026-10-04 11:25:00,Wojciech Wojtaszczyk,Jakub Jesiek,0.5194790191160884,Wojciech Wojtaszczyk,0.5194790191160884,Coin flip,False,0.5212019016164371,0.5075759832826906,0.5107992,0.5482408515011221,0.5095771300351422,,,,20261004-002030,2026-10-04 00:20:36.639894,1.0,2026-10-04 13:02:19
574519-2,574519,2026-10-04,2026-10-04 11:25:00,Artur Szoltysek,Wojciech Iwasyszyn,0.5061807592415488,Artur Szoltysek,0.5061807592415488,Coin flip,False,0.5447163788405367,0.4668979846944286,0.53738534,0.4789527226704845,0.5029513654969842,,,,20261004-002030,2026-10-04 00:20:36.639894,0.0,2026-10-04 13:02:19
574495-11,574495,2026-10-04,2026-10-04 11:30:00,Patryk Jedrzejak,Sebastian Szostok,0.4259228866905646,Sebastian Szostok,0.5740771133094353,Lean,False,0.5343988860938395,0.407134016312451,0.43522024,0.3224401549145779,0.4304211345853234,,,,20261004-002030,2026-10-04 00:20:36.639894,1.0,2026-10-04 13:02:19
574525-3,574525,2026-10-04,2026-10-04 11:40:00,Daniel Kostal,Marcin Jadczyk,0.3647505225825984,Marcin Jadczyk,0.6352494774174016,Solid,False,0.3945173374880903,0.3597287268558843,0.33646464,0.3730054660908019,0.3600364389998219,,,,20261004-002030,2026-10-04 00:20:36.639894,0.0,2026-10-04 13:02:19
574521-3,574521,2026-10-04,2026-10-04 11:45:00,Kacper Makowski,Piotr Maruszak,0.4855041561090594,Piotr Maruszak,0.5144958438909406,Coin flip,False,0.5115303378637919,0.517371512483527,0.4441015,0.443096514653962,0.5114209031119179,,,,20261004-002030,2026-10-04 00:20:36.639894,1.0,2026-10-04 13:02:19
574519-3,574519,2026-10-04,2026-10-04 11:50:00,Tadeusz Piotrowski,Adrian Eliasz,0.5145234834959883,Tadeusz Piotrowski,0.5145234834959883,Coin flip,False,0.4979026415297397,0.5319347356311137,0.5216029,0.5102136414314795,0.5109634702491502,,,,20261004-002030,2026-10-04 00:20:36.639894,0.0,2026-10-04 13:02:19
574523-3,574523,2026-10-04,2026-10-04 11:50:00,Rafal Idaczyk,Dariusz Swider,0.5613315777853914,Rafal Idaczyk,0.5613315777853914,Lean,False,0.5731017861966221,0.6364421722804107,0.5602628,0.5380553004793506,0.4987958307075731,,,,20261004-002030,2026-10-04 00:20:36.639894,0.0,2026-10-04 13:02:19
574495-12,574495,2026-10-04,2026-10-04 11:55:00,Igor Szymanski,Michal Oracz,0.718232193730899,Igor Szymanski,0.718232193730899,Strong,True,0.5471365353335258,0.7100885703173044,0.74189794,0.8132761609359105,0.7787617614320725,,,,20261004-002030,2026-10-04 00:20:36.639894,0.0,2026-10-04 13:02:19
574525-4,574525,2026-10-04,2026-10-04 12:00:00,Petr David,Krystian Kolodziej,0.5611477411721514,Petr David,0.5611477411721514,Lean,False,0.4767836921586326,0.6179495070871898,0.59239244,0.5869621798538744,0.5316508821504642,,,,20261004-002030,2026-10-04 00:20:36.639894,1.0,2026-10-04 13:02:19
574521-4,574521,2026-10-04,2026-10-04 12:05:00,Mateusz Zagajewski,Marcin Marchlewski,0.4142056392800709,Marcin Marchlewski,0.5857943607199291,Lean,True,0.4704256882607431,0.4084422451365192,0.4077678,0.3830492118266262,0.401343248699583,,,,20261004-002030,2026-10-04 00:20:36.639894,0.0,2026-10-04 13:02:19
574523-4,574523,2026-10-04,2026-10-04 12:10:00,Pawel Polok,Wojciech Wojtaszczyk,0.6429709562459696,Pawel Polok,0.6429709562459696,Solid,False,0.6287233529372988,0.6986456842073474,0.6605276,0.6307345295876472,0.5962236275606034,,,,20261004-002030,2026-10-04 00:20:36.639894,0.0,2026-10-04 13:02:19
574519-4,574519,2026-10-04,2026-10-04 12:10:00,Bartlomiej Wisniewski,Artur Szoltysek,0.6148133286945864,Bartlomiej Wisniewski,0.6148133286945864,Lean,False,0.5946593182529745,0.6965966911030196,0.56209594,0.6159391982428729,0.6047754957609972,,,,20261004-002030,2026-10-04 00:20:36.639894,1.0,2026-10-04 13:02:19
574495-13,574495,2026-10-04,2026-10-04 12:20:00,Lukasz Oracz,Sebastian Szostok,0.4609062487904932,Sebastian Szostok,0.5390937512095068,Coin flip,False,0.5264043633150004,0.4346112058558058,0.44978634,0.472861635768941,0.4208677037828449,,,,20261004-002030,2026-10-04 00:20:36.639894,1.0,2026-10-04 13:02:19
574525-5,574525,2026-10-04,2026-10-04 12:25:00,Marcin Jadczyk,Karol Wisniewski,0.6723262038445617,Marcin Jadczyk,0.6723262038445617,Solid,False,0.6070589812187202,0.662516728770598,0.64610565,0.7028931225349497,0.743056539611443,,,,20261004-002030,2026-10-04 00:20:36.639894,1.0,2026-10-04 13:02:19
574521-5,574521,2026-10-04,2026-10-04 12:30:00,Piotr Maruszak,Piotr Staniszewski,0.5698945797991202,Piotr Maruszak,0.5698945797991202,Lean,True,0.5950882092318132,0.5285630384901241,0.58600163,0.5276376653388777,0.6121823513370077,,,,20261004-002030,2026-10-04 00:20:36.639894,1.0,2026-10-04 13:02:19
574519-5,574519,2026-10-04,2026-10-04 12:35:00,Adrian Eliasz,Piotr Krukar,0.5711440205310514,Adrian Eliasz,0.5711440205310514,Lean,False,0.6207589882309871,0.5418749390934283,0.57887286,0.5640681532831393,0.5501451625697049,,,,20261004-002030,2026-10-04 00:20:36.639894,0.0,2026-10-04 13:02:19
574523-5,574523,2026-10-04,2026-10-04 12:35:00,Dariusz Swider,Witold Buczynski,0.6341716682795357,Dariusz Swider,0.6341716682795357,Solid,False,0.5579550054431385,0.6236793268546134,0.6590048,0.7030147911326772,0.6272044104950205,,,,20261004-002030,2026-10-04 00:20:36.639894,0.0,2026-10-04 13:02:19
574495-14,574495,2026-10-04,2026-10-04 12:40:00,Maciej Malecha,Michal Oracz,0.3691423628205285,Michal Oracz,0.6308576371794714,Solid,True,0.4971332174545261,0.3629796848088482,0.35239345,0.2786015457456477,0.3546039177408068,,,,20261004-002030,2026-10-04 00:20:36.639894,1.0,2026-10-04 13:02:19
574525-6,574525,2026-10-04,2026-10-04 12:50:00,Daniel Kostal,Krzysztof Kapik,0.3910204857183958,Krzysztof Kapik,0.6089795142816041,Lean,False,0.4468934205016101,0.3773992380701647,0.38499644,0.3565561799750796,0.3892571460582321,,,,20261004-002030,2026-10-04 00:20:36.639894,1.0,2026-10-04 13:02:19
574521-6,574521,2026-10-04,2026-10-04 12:55:00,Kacper Makowski,Kacper Szurlej,0.5357283638439361,Kacper Makowski,0.5357283638439361,Coin flip,True,0.5081870972133973,0.5261648136018805,0.56214607,0.5257901957400744,0.5563536450450043,,,,20261004-002030,2026-10-04 00:20:36.639894,0.0,2026-10-04 13:02:19
574519-6,574519,2026-10-04,2026-10-04 13:00:00,Tadeusz Piotrowski,Wojciech Iwasyszyn,0.6777069843176886,Tadeusz Piotrowski,0.6777069843176886,Solid,False,0.58881577013894,0.7632439151021406,0.6739545,0.7253054773394747,0.6372152721609637,,,,20261004-002030,2026-10-04 00:20:36.639894,1.0,2026-10-04 13:02:19
574523-6,574523,2026-10-04,2026-10-04 13:00:00,Rafal Idaczyk,Jakub Jesiek,0.3847743070770775,Jakub Jesiek,0.6152256929229225,Lean,False,0.4301746302842074,0.4561884209762491,0.36560726,0.3065459364267077,0.3653552860405087,,,,20261004-002030,2026-10-04 00:20:36.639894,0.0,2026-10-04 13:02:19
574495-15,574495,2026-10-04,2026-10-04 13:05:00,Patryk Jedrzejak,Igor Szymanski,0.5771667643736244,Patryk Jedrzejak,0.5771667643736244,Lean,False,0.5291057905937859,0.6133954090238916,0.6090157,0.5663086431542327,0.5680082758949172,,,,20261004-002030,2026-10-04 00:20:36.639894,1.0,2026-10-04 13:02:19
574525-7,574525,2026-10-04,2026-10-04 13:15:00,Krystian Kolodziej,Karol Wisniewski,0.6092260480280249,Krystian Kolodziej,0.6092260480280249,Lean,False,0.555044928949912,0.5530089339709653,0.6541835,0.7009290321070937,0.582963838146516,,,,20261004-002030,2026-10-04 00:20:36.639894,1.0,2026-10-04 13:02:19
574521-7,574521,2026-10-04,2026-10-04 13:20:00,Marcin Marchlewski,Piotr Staniszewski,0.4982277153766098,Piotr Staniszewski,0.5017722846233901,Coin flip,True,0.5270024437588634,0.4920592264371758,0.5001732,0.4813331238791943,0.4905705717100983,,,,20261004-002030,2026-10-04 00:20:36.639894,1.0,2026-10-04 13:02:19
574519-7,574519,2026-10-04,2026-10-04 13:25:00,Artur Szoltysek,Piotr Krukar,0.6367879430978562,Artur Szoltysek,0.6367879430978562,Solid,False,0.6224240725312453,0.6640403151290035,0.6313337,0.6886481022327823,0.5774935168331276,,,,20261004-002030,2026-10-04 00:20:36.639894,0.0,2026-10-04 13:02:19
574523-7,574523,2026-10-04,2026-10-04 13:25:00,Wojciech Wojtaszczyk,Witold Buczynski,0.5643095208543679,Wojciech Wojtaszczyk,0.5643095208543679,Lean,False,0.5743856026422026,0.5270611599242223,0.5963081,0.5976225998783704,0.5261701296825736,,,,20261004-002030,2026-10-04 00:20:36.639894,0.0,2026-10-04 13:02:19
574497-1,574497,2026-10-04,2026-10-04 13:30:00,Sebastian Szostok,Michal Oracz,0.4806231964693058,Michal Oracz,0.5193768035306942,Coin flip,True,0.5435475001991199,0.4433645262207672,0.44815487,0.4718217726181672,0.4962273166130706,,,,20261004-002030,2026-10-04 00:20:36.639894,0.0,2026-10-04 13:02:19
574525-8,574525,2026-10-04,2026-10-04 13:40:00,Petr David,Daniel Kostal,0.4734658371967205,Daniel Kostal,0.5265341628032796,Coin flip,False,0.5349150100258517,0.3791798392900724,0.46790072,0.4749422812645213,0.5103913321842388,,,,20261004-002030,2026-10-04 00:20:36.639894,1.0,2026-10-04 13:02:19
574521-8,574521,2026-10-04,2026-10-04 13:45:00,Mateusz Zagajewski,Kacper Makowski,0.4226784100665118,Kacper Makowski,0.5773215899334881,Lean,True,0.4903799513142965,0.384225229840199,0.39401743,0.4383841229690699,0.4063853180492799,,,,20261004-002030,2026-10-04 00:20:36.639894,0.0,2026-10-04 13:02:19
574519-8,574519,2026-10-04,2026-10-04 13:50:00,Bartlomiej Wisniewski,Tadeusz Piotrowski,0.4053573218651883,Tadeusz Piotrowski,0.5946426781348118,Lean,False,0.4995042906967464,0.2962114357253043,0.3730486,0.4301249157703121,0.4278973635988801,,,,20261004-002030,2026-10-04 00:20:36.639894,0.0,2026-10-04 13:02:19
574523-8,574523,2026-10-04,2026-10-04 13:50:00,Pawel Polok,Rafal Idaczyk,0.7050105726085745,Pawel Polok,0.7050105726085745,Strong,False,0.66916826517016,0.6555040043831051,0.7296935,0.7536118248648669,0.7170752962393335,,,,20261004-002030,2026-10-04 00:20:36.639894,1.0,2026-10-04 13:02:19
574497-2,574497,2026-10-04,2026-10-04 13:55:00,Lukasz Oracz,Igor Szymanski,0.567514505072132,Lukasz Oracz,0.567514505072132,Lean,False,0.5206755093477908,0.5996553813071434,0.5510748,0.5837403944903252,0.5824264373398816,,,,20261004-002030,2026-10-04 00:20:36.639894,0.0,2026-10-04 13:02:19
574525-9,574525,2026-10-04,2026-10-04 14:05:00,Marcin Jadczyk,Krzysztof Kapik,0.4576076712257005,Krzysztof Kapik,0.5423923287742994,Coin flip,False,0.5535765893824103,0.4525933111416537,0.45284867,0.3762838302507669,0.4527359524868505,,,,20261004-002030,2026-10-04 00:20:36.639894,1.0,2026-10-04 13:02:19
574521-9,574521,2026-10-04,2026-10-04 14:10:00,Piotr Maruszak,Kacper Szurlej,0.5165796372300682,Piotr Maruszak,0.5165796372300682,Coin flip,True,0.5912139966414525,0.4565141125404164,0.53099,0.5145570238881416,0.4896230485408401,,,,20261004-002030,2026-10-04 00:20:36.639894,0.0,2026-10-04 13:02:19
574519-9,574519,2026-10-04,2026-10-04 14:15:00,Adrian Eliasz,Wojciech Iwasyszyn,0.5240597877148901,Adrian Eliasz,0.5240597877148901,Coin flip,False,0.5850113879232237,0.5708286558662754,0.5007965,0.4372848154229766,0.5263775824938416,,,,20261004-002030,2026-10-04 00:20:36.639894,1.0,2026-10-04 13:02:19
574523-9,574523,2026-10-04,2026-10-04 14:15:00,Dariusz Swider,Jakub Jesiek,0.5099984861691587,Dariusz Swider,0.5099984861691587,Coin flip,False,0.501622668936023,0.4662840673110766,0.5393469,0.5710785835947357,0.4716602372437346,,,,20261004-002030,2026-10-04 00:20:36.639894,1.0,2026-10-04 13:02:19
574497-3,574497,2026-10-04,2026-10-04 14:20:00,Maciej Malecha,Patryk Jedrzejak,0.448265282989066,Patryk Jedrzejak,0.551734717010934,Lean,True,0.4241737919623769,0.4752238265293391,0.4563684,0.4785225602946588,0.4070378494135018,,,,20261004-002030,2026-10-04 00:20:36.639894,0.0,2026-10-04 13:02:19
574525-10,574525,2026-10-04,2026-10-04 14:30:00,Krystian Kolodziej,Daniel Kostal,0.4458300256788766,Daniel Kostal,0.5541699743211235,Lean,False,0.5085451236027373,0.4527839009991835,0.3980245,0.4080161113217722,0.4617804930543384,,,,20261004-002030,2026-10-04 00:20:36.639894,1.0,2026-10-04 13:02:19
574521-10,574521,2026-10-04,2026-10-04 14:35:00,Marcin Marchlewski,Kacper Makowski,0.5006315973544209,Marcin Marchlewski,0.5006315973544209,Coin flip,False,0.5202632145537037,0.523964680586339,0.5152506,0.4502363902040579,0.4934430782018376,,,,20261004-002030,2026-10-04 00:20:36.639894,0.0,2026-10-04 13:02:19
574519-10,574519,2026-10-04,2026-10-04 14:40:00,Artur Szoltysek,Tadeusz Piotrowski,0.4384498723043653,Tadeusz Piotrowski,0.5615501276956347,Lean,False,0.4537672089603276,0.4189671723996559,0.4172303,0.438486479395425,0.4637981927105399,,,,20261004-002030,2026-10-04 00:20:36.639894,1.0,2026-10-04 21:15:25
574523-10,574523,2026-10-04,2026-10-04 14:40:00,Wojciech Wojtaszczyk,Rafal Idaczyk,0.5895115194665105,Wojciech Wojtaszczyk,0.5895115194665105,Lean,False,0.544303946592301,0.6090229810040519,0.63780516,0.6642557957933017,0.4921697100825765,,,,20261004-002030,2026-10-04 00:20:36.639894,1.0,2026-10-04 21:15:25
574497-4,574497,2026-10-04,2026-10-04 14:45:00,Sebastian Szostok,Lukasz Oracz,0.4951642694591258,Lukasz Oracz,0.5048357305408742,Coin flip,False,0.4837597968229624,0.5395060383097826,0.48224336,0.5153967546848512,0.4549153983891353,,,,20261004-002030,2026-10-04 00:20:36.639894,1.0,2026-10-04 21:15:25
574525-11,574525,2026-10-04,2026-10-04 14:55:00,Petr David,Marcin Jadczyk,0.3819274577356192,Marcin Jadczyk,0.6180725422643808,Lean,False,0.42725439655975,0.3459002901464029,0.3790102,0.350484183888355,0.4069882175830996,,,,20261004-002030,2026-10-04 00:20:36.639894,1.0,2026-10-04 21:15:25
574521-11,574521,2026-10-04,2026-10-04 15:00:00,Mateusz Zagajewski,Piotr Maruszak,0.439425909753744,Piotr Maruszak,0.5605740902462559,Lean,True,0.4060175229854298,0.4782239898707272,0.43736362,0.4669249792266912,0.4085994321131178,,,,20261004-002030,2026-10-04 00:20:36.639894,1.0,2026-10-04 21:15:25
574523-11,574523,2026-10-04,2026-10-04 15:05:00,Pawel Polok,Dariusz Swider,0.5738440987149006,Pawel Polok,0.5738440987149006,Lean,False,0.6013426491370868,0.5804439090699137,0.6081019,0.5789202811835766,0.5004117497916833,,,,20261004-002030,2026-10-04 00:20:36.639894,0.0,2026-10-04 21:15:25
574519-11,574519,2026-10-04,2026-10-04 15:05:00,Bartlomiej Wisniewski,Adrian Eliasz,0.4817609456713675,Adrian Eliasz,0.5182390543286325,Coin flip,False,0.5019938115305441,0.4628468017687603,0.49104387,0.4610901103131911,0.491830139063647,,,,20261004-002030,2026-10-04 00:20:36.639894,0.0,2026-10-04 21:15:25
574497-5,574497,2026-10-04,2026-10-04 15:10:00,Patryk Jedrzejak,Michal Oracz,0.5949529731886505,Patryk Jedrzejak,0.5949529731886505,Lean,True,0.5772260364480479,0.6322837557682598,0.591683,0.5491777961226103,0.6243943070804999,,,,20261004-002030,2026-10-04 00:20:36.639894,1.0,2026-10-04 21:15:25
574525-12,574525,2026-10-04,2026-10-04 15:20:00,Krzysztof Kapik,Karol Wisniewski,0.6838162322807169,Krzysztof Kapik,0.6838162322807169,Solid,False,0.6025679984003132,0.6462429605585351,0.6918584,0.7257605642344604,0.7526512273750088,,,,20261004-002030,2026-10-04 00:20:36.639894,1.0,2026-10-04 21:15:25
574521-12,574521,2026-10-04,2026-10-04 15:25:00,Kacper Szurlej,Piotr Staniszewski,0.6010264963565601,Kacper Szurlej,0.6010264963565601,Lean,True,0.5028667825454738,0.6523008648398319,0.6029563,0.6557032761512367,0.59130526323283,,,,20261004-002030,2026-10-04 00:20:36.639894,1.0,2026-10-04 21:15:25
574497-6,574497,2026-10-04,2026-10-04 15:30:00,Maciej Malecha,Igor Szymanski,0.4197241564483511,Igor Szymanski,0.5802758435516489,Lean,True,0.4651401425031966,0.3815227499205149,0.38538665,0.4263015368425671,0.4402697071815619,,,,20261004-002030,2026-10-04 00:20:36.639894,0.0,2026-10-04 21:15:25
574519-12,574519,2026-10-04,2026-10-04 15:30:00,Wojciech Iwasyszyn,Piotr Krukar,0.6117938724150701,Wojciech Iwasyszyn,0.6117938724150701,Lean,False,0.5850258474042612,0.7056326100600537,0.60354733,0.5964452253000613,0.5683183446399537,,,,20261004-002030,2026-10-04 00:20:36.639894,1.0,2026-10-04 21:15:25
574523-12,574523,2026-10-04,2026-10-04 15:30:00,Jakub Jesiek,Witold Buczynski,0.6256686981658076,Jakub Jesiek,0.6256686981658076,Solid,False,0.5549378827441305,0.667914103933045,0.6223906,0.6674780377368308,0.615622838554009,,,,20261004-002030,2026-10-04 00:20:36.639894,1.0,2026-10-04 21:15:25
574525-13,574525,2026-10-04,2026-10-04 15:45:00,Krystian Kolodziej,Marcin Jadczyk,0.3334710451307085,Marcin Jadczyk,0.6665289548692914,Solid,False,0.4002317564482301,0.3004601490811808,0.26682886,0.2281827809683437,0.4716516743429368,,,,20261004-002030,2026-10-04 00:20:36.639894,1.0,2026-10-04 21:15:25
574521-13,574521,2026-10-04,2026-10-04 15:50:00,Marcin Marchlewski,Piotr Maruszak,0.3816041309646485,Piotr Maruszak,0.6183958690353515,Lean,False,0.4337407741177319,0.3311885144692341,0.38558874,0.3306494915422007,0.4268531393520501,,,,20261004-002030,2026-10-04 00:20:36.639894,1.0,2026-10-04 21:15:25
574523-13,574523,2026-10-04,2026-10-04 15:55:00,Wojciech Wojtaszczyk,Dariusz Swider,0.4638176092950778,Dariusz Swider,0.5361823907049221,Coin flip,False,0.5195819274408683,0.4432912161938219,0.46481383,0.4365212444949434,0.454879829877433,,,,20261004-002030,2026-10-04 00:20:36.639894,1.0,2026-10-04 21:15:25
574497-7,574497,2026-10-04,2026-10-04 15:55:00,Lukasz Oracz,Michal Oracz,0.6313143652686083,Lukasz Oracz,0.6313143652686083,Solid,True,0.5579227264088236,0.6093503489154235,0.6248811,0.6236956297601208,0.7407220325250004,,,,20261004-002030,2026-10-04 00:20:36.639894,1.0,2026-10-04 21:15:25
574519-13,574519,2026-10-04,2026-10-04 15:55:00,Artur Szoltysek,Adrian Eliasz,0.477968044688736,Adrian Eliasz,0.522031955311264,Coin flip,False,0.4548145067925771,0.493199814276431,0.49614888,0.5004535745741411,0.4452234435041137,,,,20261004-002030,2026-10-04 00:20:36.639894,1.0,2026-10-04 21:15:25
574525-14,574525,2026-10-04,2026-10-04 16:10:00,Daniel Kostal,Karol Wisniewski,0.4599201086542605,Karol Wisniewski,0.5400798913457395,Coin flip,False,0.4939108012843731,0.4081697154135464,0.49554068,0.4436293895713299,0.4583499585009237,,,,20261004-002030,2026-10-04 00:20:36.639894,0.0,2026-10-04 21:15:25
574521-14,574521,2026-10-04,2026-10-04 16:15:00,Kacper Makowski,Piotr Staniszewski,0.406903488424066,Piotr Staniszewski,0.5930965115759339,Lean,True,0.503887529744896,0.3546756105844151,0.4087494,0.369481981341584,0.3977229188800685,,,,20261004-002030,2026-10-04 00:20:36.639894,0.0,2026-10-04 21:15:25
574497-8,574497,2026-10-04,2026-10-04 16:20:00,Sebastian Szostok,Maciej Malecha,0.4786605791080143,Maciej Malecha,0.5213394208919857,Coin flip,True,0.5421246150084964,0.4562327554638167,0.44893917,0.4781583823141927,0.4678479683398847,,,,20261004-002030,2026-10-04 00:20:36.639894,1.0,2026-10-04 21:15:25
574519-14,574519,2026-10-04,2026-10-04 16:20:00,Tadeusz Piotrowski,Piotr Krukar,0.6007473714342018,Tadeusz Piotrowski,0.6007473714342018,Lean,False,0.6623632803064304,0.5131988261538263,0.589962,0.5874302763067789,0.6507824687887386,,,,20261004-002030,2026-10-04 00:20:36.639894,0.0,2026-10-04 21:15:25
574523-14,574523,2026-10-04,2026-10-04 16:20:00,Rafal Idaczyk,Witold Buczynski,0.4633022995234931,Witold Buczynski,0.5366977004765069,Coin flip,False,0.5276263732503932,0.3677068674797962,0.4775205,0.4646668415339256,0.4789909197001979,,,,20261004-002030,2026-10-04 00:20:36.639894,0.0,2026-10-04 21:15:25
574521-15,574521,2026-10-04,2026-10-04 16:35:00,Mateusz Zagajewski,Kacper Szurlej,0.4348718444615255,Kacper Szurlej,0.5651281555384745,Lean,True,0.4985665969468262,0.4260466167876046,0.43426552,0.3809206971801526,0.4345597872441026,,,,20261004-002030,2026-10-04 00:20:36.639894,0.0,2026-10-04 21:15:25
574525-15,574525,2026-10-04,2026-10-04 16:35:00,Petr David,Krzysztof Kapik,0.4621218734488507,Krzysztof Kapik,0.5378781265511493,Coin flip,False,0.4819588000810644,0.4627667699363679,0.49578014,0.4321005205754234,0.4380031364898835,,,,20261004-002030,2026-10-04 00:20:36.639894,1.0,2026-10-04 21:15:25
574519-15,574519,2026-10-04,2026-10-04 16:40:00,Bartlomiej Wisniewski,Wojciech Iwasyszyn,0.6434280508686386,Bartlomiej Wisniewski,0.6434280508686386,Solid,False,0.588335617375171,0.7028400872839137,0.6445677,0.6879048443176488,0.5934919773238571,,,,20261004-002030,2026-10-04 00:20:36.639894,0.0,2026-10-04 21:15:25
574523-15,574523,2026-10-04,2026-10-04 16:40:00,Pawel Polok,Jakub Jesiek,0.4315949131712105,Jakub Jesiek,0.5684050868287894,Lean,False,0.6042695204627596,0.3831333632162967,0.38621265,0.3292937511165575,0.4550652840992268,,,,20261004-002030,2026-10-04 00:20:36.639894,0.0,2026-10-04 21:15:25
574497-9,574497,2026-10-04,2026-10-04 16:45:00,Patryk Jedrzejak,Igor Szymanski,0.5898316971907226,Patryk Jedrzejak,0.5898316971907226,Lean,False,0.5374155396361519,0.6512182197834584,0.5980825,0.5799266973280941,0.5825155463911198,,,,20261004-002030,2026-10-04 00:20:36.639894,1.0,2026-10-04 21:15:25
574527-1,574527,2026-10-04,2026-10-04 17:00:00,Kamil Rudomina,Jakub Glanowski,0.3427640821816723,Jakub Glanowski,0.6572359178183276,Solid,False,0.2736757196771011,0.3016254838247021,0.28502485,0.3188253046305558,0.5346690512154101,,,,20261004-002030,2026-10-04 00:20:36.639894,1.0,2026-10-04 21:15:25
574529-1,574529,2026-10-04,2026-10-04 17:00:00,Kacper Kwiatkowski,Andrzej Szurgot,0.6951464945133489,Kacper Kwiatkowski,0.6951464945133489,Solid,False,0.6542759729398642,0.6254095988833887,0.7211137,0.7161471258090704,0.7587860931412083,,,,20261004-002030,2026-10-04 00:20:36.639894,1.0,2026-10-04 21:15:25
574532-1,574532,2026-10-04,2026-10-04 17:00:00,Lukasz Pietraszko,Bartek Sulkowski,0.6448995048867591,Lukasz Pietraszko,0.6448995048867591,Solid,False,0.6961390973440197,0.5734137042958058,0.6306484,0.6348809544219828,0.6894153938144914,,,,20261004-002030,2026-10-04 00:20:36.639894,1.0,2026-10-04 21:15:25
574497-10,574497,2026-10-04,2026-10-04 17:05:00,Lukasz Oracz,Maciej Malecha,0.6313143652686083,Lukasz Oracz,0.6313143652686083,Solid,True,0.5579227264088236,0.6093503489154235,0.6248811,0.6236956297601208,0.7407220325250004,,,,20261004-002030,2026-10-04 00:20:36.639894,0.0,2026-10-04 21:15:25
574503-1,574503,2026-10-04,2026-10-04 17:10:00,Mateusz Sikon,Adam Ruszkiewicz,0.5502398308883726,Mateusz Sikon,0.5502398308883726,Lean,False,0.5610142106832069,0.5198097463880225,0.5862127,0.5792585145780436,0.504903988147662,,,,20261004-002030,2026-10-04 00:20:36.639894,0.0,2026-10-04 21:15:25
574529-2,574529,2026-10-04,2026-10-04 17:25:00,Zbigniew Nocun,Adam Staniczek,0.5897439024043605,Zbigniew Nocun,0.5897439024043605,Lean,False,0.5888490840389387,0.5141589260489752,0.61664164,0.5881274709154309,0.6409423903553102,,,,20261004-002030,2026-10-04 00:20:36.639894,1.0,2026-10-04 21:15:25
574532-2,574532,2026-10-04,2026-10-04 17:25:00,Krzysztof Kapik,Szymon Brud,0.51563333221496,Krzysztof Kapik,0.51563333221496,Coin flip,False,0.6097127303759822,0.4875057750261002,0.5298957,0.5004010131882926,0.4506514196183666,,,,20261004-002030,2026-10-04 00:20:36.639894,1.0,2026-10-04 21:15:25
574527-2,574527,2026-10-04,2026-10-04 17:25:00,Milosz Kukawka,Rafal Stapor,0.5363635380941524,Milosz Kukawka,0.5363635380941524,Coin flip,False,0.5332584494281672,0.5185923486258754,0.5398848,0.5074275942298456,0.5826544925075523,,,,20261004-002030,2026-10-04 00:20:36.639894,0.0,2026-10-04 21:15:25
574497-11,574497,2026-10-04,2026-10-04 17:30:00,Sebastian Szostok,Patryk Jedrzejak,0.4531789406555015,Patryk Jedrzejak,0.5468210593444984,Coin flip,False,0.468431229983164,0.443197237806441,0.43410292,0.455373370085891,0.4647899427240179,,,,20261004-002030,2026-10-04 00:20:36.639894,1.0,2026-10-04 21:15:25
574503-2,574503,2026-10-04,2026-10-04 17:35:00,Grzegorz Sawicki,Piotr Ostachowski,0.412077587711832,Piotr Ostachowski,0.587922412288168,Lean,True,0.4195436403214026,0.4125744796501431,0.35851634,0.3696219459561665,0.500131537144082,,,,20261004-002030,2026-10-04 00:20:36.639894,1.0,2026-10-04 21:15:25
574532-3,574532,2026-10-04,2026-10-04 17:45:00,Jakub Zochniak,Jakub Nadolny,0.3596682726867964,Jakub Nadolny,0.6403317273132036,Solid,False,0.3333800927905747,0.3370383653531824,0.3331135,0.3234228829095891,0.471386530845449,,,,20261004-002030,2026-10-04 00:20:36.639894,1.0,2026-10-04 21:15:25
574527-3,574527,2026-10-04,2026-10-04 17:50:00,Adam Linek,Karol Sulkowski,0.5886185280087971,Adam Linek,0.5886185280087971,Lean,False,0.5490484776396598,0.5515559617114504,0.5404571,0.6695777876031267,0.6324532836112938,,,,20261004-002030,2026-10-04 00:20:36.639894,0.0,2026-10-04 21:15:25
574529-3,574529,2026-10-04,2026-10-04 17:50:00,Grzegorz Mucha,Henryk Tkaczyk,0.4095306335534729,Henryk Tkaczyk,0.590469366446527,Lean,False,0.4340826780007135,0.4022055288410864,0.41244775,0.3962567622306259,0.4026604481265486,,,,20261004-002030,2026-10-04 00:20:36.639894,0.0,2026-10-04 21:15:25
574497-12,574497,2026-10-04,2026-10-04 17:55:00,Igor Szymanski,Michal Oracz,0.6952956645797506,Igor Szymanski,0.6952956645797506,Solid,True,0.5391365059473054,0.7243624490042709,0.7383537,0.7579551208773393,0.7166705178217903,,,,20261004-002030,2026-10-04 00:20:36.639894,0.0,2026-10-04 21:15:25
574503-3,574503,2026-10-04,2026-10-04 18:00:00,Mariusz Adamus,Michal Guzik,0.2572024241459114,Michal Guzik,0.7427975758540886,Strong,False,0.3723129282938159,0.2387514300855149,0.21841851,0.2098507894281229,0.2466784641540217,,,,20261004-002030,2026-10-04 00:20:36.639894,0.0,2026-10-04 21:15:25
574532-4,574532,2026-10-04,2026-10-04 18:05:00,Lukasz Pietraszko,Krzysztof Kapik,0.5121694641254526,Lukasz Pietraszko,0.5121694641254526,Coin flip,False,0.4988527545885419,0.5062279129783311,0.51067686,0.5082358437492405,0.5368539485018233,,,,20261004-002030,2026-10-04 00:20:36.639894,1.0,2026-10-04 21:15:25
574527-4,574527,2026-10-04,2026-10-04 18:15:00,Kamil Rudomina,Milosz Kukawka,0.5550109960453288,Kamil Rudomina,0.5550109960453288,Lean,False,0.5127714836467897,0.5543917310300448,0.5527366,0.6009759920899618,0.5541791930879909,,,,20261004-002030,2026-10-04 00:20:36.639894,1.0,2026-10-04 21:15:25
574529-4,574529,2026-10-04,2026-10-04 18:15:00,Kacper Kwiatkowski,Zbigniew Nocun,0.4433798532615614,Zbigniew Nocun,0.5566201467384386,Lean,False,0.4573911595771325,0.4109651412838668,0.4154061,0.4820129957089629,0.4511238618353177,,,,20261004-002030,2026-10-04 00:20:36.639894,0.0,2026-10-04 21:15:25
574497-13,574497,2026-10-04,2026-10-04 18:20:00,Lukasz Oracz,Patryk Jedrzejak,0.4404840989244875,Patryk Jedrzejak,0.5595159010755125,Lean,False,0.4832080095611409,0.4522541584167412,0.38763857,0.4135224146833812,0.4657973430829998,,,,20261004-002030,2026-10-04 00:20:36.639894,1.0,2026-10-04 21:15:25
574503-4,574503,2026-10-04,2026-10-04 18:25:00,Mateusz Sikon,Grzegorz Sawicki,0.718596848148125,Mateusz Sikon,0.718596848148125,Strong,False,0.7125457820237698,0.7073262186027807,0.71526587,0.697996032632068,0.7598503373877069,,,,20261004-002030,2026-10-04 00:20:36.639894,0.0,2026-10-04 21:15:25
574532-5,574532,2026-10-04,2026-10-04 18:30:00,Jakub Nadolny,Bartek Sulkowski,0.6780781599476179,Jakub Nadolny,0.6780781599476179,Solid,False,0.7008324799455603,0.6703291089622854,0.70123523,0.6542790584097515,0.6637149176830957,,,,20261004-002030,2026-10-04 00:20:36.639894,0.0,2026-10-04 21:15:25
574527-5,574527,2026-10-04,2026-10-04 18:35:00,Karol Sulkowski,Jakub Glanowski,0.4123888511988482,Jakub Glanowski,0.5876111488011517,Lean,False,0.4001727922663275,0.3925106493046929,0.4492184,0.4697575538480498,0.3502848682030396,,,,20261004-002030,2026-10-04 00:20:36.639894,1.0,2026-10-04 21:15:25
574529-5,574529,2026-10-04,2026-10-04 18:35:00,Henryk Tkaczyk,Andrzej Szurgot,0.616257462243933,Henryk Tkaczyk,0.616257462243933,Lean,False,0.6008709089783122,0.5966032158429787,0.6569905,0.5925588440732081,0.6342638142184767,,,,20261004-002030,2026-10-04 00:20:36.639894,1.0,2026-10-04 21:15:25
574497-14,574497,2026-10-04,2026-10-04 18:40:00,Maciej Malecha,Michal Oracz,0.4156940267353285,Michal Oracz,0.5843059732646715,Lean,True,0.4971332174545262,0.4171358942286485,0.39704373,0.3584625504374029,0.4086947367671701,,,,20261004-002030,2026-10-04 00:20:36.639894,0.0,2026-10-04 21:15:25
574503-5,574503,2026-10-04,2026-10-04 18:50:00,Michal Guzik,Adam Ruszkiewicz,0.4101870782843678,Adam Ruszkiewicz,0.5898129217156322,Lean,False,0.4620434633771526,0.434647408070496,0.4114993,0.3657912853195509,0.3769539429962383,,,,20261004-002030,2026-10-04 00:20:36.639894,0.0,2026-10-04 21:15:25
574527-6,574527,2026-10-04,2026-10-04 18:55:00,Adam Linek,Rafal Stapor,0.4419633718151264,Rafal Stapor,0.5580366281848735,Lean,False,0.484092300104947,0.4423470562289778,0.43713695,0.4557254684920227,0.3905150861410116,,,,20261004-002030,2026-10-04 00:20:36.639894,0.0,2026-10-04 21:15:25
574529-6,574529,2026-10-04,2026-10-04 18:55:00,Grzegorz Mucha,Adam Staniczek,0.5330611824903078,Grzegorz Mucha,0.5330611824903078,Coin flip,False,0.5938022230060073,0.5103935524743772,0.59857965,0.4854972177562943,0.4770332740579995,,,,20261004-002030,2026-10-04 00:20:36.639894,0.0,2026-10-04 21:15:25
574532-6,574532,2026-10-04,2026-10-04 18:55:00,Jakub Zochniak,Szymon Brud,0.4479708897879112,Szymon Brud,0.5520291102120888,Lean,False,0.5080788660313709,0.3822269762545041,0.46806782,0.4385866445669957,0.4428941372461399,,,,20261004-002030,2026-10-04 00:20:36.639894,0.0,2026-10-04 21:15:25
574497-15,574497,2026-10-04,2026-10-04 19:05:00,Sebastian Szostok,Igor Szymanski,0.4878071290634871,Igor Szymanski,0.5121928709365129,Coin flip,False,0.4081836287670154,0.5089572647745663,0.47371235,0.4855835642417609,0.5625988326356403,,,,20261004-002030,2026-10-04 00:20:36.639894,1.0,2026-10-04 21:15:25
574503-6,574503,2026-10-04,2026-10-04 19:10:00,Mariusz Adamus,Piotr Ostachowski,0.5398507646693167,Mariusz Adamus,0.5398507646693167,Coin flip,True,0.4709956431462612,0.5910719552397294,0.57324916,0.6022690480278967,0.4616680156892569,,,,20261004-002030,2026-10-04 00:20:36.639894,1.0,2026-10-04 21:15:25
574527-7,574527,2026-10-04,2026-10-04 19:20:00,Milosz Kukawka,Jakub Glanowski,0.4146793012024468,Jakub Glanowski,0.5853206987975532,Lean,False,0.3949253707269351,0.4071738133009386,0.4180251,0.449026397198617,0.404245818594108,,,,20261004-002030,2026-10-04 00:20:36.639894,0.0,2026-10-04 21:15:25
574529-7,574529,2026-10-04,2026-10-04 19:20:00,Zbigniew Nocun,Andrzej Szurgot,0.6522037541139445,Zbigniew Nocun,0.6522037541139445,Solid,False,0.599788968413481,0.6353442946303898,0.67548186,0.6959705939107642,0.6544330577457937,,,,20261004-002030,2026-10-04 00:20:36.639894,1.0,2026-10-04 21:15:25
574532-7,574532,2026-10-04,2026-10-04 19:20:00,Krzysztof Kapik,Bartek Sulkowski,0.6688698253439463,Krzysztof Kapik,0.6688698253439463,Solid,False,0.6971089292032251,0.6071668338834991,0.67087114,0.6569168375661286,0.7122853874941859,,,,20261004-002030,2026-10-04 00:20:36.639894,0.0,2026-10-04 21:15:25
574499-1,574499,2026-10-04,2026-10-04 19:30:00,Pawel Kurek,Wojciech Urban,0.5768173712045557,Pawel Kurek,0.5768173712045557,Lean,False,0.4780241845702878,0.6172686732103456,0.6046631,0.610570723658285,0.5735602005672884,,,,20261004-002030,2026-10-04 00:20:36.639894,0.0,2026-10-04 21:15:25
574503-7,574503,2026-10-04,2026-10-04 19:35:00,Grzegorz Sawicki,Adam Ruszkiewicz,0.3509300079267969,Adam Ruszkiewicz,0.649069992073203,Solid,False,0.3376087704326305,0.3500825774250216,0.29131404,0.3620358232961304,0.4136088328261337,,,,20261004-002030,2026-10-04 00:20:36.639894,0.0,2026-10-04 21:15:25
574532-8,574532,2026-10-04,2026-10-04 19:40:00,Lukasz Pietraszko,Jakub Zochniak,0.6088726350951719,Lukasz Pietraszko,0.6088726350951719,Lean,False,0.5024711465454507,0.6655291686855861,0.62262124,0.6068497232983334,0.6468918987148302,,,,20261004-002030,2026-10-04 00:20:36.639894,1.0,2026-10-04 21:15:25
574527-8,574527,2026-10-04,2026-10-04 19:45:00,Kamil Rudomina,Adam Linek,0.4884501489943502,Adam Linek,0.5115498510056498,Coin flip,False,0.4613210170544407,0.4806118290003311,0.49496382,0.5087495041814406,0.4966045699865454,,,,20261004-002030,2026-10-04 00:20:36.639894,0.0,2026-10-04 21:15:25
574529-8,574529,2026-10-04,2026-10-04 19:45:00,Kacper Kwiatkowski,Grzegorz Mucha,0.4887082199214588,Grzegorz Mucha,0.5112917800785413,Coin flip,False,0.4557199157998318,0.5177972914029939,0.49912265,0.4710797199280678,0.4998215230451716,,,,20261004-002030,2026-10-04 00:20:36.639894,0.0,2026-10-04 21:15:25
574499-2,574499,2026-10-04,2026-10-04 19:55:00,Jakub Nowak,Piotr Gumulinski,0.3444752248790468,Piotr Gumulinski,0.6555247751209532,Solid,False,0.3557504406515139,0.3866624688506104,0.33077046,0.354156734831598,0.2950360173101229,,,,20261004-002030,2026-10-04 00:20:36.639894,1.0,2026-10-04 21:15:25
574503-8,574503,2026-10-04,2026-10-04 20:00:00,Mateusz Sikon,Mariusz Adamus,0.7509238327587325,Mateusz Sikon,0.7509238327587325,Strong,False,0.6705665449633103,0.7670922014769607,0.75040215,0.7895927465464123,0.7769655182686802,,,,20261004-002030,2026-10-04 00:20:36.639894,0.0,2026-10-04 21:15:25
574532-9,574532,2026-10-04,2026-10-04 20:05:00,Jakub Nadolny,Szymon Brud,0.5799472940408142,Jakub Nadolny,0.5799472940408142,Lean,False,0.5606080852201945,0.6304122524485349,0.5753318,0.5539409582434307,0.5794433671553756,,,,20261004-002030,2026-10-04 00:20:36.639894,0.0,2026-10-04 21:15:25
574527-9,574527,2026-10-04,2026-10-04 20:10:00,Karol Sulkowski,Rafal Stapor,0.3959070204144425,Rafal Stapor,0.6040929795855575,Lean,False,0.3844784117986247,0.4647126057434438,0.35226932,0.3625883837148305,0.4154863791352443,,,,20261004-002030,2026-10-04 00:20:36.639894,0.0,2026-10-04 21:15:25
574529-9,574529,2026-10-04,2026-10-04 20:10:00,Henryk Tkaczyk,Adam Staniczek,0.7189706412747049,Henryk Tkaczyk,0.7189706412747049,Strong,False,0.6800736861888008,0.7039616674210015,0.7410968,0.7412551644053704,0.7284658937530969,,,,20261004-002030,2026-10-04 00:20:36.639894,1.0,2026-10-04 21:15:25
574499-3,574499,2026-10-04,2026-10-04 20:20:00,Kamil Kowalski,Dawid Dytko,0.2884045235165847,Dawid Dytko,0.7115954764834154,Strong,False,0.4147987143583385,0.2496599160417078,0.2685517,0.2042486826043482,0.3047635973107677,,,,20261004-002030,2026-10-04 00:20:36.639894,0.0,2026-10-04 21:15:25
574503-9,574503,2026-10-04,2026-10-04 20:25:00,Michal Guzik,Piotr Ostachowski,0.6445627069125364,Michal Guzik,0.6445627069125364,Solid,True,0.5463008424214514,0.6748695922041565,0.65522575,0.7122552242691376,0.6341621218837566,,,,20261004-002030,2026-10-04 00:20:36.639894,0.0,2026-10-04 21:15:25
574527-10,574527,2026-10-04,2026-10-04 20:30:00,Milosz Kukawka,Adam Linek,0.57143904897567,Milosz Kukawka,0.57143904897567,Lean,False,0.5476423195488895,0.5631574215746137,0.59458077,0.6068817279379444,0.5449330062780229,,,,20261004-002030,2026-10-04 00:20:36.639894,0.0,2026-10-04 21:15:25
574529-10,574529,2026-10-04,2026-10-04 20:30:00,Zbigniew Nocun,Grzegorz Mucha,0.4513640782931706,Grzegorz Mucha,0.5486359217068293,Coin flip,False,0.3992491508231395,0.4600056491057285,0.47709715,0.4419123645913374,0.4785560732820123,,,,20261004-002030,2026-10-04 00:20:36.639894,0.0,2026-10-04 21:15:25
574532-10,574532,2026-10-04,2026-10-04 20:30:00,Krzysztof Kapik,Jakub Zochniak,0.5606118269587337,Krzysztof Kapik,0.5606118269587337,Lean,False,0.6023306638543282,0.5221878416128285,0.5788833,0.5391023312241934,0.5605550078114856,,,,20261004-002030,2026-10-04 00:20:36.639894,1.0,2026-10-04 21:15:25
574499-4,574499,2026-10-04,2026-10-04 20:45:00,Pawel Kurek,Jakub Nowak,0.6860294788535611,Pawel Kurek,0.6860294788535611,Solid,False,0.6831984091408723,0.6541607607119144,0.67213297,0.6956721594704377,0.724983096041993,,,,20261004-002030,2026-10-04 00:20:36.639894,1.0,2026-10-04 21:15:25
574503-10,574503,2026-10-04,2026-10-04 20:45:00,Grzegorz Sawicki,Mariusz Adamus,0.5485547321076768,Grzegorz Sawicki,0.5485547321076768,Coin flip,False,0.4506168412147238,0.5915121072708367,0.53991115,0.569668851901237,0.5910647092192743,,,,20261004-002030,2026-10-04 00:20:36.639894,1.0,2026-10-04 21:15:25
574532-11,574532,2026-10-04,2026-10-04 20:50:00,Lukasz Pietraszko,Jakub Nadolny,0.498221747247352,Jakub Nadolny,0.501778252752648,Coin flip,False,0.4984421075773916,0.5163982989983249,0.49191305,0.4506166555442543,0.5337386237036574,,,,20261004-002030,2026-10-04 00:20:36.639894,0.0,2026-10-04 21:15:25
574529-11,574529,2026-10-04,2026-10-04 20:55:00,Kacper Kwiatkowski,Henryk Tkaczyk,0.3221148647816455,Henryk Tkaczyk,0.6778851352183545,Solid,False,0.3638089018146301,0.3446981109567999,0.29168653,0.3145615684844212,0.2958192077707843,,,,20261004-002030,2026-10-04 00:20:36.639894,0.0,2026-10-04 21:15:25
574527-11,574527,2026-10-04,2026-10-04 20:55:00,Kamil Rudomina,Karol Sulkowski,0.6845271387965468,Kamil Rudomina,0.6845271387965468,Solid,False,0.6094037848767471,0.6703043712107041,0.6880469,0.7446166364975232,0.7102640287819452,,,,20261004-002030,2026-10-04 00:20:36.639894,1.0,2026-10-04 21:15:25
574499-5,574499,2026-10-04,2026-10-04 21:10:00,Dawid Dytko,Wojciech Urban,0.4036131980397891,Wojciech Urban,0.5963868019602109,Lean,False,0.409541618719437,0.4665066120251845,0.3534302,0.3939389452038978,0.3946486027063892,,,,20261004-002030,2026-10-04 00:20:36.639894,0.0,2026-10-04 21:15:25
574503-11,574503,2026-10-04,2026-10-04 21:10:00,Mateusz Sikon,Michal Guzik,0.6294629946352278,Mateusz Sikon,0.6294629946352278,Solid,False,0.550662780814803,0.6434653128227468,0.6449186,0.6753386257382713,0.6329296332139229,,,,20261004-002030,2026-10-04 00:20:36.639894,0.0,2026-10-04 21:15:25
574532-12,574532,2026-10-04,2026-10-04 21:15:00,Szymon Brud,Bartek Sulkowski,0.6598014170062633,Szymon Brud,0.6598014170062633,Solid,False,0.5991965700699295,0.6254832553490844,0.6946974,0.6832450730330055,0.6963848065133786,,,,20261004-002030,2026-10-04 00:20:36.639894,1.0,2026-10-04 21:15:25
574527-12,574527,2026-10-04,2026-10-04 21:20:00,Rafal Stapor,Jakub Glanowski,0.2856149837991586,Jakub Glanowski,0.7143850162008414,Strong,False,0.3686302098047919,0.3168532470809103,0.29472452,0.2654116625670962,0.1824552755218459,,,,20261004-002030,2026-10-04 00:20:36.639894,0.0,2026-10-04 21:15:25
574529-12,574529,2026-10-04,2026-10-04 21:20:00,Adam Staniczek,Andrzej Szurgot,0.5386752660440133,Adam Staniczek,0.5386752660440133,Coin flip,False,0.5124882026921129,0.5806741871816541,0.5380622,0.476210099255435,0.5859416262394845,,,,20261004-002030,2026-10-04 00:20:36.639894,1.0,2026-10-04 21:15:25
574499-6,574499,2026-10-04,2026-10-04 21:30:00,Kamil Kowalski,Piotr Gumulinski,0.2112582919915039,Piotr Gumulinski,0.7887417080084961,Strong,False,0.2252946493199905,0.2110937769257457,0.2412889,0.1880287550264929,0.1905853783099241,,,,20261004-002030,2026-10-04 00:20:36.639894,1.0,2026-10-04 21:15:25
574503-12,574503,2026-10-04,2026-10-04 21:35:00,Piotr Ostachowski,Adam Ruszkiewicz,0.4068825809244022,Adam Ruszkiewicz,0.5931174190755977,Lean,True,0.4152166033642865,0.4341761300748019,0.39230135,0.3680167182285421,0.4247021021223951,,,,20261004-002030,2026-10-04 00:20:36.639894,1.0,2026-10-04 21:15:25
574532-13,574532,2026-10-04,2026-10-04 21:40:00,Krzysztof Kapik,Jakub Nadolny,0.4834447438584535,Jakub Nadolny,0.5165552561415465,Coin flip,False,0.4984426294130578,0.5010152492578097,0.48872024,0.4264461456419954,0.5025994567706339,,,,20261004-002030,2026-10-04 00:20:36.639894,0.0,2026-10-04 21:15:25
574529-13,574529,2026-10-04,2026-10-04 21:40:00,Zbigniew Nocun,Henryk Tkaczyk,0.4930892201994399,Henryk Tkaczyk,0.5069107798005601,Coin flip,False,0.4516586075800817,0.4931804172085646,0.4639986,0.5483190403771743,0.5082894498919714,,,,20261004-002030,2026-10-04 00:20:36.639894,0.0,2026-10-05 06:40:35
574527-13,574527,2026-10-04,2026-10-04 21:40:00,Milosz Kukawka,Karol Sulkowski,0.5220575400070565,Milosz Kukawka,0.5220575400070565,Coin flip,False,0.4971027149223436,0.4889153043645396,0.58712924,0.4993798072187866,0.537760638261973,,,,20261004-002030,2026-10-04 00:20:36.639894,0.0,2026-10-04 21:15:25
574499-7,574499,2026-10-04,2026-10-04 21:55:00,Jakub Nowak,Wojciech Urban,0.3316047453259264,Wojciech Urban,0.6683952546740737,Solid,False,0.3860884026866973,0.3098779294180678,0.26295376,0.2986645571642446,0.4004390791208758,,,,20261004-002030,2026-10-04 00:20:36.639894,0.0,2026-10-04 21:15:25
574503-13,574503,2026-10-04,2026-10-04 22:00:00,Grzegorz Sawicki,Michal Guzik,0.4030965166258362,Michal Guzik,0.5969034833741638,Lean,False,0.3751038490823364,0.4309703701092299,0.35549513,0.4262205492191914,0.4276926896631099,,,,20261004-002030,2026-10-04 00:20:36.639894,1.0,2026-10-04 21:15:25
574527-14,574527,2026-10-04,2026-10-04 22:05:00,Adam Linek,Jakub Glanowski,0.3836563226141112,Jakub Glanowski,0.6163436773858888,Lean,False,0.3474157294296573,0.4102425042347489,0.3494602,0.3984717831019941,0.4126913819277058,,,,20261004-002030,2026-10-04 00:20:36.639894,0.0,2026-10-04 21:15:25
574529-14,574529,2026-10-04,2026-10-04 22:05:00,Grzegorz Mucha,Andrzej Szurgot,0.5646907344556898,Grzegorz Mucha,0.5646907344556898,Lean,False,0.5003589624447309,0.565558829686918,0.5708018,0.5852794904275621,0.601454595190277,,,,20261004-002030,2026-10-04 00:20:36.639894,0.0,2026-10-05 06:40:35
574532-14,574532,2026-10-04,2026-10-04 22:05:00,Jakub Zochniak,Bartek Sulkowski,0.5734449948290732,Jakub Zochniak,0.5734449948290732,Lean,False,0.6008981762256858,0.5447101141983088,0.5511162,0.5590159000625632,0.6114845555551706,,,,20261004-002030,2026-10-04 00:20:36.639894,1.0,2026-10-04 21:15:25
574499-8,574499,2026-10-04,2026-10-04 22:20:00,Pawel Kurek,Kamil Kowalski,0.6902423285544323,Pawel Kurek,0.6902423285544323,Solid,False,0.7352896945613001,0.62726793988425,0.677724,0.6654815918848251,0.7454484126499771,,,,20261004-002030,2026-10-04 00:20:36.639894,0.0,2026-10-04 21:15:25
574503-14,574503,2026-10-04,2026-10-04 22:20:00,Mariusz Adamus,Adam Ruszkiewicz,0.2812371326173963,Adam Ruszkiewicz,0.7187628673826036,Strong,False,0.3805399231198141,0.2445085502169877,0.24030823,0.2563192513502136,0.2845097132450895,,,,20261004-002030,2026-10-04 00:20:36.639894,1.0,2026-10-04 21:15:25
574532-15,574532,2026-10-04,2026-10-04 22:30:00,Lukasz Pietraszko,Szymon Brud,0.5794294080208963,Lukasz Pietraszko,0.5794294080208963,Lean,False,0.560485420220131,0.5888081376686533,0.54964894,0.6288141225669848,0.5693904190855105,,,,20261004-002030,2026-10-04 00:20:36.639894,1.0,2026-10-04 21:15:25
574527-15,574527,2026-10-04,2026-10-04 22:30:00,Kamil Rudomina,Rafal Stapor,0.5750636855535975,Kamil Rudomina,0.5750636855535975,Lean,False,0.5445301883973686,0.6349154959892979,0.57813656,0.5493614058710206,0.5683747742092145,,,,20261004-002030,2026-10-04 00:20:36.639894,0.0,2026-10-04 21:15:25
574529-15,574529,2026-10-04,2026-10-04 22:30:00,Kacper Kwiatkowski,Adam Staniczek,0.5428863909058366,Kacper Kwiatkowski,0.5428863909058366,Coin flip,False,0.5497912024300616,0.5630732427198103,0.58083797,0.4845153763109524,0.5362141680567619,,,,20261004-002030,2026-10-04 00:20:36.639894,0.0,2026-10-05 06:40:35
574499-9,574499,2026-10-04,2026-10-04 22:45:00,Dawid Dytko,Piotr Gumulinski,0.2943574793560801,Piotr Gumulinski,0.7056425206439199,Strong,False,0.2876212246670782,0.2995628681263839,0.2924801,0.2402041380936968,0.3519190547711103,,,,20261004-002030,2026-10-04 00:20:36.639894,0.0,2026-10-04 21:15:25
574503-15,574503,2026-10-04,2026-10-04 22:45:00,Mateusz Sikon,Piotr Ostachowski,0.6371234098010012,Mateusz Sikon,0.6371234098010012,Solid,True,0.5971661882551185,0.6311481253643205,0.6491033,0.6604492152426313,0.6477502362607943,,,,20261004-002030,2026-10-04 00:20:36.639894,0.0,2026-10-04 21:15:25
574537-1,574537,2026-10-04,2026-10-04 23:00:00,Jerzy Michalik,Andrzej Szurgot,0.5698808565539712,Jerzy Michalik,0.5698808565539712,Lean,False,0.5426737057769192,0.5591908855682874,0.61665523,0.5816491228643091,0.5492353380381847,,,,20261004-002030,2026-10-04 00:20:36.639894,1.0,2026-10-05 00:38:39
574765-1,574765,2026-10-04,2026-10-04 23:00:00,Bartek Sulkowski,Lukasz Pietraszko,0.3552225728713783,Lukasz Pietraszko,0.6447774271286217,Solid,False,0.3012691537461616,0.4198012598759465,0.33418906,0.3899213972264735,0.3309319961581511,,,,20261004-002030,2026-10-04 00:20:36.639894,1.0,2026-10-04 21:15:25
574499-10,574499,2026-10-04,2026-10-04 23:05:00,Jakub Nowak,Kamil Kowalski,0.4848187131658967,Kamil Kowalski,0.5151812868341032,Coin flip,False,0.5130444128272971,0.4748022514256046,0.48283684,0.4190102567100868,0.5343998023295689,,,,20261004-002030,2026-10-04 00:20:36.639894,1.0,2026-10-05 00:38:39
574535-1,574535,2026-10-04,2026-10-04 23:05:00,Jakub Glanowski,Kamil Rudomina,0.7341856154225639,Jakub Glanowski,0.7341856154225639,Strong,False,0.7259475059132391,0.7674609688369618,0.76737475,0.7882986186755961,0.6218462297349957,,,,20261004-002030,2026-10-04 00:20:36.639894,0.0,2026-10-05 00:38:39
574505-1,574505,2026-10-04,2026-10-04 23:10:00,Michal Guzik,Adam Ruszkiewicz,0.4285253348080263,Adam Ruszkiewicz,0.5714746651919738,Lean,False,0.4546513399577973,0.4172131581333257,0.42225334,0.4316481383230589,0.4168606971432376,,,,20261004-002030,2026-10-04 00:20:36.639894,1.0,2026-10-05 00:38:39
574537-2,574537,2026-10-04,2026-10-04 23:20:00,Zbigniew Nocun,Adam Staniczek,0.5487347819557072,Zbigniew Nocun,0.5487347819557072,Coin flip,False,0.5888490840389385,0.461618624590377,0.57720476,0.5244843206428375,0.5915171166170702,,,,20261004-002030,2026-10-04 00:20:36.639894,1.0,2026-10-05 00:38:39
574765-2,574765,2026-10-04,2026-10-04 23:25:00,Szymon Brud,Jakub Nadolny,0.519440372726792,Szymon Brud,0.519440372726792,Coin flip,False,0.4472638612584275,0.5468014747736073,0.53067017,0.5446360095694877,0.5278303520168124,,,,20261004-002030,2026-10-04 00:20:36.639894,1.0,2026-10-05 00:38:39
574499-11,574499,2026-10-04,2026-10-04 23:30:00,Pawel Kurek,Dawid Dytko,0.6705855375395232,Pawel Kurek,0.6705855375395232,Solid,False,0.6654743561291967,0.6710815102043659,0.7090385,0.6829805738806428,0.6243527514659546,,,,20261004-002030,2026-10-04 00:20:36.639894,0.0,2026-10-05 00:38:39
574535-2,574535,2026-10-04,2026-10-04 23:30:00,Rafal Stapor,Karol Sulkowski,0.6367553498720827,Rafal Stapor,0.6367553498720827,Solid,False,0.6080125469701828,0.5700495560486225,0.6956419,0.6683372304638111,0.6417355406107679,,,,20261004-002030,2026-10-04 00:20:36.639894,1.0,2026-10-05 00:38:39
574505-2,574505,2026-10-04,2026-10-04 23:35:00,Grzegorz Sawicki,Piotr Ostachowski,0.3757990297130714,Piotr Ostachowski,0.6242009702869287,Solid,True,0.4195436403214025,0.3841145341152667,0.34253246,0.3050749325104288,0.4277295856970855,,,,20261004-002030,2026-10-04 00:20:36.639894,0.0,2026-10-05 00:38:39
574537-3,574537,2026-10-04,2026-10-04 23:45:00,Grzegorz Mucha,Kacper Kwiatkowski,0.5039604478618102,Grzegorz Mucha,0.5039604478618102,Coin flip,False,0.5340941477883907,0.5051402965858647,0.49405563,0.4779500356881637,0.5085621304700815,,,,20261004-002030,2026-10-04 00:20:36.639894,1.0,2026-10-05 00:38:39
574765-3,574765,2026-10-04,2026-10-04 23:50:00,Szymon Brud,Milosz Kukawka,0.6077481825421123,Szymon Brud,0.6077481825421123,Lean,False,0.508434697003092,0.5950367204045423,0.6104933,0.7252997740126833,0.5994764189449677,,,,20261004-002030,2026-10-04 00:20:36.639894,1.0,2026-10-05 00:38:39
574499-12,574499,2026-10-04,2026-10-04 23:55:00,Piotr Gumulinski,Wojciech Urban,0.6505472911831066,Piotr Gumulinski,0.6505472911831066,Solid,False,0.5341847034932311,0.7479565932768352,0.6693,0.6860989315009358,0.6151962079034721,,,,20261004-002030,2026-10-04 00:20:36.639894,0.0,2026-10-05 00:38:39
574535-3,574535,2026-10-04,2026-10-04 23:55:00,Rafal Stapor,Adam Linek,0.5615474948743319,Rafal Stapor,0.5615474948743319,Lean,False,0.5239429684433812,0.5594907613111685,0.612813,0.5886036315215133,0.5228871171849517,,,,20261004-002030,2026-10-04 00:20:36.639894,1.0,2026-10-05 00:38:39
575013-3,575013,2026-10-05,2026-10-05 00:00:00,Jerzy Michalik,Artur Zmijewski,0.6347404714404358,Jerzy Michalik,0.6347404714404358,Solid,False,0.7469315846532428,0.5757716408587983,0.56229657,0.588318789705714,0.7003837726370419,,,,20261004-002030,2026-10-04 00:20:36.639894,,
575302-4,575302,2026-10-05,2026-10-05 00:10:00,Mateusz Trela,Artur Gromek,0.7692013446295545,Mateusz Trela,0.7692013446295545,Strong,True,0.7473267637939185,0.8004795259640372,0.7418835,0.7990108521201466,0.7573060649580241,,,,20261004-002030,2026-10-04 00:20:36.639894,,
575043-4,575043,2026-10-05,2026-10-05 00:10:00,Marcin Zielinski,Michal Kumor,0.772997812200008,Marcin Zielinski,0.772997812200008,Strong,True,0.7476491496586406,0.7384843645924539,0.7520101,0.8055140334011791,0.8213314063073611,,,,20261004-002030,2026-10-04 00:20:36.639894,,
575041-4,575041,2026-10-05,2026-10-05 00:15:00,Marcin Kowalczyk,Kuba Golaszewski,0.6894256791736657,Marcin Kowalczyk,0.6894256791736657,Solid,True,0.5580724577609415,0.728002404084697,0.7288339,0.7691377528671848,0.663081867352404,,,,20261004-002030,2026-10-04 00:20:36.639894,,
575006-13,575006,2026-10-05,2026-10-05 00:20:00,Kacper Adamus,Dawid Dytko,0.6296062128943882,Kacper Adamus,0.6296062128943882,Solid,False,0.4707905470918728,0.5912767409260253,0.6522257,0.7041160079941186,0.7296220952612247,,,,20261004-002030,2026-10-04 00:20:36.639894,,
575013-4,575013,2026-10-05,2026-10-05 00:25:00,Michal Machelski,Jakub Cyndera,0.3929317663748398,Jakub Cyndera,0.6070682336251602,Lean,False,0.2894397558174904,0.4318998660171482,0.3857433,0.3714859641684491,0.486089955685183,,,,20261004-002030,2026-10-04 00:20:36.639894,,
575043-5,575043,2026-10-05,2026-10-05 00:30:00,Miroslaw Lewczuk,Henryk Tkaczyk,0.408070694087164,Henryk Tkaczyk,0.591929305912836,Lean,False,0.3014674393651312,0.4075188519513168,0.5041286,0.5077639095611662,0.3194746942331932,,,,20261004-002030,2026-10-04 00:20:36.639894,,
575041-5,575041,2026-10-05,2026-10-05 00:35:00,Jacek Przewlocki,Marcin Kowalczyk,0.2889636806487466,Marcin Kowalczyk,0.7110363193512534,Strong,False,0.2428328089043686,0.3643993582022928,0.3055537,0.3099591169777496,0.2220734146591235,,,,20261004-002030,2026-10-04 00:20:36.639894,,
575302-5,575302,2026-10-05,2026-10-05 00:35:00,Konrad Staszczyk,Mateusz Trela,0.5020138256120903,Konrad Staszczyk,0.5020138256120903,Coin flip,False,0.5007795021747409,0.455626462282899,0.51933736,0.5078798603614287,0.5264459471508369,,,,20261004-002030,2026-10-04 00:20:36.639894,,
575006-14,575006,2026-10-05,2026-10-05 00:40:00,Kamil Kowalski,Wojciech Urban,0.2774960191162549,Wojciech Urban,0.722503980883745,Strong,False,0.3258041980896641,0.2761438103518946,0.26151896,0.2609532209273446,0.2630599109816582,,,,20261004-002030,2026-10-04 00:20:36.639894,,
575043-6,575043,2026-10-05,2026-10-05 00:50:00,Mariusz Leczycki,Andrzej Krezel,0.5517051776775932,Mariusz Leczycki,0.5517051776775932,Lean,False,0.6020912895645937,0.5735076557512016,0.57849175,0.5629653654928588,0.4414698302000084,,,,20261004-002030,2026-10-04 00:20:36.639894,,
575013-5,575013,2026-10-05,2026-10-05 00:50:00,Artur Zmijewski,Artur Kubiak,0.5425666614394702,Artur Zmijewski,0.5425666614394702,Coin flip,False,0.5764350151222046,0.5291980345673944,0.5161744,0.5243587180103877,0.5666671634864695,,,,20261004-002030,2026-10-04 00:20:36.639894,,
575041-6,575041,2026-10-05,2026-10-05 00:55:00,Karol Sulkowski,Kuba Golaszewski,0.3934329272716694,Kuba Golaszewski,0.6065670727283305,Lean,True,0.4507458967013757,0.4078363150685807,0.40670884,0.3959493256154014,0.3059242624175084,,,,20261004-002030,2026-10-04 00:20:36.639894,,
575302-6,575302,2026-10-05,2026-10-05 00:55:00,Jakub Glanowski,Artur Gromek,0.6192206685323338,Jakub Glanowski,0.6192206685323338,Lean,True,0.6201944304957918,0.5538273536252594,0.621878,0.5930881841942841,0.707115346430379,,,,20261004-002030,2026-10-04 00:20:36.639894,,
575006-15,575006,2026-10-05,2026-10-05 01:05:00,Lukasz Oracz,Piotr Gumulinski,0.4562422447404357,Piotr Gumulinski,0.5437577552595643,Coin flip,False,0.4548796135834991,0.3973336570413281,0.4226369,0.4824316379702879,0.5239294187352219,,,,20261004-002030,2026-10-04 00:20:36.639894,,
575013-6,575013,2026-10-05,2026-10-05 01:10:00,Jerzy Michalik,Adam Staniczek,0.6299174674023729,Jerzy Michalik,0.6299174674023729,Solid,False,0.6633093593143823,0.6857149451615686,0.6724845,0.6487279458313099,0.4793505696071305,,,,20261004-002030,2026-10-04 00:20:36.639894,,
575043-7,575043,2026-10-05,2026-10-05 01:10:00,Michal Kumor,Henryk Tkaczyk,0.2608706475918749,Henryk Tkaczyk,0.739129352408125,Strong,True,0.319571090273621,0.2702181367446554,0.29649118,0.249975275340641,0.1680975597104884,,,,20261004-002030,2026-10-04 00:20:36.639894,,
575041-7,575041,2026-10-05,2026-10-05 01:20:00,Bartosz Kwodawski,Marcin Kowalczyk,0.3442283471605494,Marcin Kowalczyk,0.6557716528394506,Solid,False,0.3206543077855765,0.399975156819232,0.38712206,0.3905741379930919,0.2228160683759737,,,,20261004-002030,2026-10-04 00:20:36.639894,,
575302-7,575302,2026-10-05,2026-10-05 01:20:00,Adam Linek,Mateusz Trela,0.4188679240574676,Mateusz Trela,0.5811320759425324,Lean,False,0.4404250789952849,0.399173178262762,0.40393323,0.3916552353774559,0.4591529005896101,,,,20261004-002030,2026-10-04 00:20:36.639894,,
575043-8,575043,2026-10-05,2026-10-05 01:30:00,Marcin Zielinski,Mariusz Leczycki,0.4361207871173848,Mariusz Leczycki,0.5638792128826152,Lean,False,0.5402846448735087,0.3686341714690295,0.41365272,0.3999481207237527,0.4580842804534638,,,,20261004-002030,2026-10-04 00:20:36.639894,,
575013-7,575013,2026-10-05,2026-10-05 01:35:00,Jakub Cyndera,Artur Kubiak,0.5788146562528125,Jakub Cyndera,0.5788146562528125,Lean,False,0.5403853486500887,0.5639543915493304,0.56534,0.6756381242565348,0.5487554342984953,,,,20261004-002030,2026-10-04 00:20:36.639894,,
575041-8,575041,2026-10-05,2026-10-05 01:45:00,Karol Sulkowski,Jacek Przewlocki,0.6254855652088886,Karol Sulkowski,0.6254855652088886,Solid,False,0.5598713690554856,0.6351332174688642,0.5986709,0.6843734410311849,0.6493788986208973,,,,20261004-002030,2026-10-04 00:20:36.639894,,
575302-8,575302,2026-10-05,2026-10-05 01:45:00,Jakub Glanowski,Konrad Staszczyk,0.5110831781022267,Jakub Glanowski,0.5110831781022267,Coin flip,False,0.5328341080642649,0.5634326052089138,0.48798278,0.5080100846005233,0.4631563128961441,,,,20261004-002030,2026-10-04 00:20:36.639894,,
575043-9,575043,2026-10-05,2026-10-05 01:50:00,Miroslaw Lewczuk,Andrzej Krezel,0.5993452852455595,Miroslaw Lewczuk,0.5993452852455595,Lean,False,0.6040862327899839,0.6641619308733754,0.6079741,0.5814321622304973,0.5390719883000973,,,,20261004-002030,2026-10-04 00:20:36.639894,,
575013-8,575013,2026-10-05,2026-10-05 02:00:00,Michal Machelski,Jerzy Michalik,0.4467910447687925,Jerzy Michalik,0.5532089552312075,Lean,False,0.4307503540055598,0.4408721198746763,0.41263634,0.4600687632919308,0.4896276470073363,,,,20261004-002030,2026-10-04 00:20:36.639894,,
575041-9,575041,2026-10-05,2026-10-05 02:10:00,Bartosz Kwodawski,Karol Sulkowski,0.4724876127555657,Karol Sulkowski,0.5275123872444343,Coin flip,False,0.4817174667860204,0.5050552740548259,0.48369807,0.5067622267227373,0.3852050261649593,,,,20261004-002030,2026-10-04 00:20:36.639894,,
575043-10,575043,2026-10-05,2026-10-05 02:10:00,Michal Kumor,Mariusz Leczycki,0.4209476596397494,Mariusz Leczycki,0.5790523403602506,Lean,True,0.4292891611822965,0.4299633571830794,0.41821858,0.4318449545940638,0.3954222423707311,,,,20261004-002030,2026-10-04 00:20:36.639894,,
575302-9,575302,2026-10-05,2026-10-05 02:10:00,Adam Linek,Jakub Glanowski,0.3459689606212272,Jakub Glanowski,0.6540310393787728,Solid,False,0.34689043045941,0.3701358347485625,0.32511955,0.3415283853148854,0.3461705975867873,,,,20261004-002030,2026-10-04 00:20:36.639894,,
575013-9,575013,2026-10-05,2026-10-05 02:25:00,Artur Zmijewski,Adam Staniczek,0.463621281086696,Adam Staniczek,0.536378718913304,Coin flip,False,0.4930701167294508,0.5224788980359336,0.4429332,0.384555870194623,0.4750683186836162,,,,20261004-002030,2026-10-04 00:20:36.639894,,
575043-11,575043,2026-10-05,2026-10-05 02:30:00,Marcin Zielinski,Miroslaw Lewczuk,0.4266129233668975,Miroslaw Lewczuk,0.5733870766331024,Lean,False,0.4412500696007079,0.4103701180551431,0.42442405,0.3868134487433481,0.470206928196824,,,,20261004-002030,2026-10-04 00:20:36.639894,,
575041-10,575041,2026-10-05,2026-10-05 02:35:00,Jacek Przewlocki,Kuba Golaszewski,0.5075608463048511,Jacek Przewlocki,0.5075608463048511,Coin flip,True,0.4036922558453716,0.6274964095337056,0.49305564,0.4947938485672444,0.51876607592678,,,,20261004-002030,2026-10-04 00:20:36.639894,,
575302-10,575302,2026-10-05,2026-10-05 02:35:00,Konrad Staszczyk,Artur Gromek,0.7046394217455854,Konrad Staszczyk,0.7046394217455854,Strong,True,0.6923637767038389,0.7542034022392078,0.65928817,0.645934023321381,0.7714077385100077,,,,20261004-002030,2026-10-04 00:20:36.639894,,
575013-10,575013,2026-10-05,2026-10-05 02:45:00,Jakub Cyndera,Jerzy Michalik,0.3626607721900079,Jerzy Michalik,0.6373392278099921,Solid,False,0.4263418296571877,0.306584548909952,0.36529705,0.3679841634380901,0.3470962696608282,,,,20261004-002030,2026-10-04 00:20:36.639894,,
575043-12,575043,2026-10-05,2026-10-05 02:50:00,Andrzej Krezel,Henryk Tkaczyk,0.4105659518502984,Henryk Tkaczyk,0.5894340481497016,Lean,False,0.3806572417851012,0.4248836782113895,0.37683436,0.4442412829979402,0.4262131935117758,,,,20261004-002030,2026-10-04 00:20:36.639894,,
575013-11,575013,2026-10-05,2026-10-05 03:10:00,Michal Machelski,Artur Zmijewski,0.4546423455762879,Artur Zmijewski,0.545357654423712,Coin flip,False,0.4547456982141857,0.4729270390266654,0.45846343,0.4732980910965677,0.4137774691393578,,,,20261004-002030,2026-10-04 00:20:36.639894,,
575043-13,575043,2026-10-05,2026-10-05 03:10:00,Michal Kumor,Miroslaw Lewczuk,0.297601044750769,Miroslaw Lewczuk,0.702398955249231,Strong,True,0.4286521728948964,0.2901283667041706,0.31253088,0.2694666341582574,0.1872271747905268,,,,20261004-002030,2026-10-04 00:20:36.639894,,
575043-14,575043,2026-10-05,2026-10-05 03:30:00,Mariusz Leczycki,Henryk Tkaczyk,0.3570182144125666,Henryk Tkaczyk,0.6429817855874334,Solid,False,0.382213055609203,0.3854997528552426,0.37584627,0.3092619712268332,0.3322700256250329,,,,20261004-002030,2026-10-04 00:20:36.639894,,
575013-12,575013,2026-10-05,2026-10-05 03:35:00,Adam Staniczek,Artur Kubiak,0.5179584122532728,Adam Staniczek,0.5179584122532728,Coin flip,False,0.500258274578063,0.4839546018442791,0.54627085,0.55886798630153,0.5004403512219349,,,,20261004-002030,2026-10-04 00:20:36.639894,,
575043-15,575043,2026-10-05,2026-10-05 03:50:00,Marcin Zielinski,Andrzej Krezel,0.4786695951687788,Andrzej Krezel,0.5213304048312212,Coin flip,False,0.5476096187786728,0.4733043404552465,0.50907797,0.4327215043019217,0.4306345460948267,,,,20261004-002030,2026-10-04 00:20:36.639894,,
575013-13,575013,2026-10-05,2026-10-05 04:00:00,Jakub Cyndera,Artur Zmijewski,0.4731376658492886,Artur Zmijewski,0.5268623341507114,Coin flip,False,0.548710671715228,0.441332239550138,0.44962665,0.4356254594582378,0.4903933041363187,,,,20261004-002030,2026-10-04 00:20:36.639894,,
575013-14,575013,2026-10-05,2026-10-05 04:20:00,Jerzy Michalik,Artur Kubiak,0.588979156106837,Jerzy Michalik,0.588979156106837,Lean,False,0.6099778396674675,0.6399995649325407,0.5718626,0.5785178490517959,0.5445379484903519,,,,20261004-002030,2026-10-04 00:20:36.639894,,
575013-15,575013,2026-10-05,2026-10-05 04:45:00,Michal Machelski,Adam Staniczek,0.4640736499594873,Adam Staniczek,0.5359263500405127,Coin flip,False,0.4987835844267265,0.5083387109153603,0.42163265,0.4020910801798024,0.489522226761204,,,,20261004-002030,2026-10-04 00:20:36.639894,,
575016-1,575016,2026-10-05,2026-10-05 05:00:00,Mariusz Zwolinski,Mikolaj Lukaszewski,0.3710123581246126,Mikolaj Lukaszewski,0.6289876418753875,Solid,False,0.4836873167418042,0.3730798567860711,0.34389335,0.2544592404763948,0.3999420274481081,,,,20261004-002030,2026-10-04 00:20:36.639894,0.0,2026-10-05 06:40:35
575018-1,575018,2026-10-05,2026-10-05 05:00:00,Grzegorz Poliniewicz,Krzysztof Kapik,0.3782224071874826,Krzysztof Kapik,0.6217775928125173,Solid,False,0.3203197545596688,0.4407790706644938,0.4259241,0.390415883692728,0.313673234489318,,,,20261004-002030,2026-10-04 00:20:36.639894,1.0,2026-10-05 06:40:35
575020-1,575020,2026-10-05,2026-10-05 05:00:00,Piotr Przewlocki,Sebastian Szostok,0.360419174452413,Sebastian Szostok,0.639580825547587,Solid,False,0.318004245852847,0.4183805632086393,0.4029381,0.4000421758907716,0.2627307895944292,,,,20261004-002030,2026-10-04 00:20:36.639894,0.0,2026-10-05 06:40:35
575022-1,575022,2026-10-05,2026-10-05 05:00:00,Petr David,Krzysztof Wloczko,0.6501313689929051,Petr David,0.6501313689929051,Solid,False,0.6003061030764918,0.6865181794611346,0.6218427,0.665198514568612,0.6767913654966842,,,,20261004-002030,2026-10-04 00:20:36.639894,1.0,2026-10-05 06:40:35
575009-1,575009,2026-10-05,2026-10-05 05:10:00,Michal Wolny,Witold Stechly,0.6051114916096565,Michal Wolny,0.6051114916096565,Lean,False,0.5262162202075797,0.6689988852144844,0.6189559,0.6046579201635126,0.6067285222568647,,,,20261004-002030,2026-10-04 00:20:36.639894,1.0,2026-10-05 06:40:35
575018-2,575018,2026-10-05,2026-10-05 05:20:00,Daniel Kostal,Miroslav Sklensky,0.5784628057106181,Daniel Kostal,0.5784628057106181,Lean,False,0.5825985320069726,0.5714111172941243,0.57509315,0.555741212909205,0.6074700162039337,,,,20261004-002030,2026-10-04 00:20:36.639894,1.0,2026-10-05 06:40:35
575022-2,575022,2026-10-05,2026-10-05 05:25:00,Jakub Kosowski,Adrian Wiecek,0.512742881443764,Jakub Kosowski,0.512742881443764,Coin flip,False,0.6470167178537958,0.4635133991829848,0.5236872,0.4829461044734277,0.4465510018516471,,,,20261004-002030,2026-10-04 00:20:36.639894,1.0,2026-10-05 06:40:35
575016-2,575016,2026-10-05,2026-10-05 05:25:00,Bartlomiej Wisniewski,Maciej Kolek,0.4724069723237276,Maciej Kolek,0.5275930276762724,Coin flip,False,0.51682355272558,0.5536069783517404,0.5681186,0.4901141305900229,0.2333716277161873,,,,20261004-002030,2026-10-04 00:20:36.639894,0.0,2026-10-05 06:40:35
575020-2,575020,2026-10-05,2026-10-05 05:25:00,Kacper Slawinski,Jakub Pruszkowski,0.402746540214344,Jakub Pruszkowski,0.597253459785656,Lean,True,0.3552122671434879,0.4377363252807142,0.43025655,0.348370470284076,0.4421570928197711,,,,20261004-002030,2026-10-04 00:20:36.639894,1.0,2026-10-05 06:40:35
575009-2,575009,2026-10-05,2026-10-05 05:35:00,Slawomir Janus,Tomasz Kordaszewski,0.5731634051570997,Slawomir Janus,0.5731634051570997,Lean,False,0.3666171697552243,0.7153560466700695,0.55759674,0.5901668099056758,0.636080256347687,,,,20261004-002030,2026-10-04 00:20:36.639894,0.0,2026-10-05 06:40:35
575018-3,575018,2026-10-05,2026-10-05 05:40:00,Michal Malachowski,Michal Olbrycht,0.238810298244693,Michal Olbrycht,0.761189701755307,Strong,True,0.4160412951502035,0.2453866990696067,0.24231261,0.1856123164086987,0.1046985704455723,,,,20261004-002030,2026-10-04 00:20:36.639894,0.0,2026-10-05 06:40:35
575022-3,575022,2026-10-05,2026-10-05 05:45:00,Grzegorz Felkel,Marcin Jadczyk,0.2226136930851323,Marcin Jadczyk,0.7773863069148677,Strong,False,0.1823252440675081,0.2481736338397663,0.21174726,0.2658852909478524,0.2049370376689387,,,,20261004-002030,2026-10-04 00:20:36.639894,0.0,2026-10-05 06:40:35
575016-3,575016,2026-10-05,2026-10-05 05:50:00,Blazej Warpas,Artur Sobel,0.4721084300439861,Artur Sobel,0.5278915699560138,Coin flip,False,0.4706521641485285,0.4454353442736533,0.44429022,0.4467395901868585,0.5534248308734329,,,,20261004-002030,2026-10-04 00:20:36.639894,1.0,2026-10-05 06:40:35
575020-3,575020,2026-10-05,2026-10-05 05:50:00,Jaroslaw Badura,Oliver Vincenec,0.5214069428641347,Jaroslaw Badura,0.5214069428641347,Coin flip,False,0.5198485525252186,0.5013493968251315,0.5946416,0.5495854511761038,0.4416096879130245,,,,20261004-002030,2026-10-04 00:20:36.639894,1.0,2026-10-05 06:40:35
575009-3,575009,2026-10-05,2026-10-05 06:00:00,Maciej Lamer,Dariusz Maszczynski,0.4376169053965748,Dariusz Maszczynski,0.5623830946034252,Lean,True,0.3843624331194786,0.3993587147565002,0.48014724,0.4609014877469073,0.463314648813906,,,,20261004-002030,2026-10-04 00:20:36.639894,0.0,2026-10-05 06:40:35
575018-4,575018,2026-10-05,2026-10-05 06:00:00,Grzegorz Poliniewicz,Daniel Kostal,0.5798724989943144,Grzegorz Poliniewicz,0.5798724989943144,Lean,False,0.5877233122406346,0.5802960138330813,0.5454718,0.6014190561050371,0.5844523253401208,,,,20261004-002030,2026-10-04 00:20:36.639894,0.0,2026-10-05 06:40:35
575016-4,575016,2026-10-05,2026-10-05 06:10:00,Mariusz Zwolinski,Bartlomiej Wisniewski,0.318088694552736,Bartlomiej Wisniewski,0.681911305447264,Solid,False,0.4003084520022665,0.3441377751454333,0.27479526,0.2411796166164314,0.3300223649938875,,,,20261004-002030,2026-10-04 00:20:36.639894,1.0,2026-10-05 06:40:35
575020-4,575020,2026-10-05,2026-10-05 06:10:00,Piotr Przewlocki,Kacper Slawinski,0.603161862478867,Piotr Przewlocki,0.603161862478867,Lean,True,0.6129151483262283,0.5805842388104061,0.6096076,0.6580829014350645,0.5546194464987222,,,,20261004-002030,2026-10-04 00:20:36.639894,1.0,2026-10-05 06:40:35
575022-4,575022,2026-10-05,2026-10-05 06:10:00,Petr David,Jakub Kosowski,0.5140846456003513,Petr David,0.5140846456003513,Coin flip,False,0.5520572974227389,0.4606383707507313,0.49757046,0.551682520837935,0.508474583916041,,,,20261004-002030,2026-10-04 00:20:36.639894,1.0,2026-10-05 06:40:35
575009-4,575009,2026-10-05,2026-10-05 06:25:00,Michal Wolny,Slawomir Janus,0.325843222212893,Slawomir Janus,0.6741567777871069,Solid,False,0.4254055443836566,0.3051504884400458,0.3387842,0.2750410947374516,0.2848347954711608,,,,20261004-002030,2026-10-04 00:20:36.639894,1.0,2026-10-05 06:40:35
575018-5,575018,2026-10-05,2026-10-05 06:25:00,Michal Olbrycht,Krzysztof Kapik,0.5911753796241894,Michal Olbrycht,0.5911753796241894,Lean,False,0.5524266013153636,0.5773414930901862,0.59370816,0.6068010669544072,0.625599579221622,,,,20261004-002030,2026-10-04 00:20:36.639894,1.0,2026-10-05 06:40:35
575020-5,575020,2026-10-05,2026-10-05 06:30:00,Oliver Vincenec,Sebastian Szostok,0.5637970139690751,Oliver Vincenec,0.5637970139690751,Lean,False,0.5310265500550749,0.6046787867612068,0.5244731,0.5821041438205005,0.5767025181102656,,,,20261004-002030,2026-10-04 00:20:36.639894,1.0,2026-10-05 06:40:35
575022-5,575022,2026-10-05,2026-10-05 06:30:00,Marcin Jadczyk,Krzysztof Wloczko,0.4434578131826401,Krzysztof Wloczko,0.5565421868173599,Lean,False,0.4675042573812716,0.4040061444545028,0.4526489,0.4117623371129071,0.4813674190646621,,,,20261004-002030,2026-10-04 00:20:36.639894,0.0,2026-10-05 06:40:35
575016-5,575016,2026-10-05,2026-10-05 06:30:00,Artur Sobel,Mikolaj Lukaszewski,0.6106829966235798,Artur Sobel,0.6106829966235798,Lean,False,0.617130195618687,0.6241472633803529,0.6403768,0.5922296998004133,0.5795310180592907,,,,20261004-002030,2026-10-04 00:20:36.639894,1.0,2026-10-05 06:40:35
575018-6,575018,2026-10-05,2026-10-05 06:50:00,Michal Malachowski,Miroslav Sklensky,0.5364717289858107,Michal Malachowski,0.5364717289858107,Coin flip,True,0.4335744358383431,0.5468282793680614,0.5412078,0.6299167687843289,0.5308313705635643,,,,20261004-002030,2026-10-04 00:20:36.639894,0.0,2026-10-05 06:40:35
575009-5,575009,2026-10-05,2026-10-05 06:50:00,Dariusz Maszczynski,Witold Stechly,0.5987819624747442,Dariusz Maszczynski,0.5987819624747442,Lean,False,0.4963630757992303,0.690030043565366,0.6109066,0.6418517272317732,0.5547583648252035,,,,20261004-002030,2026-10-04 00:20:36.639894,1.0,2026-10-05 06:40:35
575016-6,575016,2026-10-05,2026-10-05 06:55:00,Blazej Warpas,Maciej Kolek,0.3926296330149616,Maciej Kolek,0.6073703669850383,Lean,False,0.3340683449933499,0.3424648865651739,0.4169361,0.3789785567120894,0.4907002772749282,,,,20261004-002030,2026-10-04 00:20:36.639894,0.0,2026-10-05 06:40:35
575020-6,575020,2026-10-05,2026-10-05 06:55:00,Jaroslaw Badura,Jakub Pruszkowski,0.3803911601400074,Jakub Pruszkowski,0.6196088398599926,Lean,False,0.4864482732024778,0.3496855112565445,0.35341302,0.3102494969932322,0.402159503643763,,,,20261004-002030,2026-10-04 00:20:36.639894,1.0,2026-10-05 06:40:35
575022-6,575022,2026-10-05,2026-10-05 06:55:00,Grzegorz Felkel,Adrian Wiecek,0.4434239458450192,Adrian Wiecek,0.5565760541549808,Lean,False,0.3605549097360319,0.2679546178668602,0.458031,0.4778820112289182,0.652697191686468,,,,20261004-002030,2026-10-04 00:20:36.639894,0.0,2026-10-05 06:40:35
575009-6,575009,2026-10-05,2026-10-05 07:10:00,Maciej Lamer,Tomasz Kordaszewski,0.4990458126988527,Tomasz Kordaszewski,0.5009541873011473,Coin flip,True,0.6191322275911816,0.4944123471105922,0.44029674,0.4180009824161216,0.5233867670365394,,,,20261004-002030,2026-10-04 00:20:36.639894,0.0,2026-10-05 06:40:35
575016-7,575016,2026-10-05,2026-10-05 07:15:00,Bartlomiej Wisniewski,Mikolaj Lukaszewski,0.5694312878714448,Bartlomiej Wisniewski,0.5694312878714448,Lean,False,0.6370348746682681,0.5525901160760498,0.5113945,0.5790749473775378,0.5670620005029463,,,,20261004-002030,2026-10-04 00:20:36.639894,1.0,2026-10-05 06:40:35
575018-7,575018,2026-10-05,2026-10-05 07:15:00,Daniel Kostal,Krzysztof Kapik,0.3375001699327094,Krzysztof Kapik,0.6624998300672906,Solid,False,0.4069954376604195,0.3335602195229691,0.29935047,0.3061202332225299,0.3414744889531393,,,,20261004-002030,2026-10-04 00:20:36.639894,0.0,2026-10-05 06:40:35
575020-7,575020,2026-10-05,2026-10-05 07:15:00,Kacper Slawinski,Sebastian Szostok,0.505470245808091,Kacper Slawinski,0.505470245808091,Coin flip,True,0.4420397694174742,0.5403084574504535,0.5500248,0.5183922487488412,0.4765859459705301,,,,20261004-002030,2026-10-04 00:20:36.639894,1.0,2026-10-05 06:40:35
575022-7,575022,2026-10-05,2026-10-05 07:15:00,Jakub Kosowski,Krzysztof Wloczko,0.6032137929235414,Jakub Kosowski,0.6032137929235414,Lean,False,0.5343794138930352,0.6896610335321663,0.60494965,0.645548618644485,0.5415302453993691,,,,20261004-002030,2026-10-04 00:20:36.639894,1.0,2026-10-05 06:40:35
575001-1,575001,2026-10-05,2026-10-05 07:30:00,Grzegorz Wichowski,Pawel Polok,0.3794723406799686,Pawel Polok,0.6205276593200314,Solid,False,0.3404880238291154,0.3895368408677288,0.4422725,0.4104579756960453,0.3146063489021099,,,,20261004-002030,2026-10-04 00:20:36.639894,1.0,2026-10-05 06:40:35
575009-7,575009,2026-10-05,2026-10-05 07:35:00,Slawomir Janus,Witold Stechly,0.4940128996090741,Witold Stechly,0.5059871003909259,Coin flip,False,0.5690722689186949,0.5115848856435077,0.46187004,0.5004562736361362,0.4270810253771983,,,,20261004-002030,2026-10-04 00:20:36.639894,1.0,2026-10-05 06:40:35
575018-8,575018,2026-10-05,2026-10-05 07:35:00,Grzegorz Poliniewicz,Michal Malachowski,0.6017958090326833,Grzegorz Poliniewicz,0.6017958090326833,Lean,True,0.5435484806319056,0.6338015109953158,0.58580685,0.6446752634134576,0.6011469435040844,,,,20261004-002030,2026-10-04 00:20:36.639894,0.0,2026-10-05 06:40:35
575016-8,575016,2026-10-05,2026-10-05 07:40:00,Mariusz Zwolinski,Blazej Warpas,0.3843862113264665,Blazej Warpas,0.6156137886735336,Lean,False,0.4778243685686518,0.3799258384086894,0.3808028,0.2949163906579627,0.3884616488049202,,,,20261004-002030,2026-10-04 00:20:36.639894,1.0,2026-10-05 06:40:35
575020-8,575020,2026-10-05,2026-10-05 07:40:00,Piotr Przewlocki,Jaroslaw Badura,0.587912481935642,Piotr Przewlocki,0.587912481935642,Lean,False,0.592121915141871,0.611725152442234,0.57085246,0.6422263175146429,0.5226365661024419,,,,20261004-002030,2026-10-04 00:20:36.639894,1.0,2026-10-05 06:40:35
575022-8,575022,2026-10-05,2026-10-05 07:40:00,Petr David,Grzegorz Felkel,0.4589334134442891,Grzegorz Felkel,0.5410665865557109,Coin flip,False,0.4575994137681707,0.448620103473228,0.4516146,0.4557227960726956,0.481110165408282,,,,20261004-002030,2026-10-04 00:20:36.639894,1.0,2026-10-05 06:40:35
575001-2,575001,2026-10-05,2026-10-05 07:55:00,Yurij Fomin,Jakub Kaczmarek,0.6452794506914267,Yurij Fomin,0.6452794506914267,Solid,False,0.5765094334446585,0.6773598174288187,0.5904772,0.6771863722864188,0.7048644021325643,,,,20261004-002030,2026-10-04 00:20:36.639894,0.0,2026-10-05 06:40:35
575009-8,575009,2026-10-05,2026-10-05 08:00:00,Michal Wolny,Maciej Lamer,0.3983664863152463,Maciej Lamer,0.6016335136847537,Lean,True,0.4926202230511913,0.4013156858491151,0.39818704,0.3719245736337991,0.327784907759472,,,,20261004-002030,2026-10-04 00:20:36.639894,1.0,2026-10-05 06:40:35
575018-9,575018,2026-10-05,2026-10-05 08:00:00,Michal Olbrycht,Miroslav Sklensky,0.5395471714352094,Michal Olbrycht,0.5395471714352094,Coin flip,False,0.480395682804973,0.5785181715291109,0.5098217,0.5489263459264316,0.5800739439447977,,,,20261004-002030,2026-10-04 00:20:36.639894,1.0,2026-10-05 06:40:35
575022-9,575022,2026-10-05,2026-10-05 08:05:00,Marcin Jadczyk,Adrian Wiecek,0.7733044203693781,Marcin Jadczyk,0.7733044203693781,Strong,False,0.680773886379044,0.7970311551781333,0.7983952,0.8241918298119071,0.7661300140128098,,,,20261004-002030,2026-10-04 00:20:36.639894,,
575016-9,575016,2026-10-05,2026-10-05 08:05:00,Artur Sobel,Maciej Kolek,0.3232879714316179,Maciej Kolek,0.6767120285683821,Solid,False,0.4297903393177633,0.3316591626399637,0.37794927,0.3107264159008398,0.1663146716737142,,,,20261004-002030,2026-10-04 00:20:36.639894,0.0,2026-10-05 06:40:35
575020-9,575020,2026-10-05,2026-10-05 08:05:00,Oliver Vincenec,Jakub Pruszkowski,0.4975862517824624,Jakub Pruszkowski,0.5024137482175376,Coin flip,False,0.5481405744396775,0.560195624636883,0.46410015,0.4198098419258723,0.4956850656557742,,,,20261004-002030,2026-10-04 00:20:36.639894,0.0,2026-10-05 06:40:35
575001-3,575001,2026-10-05,2026-10-05 08:20:00,Rafal Skotniczny,Jerzy Pelka,0.3855482055913922,Jerzy Pelka,0.6144517944086078,Lean,False,0.6141309111701978,0.3133398300964231,0.33837354,0.2764942454536364,0.3854024994047332,,,,20261004-002030,2026-10-04 00:20:36.639894,1.0,2026-10-05 06:40:35
575009-9,575009,2026-10-05,2026-10-05 08:25:00,Dariusz Maszczynski,Tomasz Kordaszewski,0.4253006849481187,Tomasz Kordaszewski,0.5746993150518813,Lean,False,0.5104614902799884,0.4301068372866198,0.43420878,0.3510096838527772,0.4007166327940933,,,,20261004-002030,2026-10-04 00:20:36.639894,1.0,2026-10-05 06:40:35
575018-10,575018,2026-10-05,2026-10-05 08:25:00,Daniel Kostal,Michal Malachowski,0.4155585433263674,Michal Malachowski,0.5844414566736327,Lean,True,0.5055375106353726,0.4059254738722149,0.40550247,0.3231680588338856,0.4376592049428142,,,,20261004-002030,2026-10-04 00:20:36.639894,,
575016-10,575016,2026-10-05,2026-10-05 08:30:00,Bartlomiej Wisniewski,Blazej Warpas,0.5207026779676485,Bartlomiej Wisniewski,0.5207026779676485,Coin flip,False,0.6257566368214574,0.484445333462384,0.4342809,0.4903320039907037,0.568698513416404,,,,20261004-002030,2026-10-04 00:20:36.639894,,
575020-10,575020,2026-10-05,2026-10-05 08:30:00,Kacper Slawinski,Jaroslaw Badura,0.3727938538386811,Jaroslaw Badura,0.6272061461613189,Solid,True,0.4780179105515198,0.3616003103807617,0.3842126,0.2944125789752956,0.3457258561800547,,,,20261004-002030,2026-10-04 00:20:36.639894,,
575022-10,575022,2026-10-05,2026-10-05 08:30:00,Jakub Kosowski,Grzegorz Felkel,0.522312969893449,Jakub Kosowski,0.522312969893449,Coin flip,False,0.5048552087346317,0.5435141108670926,0.5172614,0.500914754712569,0.5450193892352883,,,,20261004-002030,2026-10-04 00:20:36.639894,,
575009-10,575009,2026-10-05,2026-10-05 08:45:00,Slawomir Janus,Maciej Lamer,0.4254160965079528,Maciej Lamer,0.5745839034920471,Lean,True,0.5175355335564964,0.399161001630404,0.45218903,0.3438489101979208,0.4143460088918509,,,,20261004-002030,2026-10-04 00:20:36.639894,,
575001-4,575001,2026-10-05,2026-10-05 08:45:00,Grzegorz Wichowski,Yurij Fomin,0.5666686326622935,Grzegorz Wichowski,0.5666686326622935,Lean,False,0.6070285486575062,0.5267977559268475,0.5715999,0.5915317248375275,0.5363852331670826,,,,20261004-002030,2026-10-04 00:20:36.639894,,
575018-11,575018,2026-10-05,2026-10-05 08:50:00,Grzegorz Poliniewicz,Michal Olbrycht,0.5210578381333923,Grzegorz Poliniewicz,0.5210578381333923,Coin flip,False,0.5451287225834429,0.6110270038745826,0.48645934,0.4632307864870194,0.4994433330964436,,,,20261004-002030,2026-10-04 00:20:36.639894,,
575016-11,575016,2026-10-05,2026-10-05 08:55:00,Mariusz Zwolinski,Artur Sobel,0.4263152400413477,Artur Sobel,0.5736847599586523,Lean,False,0.4248259163786891,0.4610896171606864,0.39471826,0.4011159494523635,0.4498264576420164,,,,20261004-002030,2026-10-04 00:20:36.639894,,
575020-11,575020,2026-10-05,2026-10-05 08:55:00,Piotr Przewlocki,Oliver Vincenec,0.4781322111352794,Oliver Vincenec,0.5218677888647205,Coin flip,False,0.5295861573121905,0.493860751810988,0.4305358,0.4232716215419253,0.51340673170685,,,,20261004-002030,2026-10-04 00:20:36.639894,,
575022-11,575022,2026-10-05,2026-10-05 08:55:00,Petr David,Marcin Jadczyk,0.3979802445167229,Marcin Jadczyk,0.6020197554832771,Lean,False,0.4237652944226255,0.3669774424863858,0.39015687,0.3856322253119392,0.42336939524273,,,,20261004-002030,2026-10-04 00:20:36.639894,,
575001-5,575001,2026-10-05,2026-10-05 09:10:00,Jerzy Pelka,Pawel Polok,0.4295971349860097,Pawel Polok,0.5704028650139903,Lean,False,0.3984642290301399,0.4125149872032195,0.414103,0.406515772208571,0.5163876851319934,,,,20261004-002030,2026-10-04 00:20:36.639894,,
575009-11,575009,2026-10-05,2026-10-05 09:10:00,Michal Wolny,Dariusz Maszczynski,0.569049894813736,Michal Wolny,0.569049894813736,Lean,False,0.6007904302035274,0.6295587488056439,0.58358383,0.5999174774302233,0.431398985842176,,,,20261004-002030,2026-10-04 00:20:36.639894,,
575018-12,575018,2026-10-05,2026-10-05 09:15:00,Miroslav Sklensky,Krzysztof Kapik,0.5176219147426919,Miroslav Sklensky,0.5176219147426919,Coin flip,False,0.4712281400706305,0.5017299311955015,0.55558836,0.5297644635399085,0.5297986743062837,,,,20261004-002030,2026-10-04 00:20:36.639894,,
575022-12,575022,2026-10-05,2026-10-05 09:20:00,Adrian Wiecek,Krzysztof Wloczko,0.596271614713805,Adrian Wiecek,0.596271614713805,Lean,False,0.5266819934772173,0.6676493151517073,0.6008522,0.6643110915696524,0.5218634819222362,,,,20261004-002030,2026-10-04 00:20:36.639894,,
575020-12,575020,2026-10-05,2026-10-05 09:20:00,Jakub Pruszkowski,Sebastian Szostok,0.5912253452226883,Jakub Pruszkowski,0.5912253452226883,Lean,False,0.4813515503955579,0.6792287445476979,0.598755,0.6255893924272962,0.5712020367211001,,,,20261004-002030,2026-10-04 00:20:36.639894,,
575016-12,575016,2026-10-05,2026-10-05 09:20:00,Maciej Kolek,Mikolaj Lukaszewski,0.7083239973201396,Maciej Kolek,0.7083239973201396,Strong,False,0.6801275441863319,0.7004965147378557,0.63773847,0.6938549039792359,0.829402557434457,,,,20261004-002030,2026-10-04 00:20:36.639894,,
575001-6,575001,2026-10-05,2026-10-05 09:30:00,Rafal Skotniczny,Jakub Kaczmarek,0.68844987060348,Rafal Skotniczny,0.68844987060348,Solid,False,0.5588855430214683,0.7913660873487308,0.7204875,0.7459042614152973,0.6256059858367009,,,,20261004-002030,2026-10-04 00:20:36.639894,,
575009-12,575009,2026-10-05,2026-10-05 09:35:00,Tomasz Kordaszewski,Witold Stechly,0.6562766039862572,Tomasz Kordaszewski,0.6562766039862572,Solid,False,0.5346433395289906,0.6114039946635583,0.7005885,0.7452254188776217,0.6895217425195315,,,,20261004-002030,2026-10-04 00:20:36.639894,,
575016-13,575016,2026-10-05,2026-10-05 09:40:00,Bartlomiej Wisniewski,Artur Sobel,0.5087908818475292,Bartlomiej Wisniewski,0.5087908818475292,Coin flip,False,0.5238451866554401,0.5184389270736441,0.49830356,0.4931455062604045,0.5102212268454316,,,,20261004-002030,2026-10-04 00:20:36.639894,,
575018-13,575018,2026-10-05,2026-10-05 09:40:00,Daniel Kostal,Michal Olbrycht,0.5091444482962371,Daniel Kostal,0.5091444482962371,Coin flip,False,0.5551310181858027,0.4968980518372252,0.50612104,0.4365894789551388,0.5509826531124546,,,,20261004-002030,2026-10-04 00:20:36.639894,,
575020-13,575020,2026-10-05,2026-10-05 09:45:00,Kacper Slawinski,Oliver Vincenec,0.3550039099782081,Oliver Vincenec,0.6449960900217919,Solid,True,0.4141505798252695,0.4097886972099549,0.38070756,0.3733967498077838,0.1969759610782752,,,,20261004-002030,2026-10-04 00:20:36.639894,,
575022-13,575022,2026-10-05,2026-10-05 09:45:00,Jakub Kosowski,Marcin Jadczyk,0.4592320556453624,Marcin Jadczyk,0.5407679443546376,Coin flip,False,0.5688290351175865,0.4120525201938139,0.44559842,0.4117481588268755,0.457932140607549,,,,20261004-002030,2026-10-04 00:20:36.639894,,
575001-7,575001,2026-10-05,2026-10-05 09:55:00,Yurij Fomin,Pawel Polok,0.4419016772813819,Pawel Polok,0.558098322718618,Lean,False,0.3846524890318058,0.4755185488628831,0.45503074,0.473946223181687,0.4203603860231304,,,,20261004-002030,2026-10-04 00:20:36.639894,,
575009-13,575009,2026-10-05,2026-10-05 10:00:00,Slawomir Janus,Dariusz Maszczynski,0.5954664906347049,Slawomir Janus,0.5954664906347049,Lean,False,0.6233671704371716,0.619107254199863,0.6197624,0.6183112194629024,0.4967843884192909,,,,20261004-002030,2026-10-04 00:20:36.639894,,
575018-14,575018,2026-10-05,2026-10-05 10:05:00,Michal Malachowski,Krzysztof Kapik,0.2641827511598171,Krzysztof Kapik,0.7358172488401828,Strong,True,0.3991827222440497,0.2080838356708135,0.25226638,0.2210975338707618,0.2402832868028437,,,,20261004-002030,2026-10-04 00:20:36.639894,,
575022-14,575022,2026-10-05,2026-10-05 10:05:00,Grzegorz Felkel,Krzysztof Wloczko,0.3837597343133707,Krzysztof Wloczko,0.6162402656866293,Lean,False,0.4270577249645325,0.4399785100064893,0.39297062,0.3410787391126649,0.3177130758973206,,,,20261004-002030,2026-10-04 00:20:36.639894,,
575016-14,575016,2026-10-05,2026-10-05 10:10:00,Blazej Warpas,Mikolaj Lukaszewski,0.3885346977974838,Mikolaj Lukaszewski,0.6114653022025162,Lean,False,0.4591079749210691,0.4305841172595842,0.35808495,0.3112943875568562,0.3836020623791057,,,,20261004-002030,2026-10-04 00:20:36.639894,,
575020-14,575020,2026-10-05,2026-10-05 10:10:00,Jaroslaw Badura,Sebastian Szostok,0.3661893856978839,Sebastian Szostok,0.633810614302116,Solid,False,0.4607020345806827,0.2675998313717326,0.38443327,0.3764366422877567,0.3417751507485147,,,,20261004-002030,2026-10-04 00:20:36.639894,,
575001-8,575001,2026-10-05,2026-10-05 10:20:00,Grzegorz Wichowski,Rafal Skotniczny,0.4883333088752974,Rafal Skotniczny,0.5116666911247025,Coin flip,False,0.4731897331044034,0.5309462115491964,0.46797293,0.5064067390278337,0.4631509264489903,,,,20261004-002030,2026-10-04 00:20:36.639894,,
575009-14,575009,2026-10-05,2026-10-05 10:20:00,Maciej Lamer,Witold Stechly,0.4662962615355401,Witold Stechly,0.5337037384644598,Coin flip,True,0.5977771024269359,0.4606182232033021,0.40828684,0.4387140540605091,0.4260850882633665,,,,20261004-002030,2026-10-04 00:20:36.639894,,
575018-15,575018,2026-10-05,2026-10-05 10:30:00,Grzegorz Poliniewicz,Miroslav Sklensky,0.5392257296682741,Grzegorz Poliniewicz,0.5392257296682741,Coin flip,False,0.4771411832338147,0.5455821071664457,0.54253936,0.6297323536619555,0.5011336461401159,,,,20261004-002030,2026-10-04 00:20:36.639894,,
575022-15,575022,2026-10-05,2026-10-05 10:30:00,Petr David,Adrian Wiecek,0.5274224579085487,Petr David,0.5274224579085487,Coin flip,False,0.5140371933448573,0.545178813362128,0.52607846,0.5157022816619707,0.536115538573079,,,,20261004-002030,2026-10-04 00:20:36.639894,,
575020-15,575020,2026-10-05,2026-10-05 10:35:00,Piotr Przewlocki,Jakub Pruszkowski,0.5141058564060078,Piotr Przewlocki,0.5141058564060078,Coin flip,False,0.5786849526052412,0.5065641668349983,0.47951305,0.494297919759964,0.5114691937041642,,,,20261004-002030,2026-10-04 00:20:36.639894,,
575016-15,575016,2026-10-05,2026-10-05 10:35:00,Mariusz Zwolinski,Maciej Kolek,0.3341900998573427,Maciej Kolek,0.6658099001426573,Solid,False,0.406082619131988,0.3515760974305583,0.38114235,0.3907112000517603,0.1414382346213359,,,,20261004-002030,2026-10-04 00:20:36.639894,,
575001-9,575001,2026-10-05,2026-10-05 10:45:00,Jerzy Pelka,Jakub Kaczmarek,0.498294022564454,Jakub Kaczmarek,0.501705977435546,Coin flip,False,0.5322219974589796,0.4073075795210244,0.4654132,0.4726585150601584,0.6138688080059236,,,,20261004-002030,2026-10-04 00:20:36.639894,,
575009-15,575009,2026-10-05,2026-10-05 10:45:00,Michal Wolny,Tomasz Kordaszewski,0.4927952236672926,Tomasz Kordaszewski,0.5072047763327073,Coin flip,False,0.563509100192199,0.5357573786534169,0.51137197,0.4638014345633401,0.3895362347508103,,,,20261004-002030,2026-10-04 00:20:36.639894,,
575024-1,575024,2026-10-05,2026-10-05 11:00:00,Artur Sobel,Dominik Solilo,0.6300051070591413,Artur Sobel,0.6300051070591413,Solid,False,0.7485135061407636,0.5795058296203339,0.57995,0.5735268948981016,0.6685293296227741,,,,20261004-002030,2026-10-04 00:20:36.639894,,
575026-1,575026,2026-10-05,2026-10-05 11:00:00,Michal Malachowski,Daniel Kostal,0.5791724334462038,Michal Malachowski,0.5791724334462038,Lean,True,0.4898566440193257,0.6185451265672203,0.57750475,0.6699907814403342,0.5399648611376717,,,,20261004-002030,2026-10-04 00:20:36.639894,,
575030-1,575030,2026-10-05,2026-10-05 11:00:00,Oliver Vincenec,Kacper Slawinski,0.6243988805380662,Oliver Vincenec,0.6243988805380662,Solid,True,0.5844575894514228,0.5620835512445355,0.61178344,0.6067088077347763,0.7569610093781572,,,,20261004-002030,2026-10-04 00:20:36.639894,,
575033-1,575033,2026-10-05,2026-10-05 11:00:00,Grzegorz Felkel,Jakub Kuzmicz,0.4690287678846276,Jakub Kuzmicz,0.5309712321153723,Coin flip,False,0.6248550874219594,0.3977801615327973,0.44936287,0.4006150195774969,0.4725306968598171,,,,20261004-002030,2026-10-04 00:20:36.639894,,
575001-10,575001,2026-10-05,2026-10-05 11:05:00,Yurij Fomin,Rafal Skotniczny,0.419997431216096,Rafal Skotniczny,0.580002568783904,Lean,False,0.3674133717134086,0.4106997414182718,0.38355523,0.4437919527072819,0.4945268567629711,,,,20261004-002030,2026-10-04 00:20:36.639894,,
575033-2,575033,2026-10-05,2026-10-05 11:20:00,Petr David,Jakub Kosowski,0.486422719359014,Jakub Kosowski,0.513577280640986,Coin flip,False,0.5616541111795372,0.3885270813789516,0.48149338,0.4924948367755525,0.5079441838150169,,,,20261004-002030,2026-10-04 00:20:36.639894,,
575026-2,575026,2026-10-05,2026-10-05 11:20:00,Grzegorz Poliniewicz,Michal Olbrycht,0.6611046160273377,Grzegorz Poliniewicz,0.6611046160273377,Solid,False,0.5564847449002435,0.761847274331438,0.6517969,0.7132060334227219,0.622188150098099,,,,20261004-002030,2026-10-04 00:20:36.639894,,
575024-2,575024,2026-10-05,2026-10-05 11:25:00,Mariusz Zwolinski,Bartek Sulkowski,0.6956615712914632,Mariusz Zwolinski,0.6956615712914632,Solid,False,0.6185886077361156,0.7698498807898772,0.7599511,0.7577790706513712,0.5721391826254114,,,,20261004-002030,2026-10-04 00:20:36.639894,,
575030-2,575030,2026-10-05,2026-10-05 11:25:00,Sebastian Szostok,Jakub Pruszkowski,0.4923313300908861,Jakub Pruszkowski,0.5076686699091139,Coin flip,False,0.5257769451935498,0.4433662125736353,0.508419,0.4846385531812248,0.499455962245431,,,,20261004-002030,2026-10-04 00:20:36.639894,,
575001-11,575001,2026-10-05,2026-10-05 11:30:00,Grzegorz Wichowski,Jerzy Pelka,0.4951409741662653,Jerzy Pelka,0.5048590258337347,Coin flip,False,0.4986239547559424,0.4493047590351288,0.5210045,0.5863380832672695,0.4204335757680726,,,,20261004-002030,2026-10-04 00:20:36.639894,,
575033-3,575033,2026-10-05,2026-10-05 11:40:00,Krystian Kolodziej,Adrian Wiecek,0.4675376817699598,Adrian Wiecek,0.5324623182300402,Coin flip,False,0.4488184040923939,0.4062806700104475,0.43329442,0.4356124372051816,0.6136824820678377,,,,20261004-002030,2026-10-04 00:20:36.639894,,
575026-3,575026,2026-10-05,2026-10-05 11:45:00,Mateusz Rutkowski,Miroslav Sklensky,0.3485272354965293,Miroslav Sklensky,0.6514727645034707,Solid,False,0.2234327978856887,0.3546239756296664,0.39688393,0.3687715503021637,0.3989239189288757,,,,20261004-002030,2026-10-04 00:20:36.639894,,
575030-3,575030,2026-10-05,2026-10-05 11:50:00,Jaroslaw Badura,Piotr Przewlocki,0.3230160674675577,Piotr Przewlocki,0.6769839325324423,Solid,False,0.4040065969295519,0.275871329013036,0.3206821,0.2428513834700054,0.3716689195229427,,,,20261004-002030,2026-10-04 00:20:36.639894,,
575024-3,575024,2026-10-05,2026-10-05 11:50:00,Maciej Kolek,Jakub Zochniak,0.5858779172163819,Maciej Kolek,0.5858779172163819,Lean,False,0.573548515831752,0.5722842579019441,0.6087384,0.6366561561406501,0.5381622338137644,,,,20261004-002030,2026-10-04 00:20:36.639894,,
575001-12,575001,2026-10-05,2026-10-05 11:55:00,Jakub Kaczmarek,Pawel Polok,0.3540770954623572,Pawel Polok,0.6459229045376427,Solid,False,0.3669039534503483,0.3169077692695294,0.39698648,0.2993106031814123,0.3902766668829082,,,,20261004-002030,2026-10-04 00:20:36.639894,,
575033-4,575033,2026-10-05,2026-10-05 12:00:00,Grzegorz Felkel,Petr David,0.504046492325761,Grzegorz Felkel,0.504046492325761,Coin flip,False,0.5415345268419144,0.5203460604490808,0.47863185,0.4918087100408906,0.4879113102396068,,,,20261004-002030,2026-10-04 00:20:36.639894,,
575026-4,575026,2026-10-05,2026-10-05 12:05:00,Michal Malachowski,Grzegorz Poliniewicz,0.304849959355515,Grzegorz Poliniewicz,0.6951500406444849,Solid,True,0.4510194542530104,0.301679270856371,0.30089068,0.2742448276488892,0.1964155598914971,,,,20261004-002030,2026-10-04 00:20:36.639894,,
575024-4,575024,2026-10-05,2026-10-05 12:10:00,Artur Sobel,Mariusz Zwolinski,0.6019589465088772,Artur Sobel,0.6019589465088772,Lean,False,0.5835103254526973,0.5958018426182935,0.5872391,0.6257471298140662,0.6174963480313684,,,,20261004-002030,2026-10-04 00:20:36.639894,,
575030-4,575030,2026-10-05,2026-10-05 12:10:00,Oliver Vincenec,Sebastian Szostok,0.4221076462617885,Sebastian Szostok,0.5778923537382115,Lean,False,0.5210444974413424,0.4044007691046403,0.40962613,0.3424614887597859,0.4330053497138065,,,,20261004-002030,2026-10-04 00:20:36.639894,,
575001-13,575001,2026-10-05,2026-10-05 12:20:00,Yurij Fomin,Jerzy Pelka,0.4420244519892377,Jerzy Pelka,0.5579755480107623,Lean,False,0.4883742615119723,0.4519256366693323,0.42422777,0.4180835483179245,0.42751103930374,,,,20261004-002030,2026-10-04 00:20:36.639894,,
575033-5,575033,2026-10-05,2026-10-05 12:25:00,Adrian Wiecek,Jakub Kuzmicz,0.3077784385745872,Jakub Kuzmicz,0.6922215614254128,Solid,False,0.3963125699961967,0.2735931826890482,0.30833393,0.2679517265244169,0.2927007803098504,,,,20261004-002030,2026-10-04 00:20:36.639894,,
575026-5,575026,2026-10-05,2026-10-05 12:30:00,Miroslav Sklensky,Daniel Kostal,0.5615919017091929,Miroslav Sklensky,0.5615919017091929,Lean,False,0.5643201945501245,0.5207045363900684,0.5846,0.5502800702191274,0.588054735615404,,,,20261004-002030,2026-10-04 00:20:36.639894,,
575024-5,575024,2026-10-05,2026-10-05 12:35:00,Jakub Zochniak,Dominik Solilo,0.587442684538696,Jakub Zochniak,0.587442684538696,Lean,False,0.5214962854155795,0.554347453023772,0.6185814,0.6157982544367088,0.6269900155947024,,,,20261004-002030,2026-10-04 00:20:36.639894,,
575030-5,575030,2026-10-05,2026-10-05 12:35:00,Piotr Przewlocki,Kacper Slawinski,0.7281333245496119,Piotr Przewlocki,0.7281333245496119,Strong,True,0.6169880499358986,0.7226860165801038,0.75785166,0.8056375976976906,0.7375032982827484,,,,20261004-002030,2026-10-04 00:20:36.639894,,
575001-14,575001,2026-10-05,2026-10-05 12:40:00,Rafal Skotniczny,Pawel Polok,0.4204541519125365,Pawel Polok,0.5795458480874635,Lean,False,0.5154989039083061,0.4019700506731558,0.4177369,0.3424221961600978,0.4246427208892993,,,,20261004-002030,2026-10-04 00:20:36.639894,,
575033-6,575033,2026-10-05,2026-10-05 12:50:00,Krystian Kolodziej,Jakub Kosowski,0.5080714436114235,Krystian Kolodziej,0.5080714436114235,Coin flip,False,0.4555750688395289,0.4722373223811765,0.5434017,0.5725192856538255,0.4966238230429384,,,,20261004-002030,2026-10-04 00:20:36.639894,,
575026-6,575026,2026-10-05,2026-10-05 12:55:00,Mateusz Rutkowski,Michal Olbrycht,0.59176186426603,Mateusz Rutkowski,0.59176186426603,Lean,False,0.4963005831439382,0.6215002617498224,0.60351527,0.7003331759941575,0.5371600330701003,,,,20261004-002030,2026-10-04 00:20:36.639894,,
575024-6,575024,2026-10-05,2026-10-05 13:00:00,Maciej Kolek,Bartek Sulkowski,0.7490441151900887,Maciej Kolek,0.7490441151900887,Strong,False,0.6242343037845997,0.740887969154736,0.7779505,0.7879615847786277,0.8141861929486665,,,,20261004-002030,2026-10-04 00:20:36.639894,,
575030-6,575030,2026-10-05,2026-10-05 13:00:00,Jaroslaw Badura,Jakub Pruszkowski,0.3611097914713974,Jakub Pruszkowski,0.6388902085286026,Solid,False,0.4864482732024778,0.3361427598757125,0.34335604,0.2775474123205738,0.3620544688578658,,,,20261004-002030,2026-10-04 00:20:36.639894,,
575001-15,575001,2026-10-05,2026-10-05 13:05:00,Grzegorz Wichowski,Jakub Kaczmarek,0.6323427295552756,Grzegorz Wichowski,0.6323427295552756,Solid,False,0.628949993542245,0.6343080298747876,0.6125044,0.6348296310798052,0.6511215706148974,,,,20261004-002030,2026-10-04 00:20:36.639894,,
575033-7,575033,2026-10-05,2026-10-05 13:15:00,Petr David,Jakub Kuzmicz,0.4280442859165214,Jakub Kuzmicz,0.5719557140834786,Lean,False,0.5092790191092685,0.3672236753178755,0.38719666,0.4336392084055896,0.4428828667080638,,,,20261004-002030,2026-10-04 00:20:36.639894,,
575026-7,575026,2026-10-05,2026-10-05 13:20:00,Grzegorz Poliniewicz,Daniel Kostal,0.5380068181536464,Grzegorz Poliniewicz,0.5380068181536464,Coin flip,False,0.5841181460177783,0.489445617445389,0.5506733,0.5093988332843217,0.5563981880324311,,,,20261004-002030,2026-10-04 00:20:36.639894,,
575024-7,575024,2026-10-05,2026-10-05 13:25:00,Mariusz Zwolinski,Dominik Solilo,0.3193540656106889,Dominik Solilo,0.680645934389311,Solid,False,0.4051499059818215,0.3454111015423931,0.3391155,0.2941730106433313,0.2129208094357646,,,,20261004-002030,2026-10-04 00:20:36.639894,,
575030-7,575030,2026-10-05,2026-10-05 13:25:00,Sebastian Szostok,Kacper Slawinski,0.4895712939827557,Kacper Slawinski,0.5104287060172443,Coin flip,True,0.5610450788491304,0.4509448486854817,0.47227868,0.4754381951430118,0.4881496628584841,,,,20261004-002030,2026-10-04 00:20:36.639894,,
575004-1,575004,2026-10-05,2026-10-05 13:30:00,Jerzy Pelka,Pawel Polok,0.43534965274071,Pawel Polok,0.56465034725929,Lean,False,0.4056016527485451,0.4163930092982843,0.43923706,0.4228955576752662,0.492620985818765,,,,20261004-002030,2026-10-04 00:20:36.639894,,
575033-8,575033,2026-10-05,2026-10-05 13:40:00,Grzegorz Felkel,Krystian Kolodziej,0.4573955428307826,Krystian Kolodziej,0.5426044571692173,Coin flip,False,0.4454244579192069,0.4450298930249481,0.40526757,0.4651593709406996,0.5260964258265689,,,,20261004-002030,2026-10-04 00:20:36.639894,,
575026-8,575026,2026-10-05,2026-10-05 13:45:00,Michal Malachowski,Mateusz Rutkowski,0.3965927977283949,Mateusz Rutkowski,0.603407202271605,Lean,True,0.5081340285475943,0.3122204410356309,0.36732468,0.4169800425055979,0.3783047964632007,,,,20261004-002030,2026-10-04 00:20:36.639894,,
575024-8,575024,2026-10-05,2026-10-05 13:50:00,Artur Sobel,Maciej Kolek,0.3028378536448527,Maciej Kolek,0.6971621463551473,Solid,False,0.4388679172810737,0.285472751571788,0.34413776,0.2892651561799022,0.1564456851749132,,,,20261004-002030,2026-10-04 00:20:36.639894,,
575030-8,575030,2026-10-05,2026-10-05 13:50:00,Oliver Vincenec,Jaroslaw Badura,0.521840846658788,Oliver Vincenec,0.521840846658788,Coin flip,False,0.5615317310069781,0.5135653305118856,0.50362873,0.4995090876057415,0.5309693533954091,,,,20261004-002030,2026-10-04 00:20:36.639894,,
575004-2,575004,2026-10-05,2026-10-05 13:55:00,Yurij Fomin,Jakub Kaczmarek,0.5132617095003992,Yurij Fomin,0.5132617095003992,Coin flip,False,0.5277284999738068,0.5199252207864934,0.5161984,0.521999815310523,0.4804566147484333,,,,20261004-002030,2026-10-04 00:20:36.639894,,
575033-9,575033,2026-10-05,2026-10-05 14:05:00,Adrian Wiecek,Jakub Kosowski,0.4279580681508622,Jakub Kosowski,0.5720419318491379,Lean,False,0.4400257939391706,0.4346587546322916,0.40314052,0.4533746574291147,0.4085906196646988,,,,20261004-002030,2026-10-04 00:20:36.639894,,
575026-9,575026,2026-10-05,2026-10-05 14:10:00,Miroslav Sklensky,Michal Olbrycht,0.5197300524122263,Miroslav Sklensky,0.5197300524122263,Coin flip,False,0.5281364178012427,0.5177796438300238,0.5756881,0.5382070114284926,0.4388390652983692,,,,20261004-002030,2026-10-04 00:20:36.639894,,
575030-9,575030,2026-10-05,2026-10-05 14:15:00,Piotr Przewlocki,Jakub Pruszkowski,0.5722131488959024,Piotr Przewlocki,0.5722131488959024,Lean,False,0.5786849526052412,0.5838208630019106,0.5448092,0.5570282256071186,0.5967224810438669,,,,20261004-002030,2026-10-04 00:20:36.639894,,
575024-9,575024,2026-10-05,2026-10-05 14:15:00,Jakub Zochniak,Bartek Sulkowski,0.532765034131228,Jakub Zochniak,0.532765034131228,Coin flip,False,0.6391185186865957,0.5265328539871391,0.49957168,0.4690063021942849,0.5295958147654762,,,,20261004-002030,2026-10-04 00:20:36.639894,,
575004-3,575004,2026-10-05,2026-10-05 14:20:00,Rafal Skotniczny,Grzegorz Wichowski,0.4765080884904182,Grzegorz Wichowski,0.5234919115095817,Coin flip,False,0.5285008453487261,0.4995950108443873,0.46853912,0.4509392521616301,0.4349662153305632,,,,20261004-002030,2026-10-04 00:20:36.639894,,
575033-10,575033,2026-10-05,2026-10-05 14:30:00,Petr David,Krystian Kolodziej,0.5682765986683729,Petr David,0.5682765986683729,Lean,False,0.5037536444611765,0.6295513326955068,0.60108805,0.5867756080538371,0.5202143611037562,,,,20261004-002030,2026-10-04 00:20:36.639894,,
575026-10,575026,2026-10-05,2026-10-05 14:35:00,Grzegorz Poliniewicz,Mateusz Rutkowski,0.5254981341826109,Grzegorz Poliniewicz,0.5254981341826109,Coin flip,False,0.5076133040991686,0.5533456944878987,0.49806336,0.5624168696040149,0.5060514470376918,,,,20261004-002030,2026-10-04 00:20:36.639894,,
575024-10,575024,2026-10-05,2026-10-05 14:40:00,Mariusz Zwolinski,Maciej Kolek,0.3196179617533176,Maciej Kolek,0.6803820382466823,Solid,False,0.4053612027557067,0.3670181116301647,0.35185298,0.3231444890391091,0.1507130221052947,,,,20261004-002030,2026-10-04 00:20:36.639894,,
575030-10,575030,2026-10-05,2026-10-05 14:40:00,Sebastian Szostok,Jaroslaw Badura,0.5289697350442731,Sebastian Szostok,0.5289697350442731,Coin flip,False,0.5406980338106411,0.5567443642261056,0.5373559,0.5088956449937792,0.5011547323800486,,,,20261004-002030,2026-10-04 00:20:36.639894,,
575004-4,575004,2026-10-05,2026-10-05 14:45:00,Jerzy Pelka,Yurij Fomin,0.5298759202067487,Jerzy Pelka,0.5298759202067487,Coin flip,False,0.5132438062119726,0.5232147911142341,0.5233851,0.569483515252722,0.5200523809375723,,,,20261004-002030,2026-10-04 00:20:36.639894,,
575033-11,575033,2026-10-05,2026-10-05 14:55:00,Grzegorz Felkel,Adrian Wiecek,0.3678002341544545,Adrian Wiecek,0.6321997658455455,Solid,False,0.3634457061402258,0.2391482374044605,0.35561568,0.3497690412122251,0.5310225105659896,,,,20261004-002030,2026-10-04 00:20:36.639894,,
575026-11,575026,2026-10-05,2026-10-05 15:00:00,Michal Malachowski,Miroslav Sklensky,0.4590615489931809,Miroslav Sklensky,0.540938451006819,Coin flip,True,0.4254499383180148,0.4803901323088878,0.47109506,0.5190866657647475,0.3992859532325338,,,,20261004-002030,2026-10-04 00:20:36.639894,,
575030-11,575030,2026-10-05,2026-10-05 15:05:00,Oliver Vincenec,Piotr Przewlocki,0.5331451810831573,Oliver Vincenec,0.5331451810831573,Coin flip,False,0.4675580666624748,0.5388564975674778,0.57601255,0.5916407748868817,0.4916580145144372,,,,20261004-002030,2026-10-04 00:20:36.639894,,
575024-11,575024,2026-10-05,2026-10-05 15:05:00,Artur Sobel,Jakub Zochniak,0.464213879336938,Jakub Zochniak,0.535786120663062,Coin flip,False,0.4711099370276386,0.4792126556104237,0.4793863,0.5068566424090086,0.3845038617890627,,,,20261004-002030,2026-10-04 00:20:36.639894,,
575004-5,575004,2026-10-05,2026-10-05 15:10:00,Grzegorz Wichowski,Pawel Polok,0.51859372662651,Grzegorz Wichowski,0.51859372662651,Coin flip,False,0.498630305906612,0.5385501535554451,0.531732,0.5314813214229043,0.4925748294852898,,,,20261004-002030,2026-10-04 00:20:36.639894,,
575033-12,575033,2026-10-05,2026-10-05 15:20:00,Jakub Kosowski,Jakub Kuzmicz,0.5264557574975471,Jakub Kosowski,0.5264557574975471,Coin flip,False,0.5041365362524036,0.6371125077691466,0.46914232,0.4920993525856342,0.5297880731086394,,,,20261004-002030,2026-10-04 00:20:36.639894,,
575026-12,575026,2026-10-05,2026-10-05 15:25:00,Michal Olbrycht,Daniel Kostal,0.4027882118747759,Daniel Kostal,0.5972117881252241,Lean,False,0.4358301612590566,0.445866885174971,0.38736472,0.3686723646303239,0.3762069329717745,,,,20261004-002030,2026-10-04 00:20:36.639894,,
575004-6,575004,2026-10-05,2026-10-05 15:30:00,Rafal Skotniczny,Jakub Kaczmarek,0.6832231492614933,Rafal Skotniczny,0.6832231492614933,Solid,False,0.5662933728286509,0.7840141392776873,0.71685255,0.7597260732102699,0.589229615252638,,,,20261004-002030,2026-10-04 00:20:36.639894,,
575024-12,575024,2026-10-05,2026-10-05 15:30:00,Bartek Sulkowski,Dominik Solilo,0.4916290567031491,Dominik Solilo,0.5083709432968508,Coin flip,False,0.4770984297099649,0.4678719332499114,0.5228915,0.5654263872972732,0.4248570118047382,,,,20261004-002030,2026-10-04 00:20:36.639894,,
575030-12,575030,2026-10-05,2026-10-05 15:30:00,Jakub Pruszkowski,Kacper Slawinski,0.712067114265254,Jakub Pruszkowski,0.712067114265254,Strong,True,0.5383427028204871,0.7616560279501556,0.73117733,0.8035210586602316,0.7256384518783058,,,,20261004-002030,2026-10-04 00:20:36.639894,,
575033-13,575033,2026-10-05,2026-10-05 15:45:00,Petr David,Adrian Wiecek,0.4991191413358237,Adrian Wiecek,0.5008808586641762,Coin flip,False,0.5168891090457172,0.5168300084569986,0.49055856,0.4439515948065883,0.5273664297068812,,,,20261004-002030,2026-10-04 00:20:36.639894,,
575026-13,575026,2026-10-05,2026-10-05 15:50:00,Grzegorz Poliniewicz,Miroslav Sklensky,0.5176363679918795,Grzegorz Poliniewicz,0.5176363679918795,Coin flip,False,0.4729079806997,0.5089220908611563,0.5006657,0.6017545185162587,0.503931525604786,,,,20261004-002030,2026-10-04 00:20:36.639894,,
575004-7,575004,2026-10-05,2026-10-05 15:55:00,Yurij Fomin,Pawel Polok,0.4749404578511296,Pawel Polok,0.5250595421488704,Coin flip,False,0.3912535188208486,0.5256479879624406,0.5007734,0.5028880112808896,0.4541394009255085,,,,20261004-002030,2026-10-04 00:20:36.639894,,
575024-13,575024,2026-10-05,2026-10-05 15:55:00,Mariusz Zwolinski,Jakub Zochniak,0.446876394803396,Jakub Zochniak,0.553123605196604,Lean,False,0.4356487492293086,0.5003116268567067,0.46526465,0.4448338936383726,0.3883230560935107,,,,20261004-002030,2026-10-04 00:20:36.639894,,
575030-13,575030,2026-10-05,2026-10-05 15:55:00,Sebastian Szostok,Piotr Przewlocki,0.4025227150020132,Piotr Przewlocki,0.5974772849979868,Lean,False,0.4452425810312491,0.4064209079951407,0.41180217,0.3238881163148647,0.4252597970079839,,,,20261004-002030,2026-10-04 00:20:36.639894,,
575033-14,575033,2026-10-05,2026-10-05 16:10:00,Krystian Kolodziej,Jakub Kuzmicz,0.4074730205089597,Jakub Kuzmicz,0.5925269794910403,Lean,False,0.3569309430660152,0.3475256752927256,0.39855778,0.3746929352275119,0.559657766785389,,,,20261004-002030,2026-10-04 00:20:36.639894,,
575026-14,575026,2026-10-05,2026-10-05 16:15:00,Mateusz Rutkowski,Daniel Kostal,0.4494638716440916,Daniel Kostal,0.5505361283559085,Lean,False,0.4745754180316816,0.4268517891973614,0.42711627,0.4117099210315418,0.5070659551261938,,,,20261004-002030,2026-10-04 00:20:36.639894,,
575004-8,575004,2026-10-05,2026-10-05 16:20:00,Jerzy Pelka,Rafal Skotniczny,0.4833671966524588,Rafal Skotniczny,0.5166328033475411,Coin flip,False,0.3796988867522972,0.5640196280065313,0.49615657,0.5409482611805037,0.4360126340273688,,,,20261004-002030,2026-10-04 00:20:36.639894,,
575024-14,575024,2026-10-05,2026-10-05 16:20:00,Maciej Kolek,Dominik Solilo,0.6191849490429467,Maciej Kolek,0.6191849490429467,Lean,False,0.6426774504742226,0.6024470411823857,0.66808426,0.6549529983341954,0.5277629914223552,,,,20261004-002030,2026-10-04 00:20:36.639894,,
575030-14,575030,2026-10-05,2026-10-05 16:20:00,Jaroslaw Badura,Kacper Slawinski,0.455588011468353,Kacper Slawinski,0.544411988531647,Coin flip,True,0.5176886626503915,0.4225680391338836,0.42970258,0.4563032010640284,0.4516775745183332,,,,20261004-002030,2026-10-04 00:20:36.639894,,
575033-15,575033,2026-10-05,2026-10-05 16:35:00,Grzegorz Felkel,Jakub Kosowski,0.4373286506681192,Jakub Kosowski,0.5626713493318807,Lean,False,0.5008417851906224,0.4339673744913438,0.4222866,0.4909508645722393,0.338596629211894,,,,20261004-002030,2026-10-04 00:20:36.639894,,
575026-15,575026,2026-10-05,2026-10-05 16:35:00,Michal Malachowski,Michal Olbrycht,0.2841947419761567,Michal Olbrycht,0.7158052580238433,Strong,True,0.4546148603799907,0.2898349618230523,0.29479507,0.2327084481610433,0.1490203733984569,,,,20261004-002030,2026-10-04 00:20:36.639894,,
575024-15,575024,2026-10-05,2026-10-05 16:40:00,Artur Sobel,Bartek Sulkowski,0.6560431503419186,Artur Sobel,0.6560431503419186,Solid,False,0.6595675119547364,0.6819260199257882,0.6417415,0.6577544083602423,0.6392262972628939,,,,20261004-002030,2026-10-04 00:20:36.639894,,
575030-15,575030,2026-10-05,2026-10-05 16:40:00,Oliver Vincenec,Jakub Pruszkowski,0.5527061833933098,Oliver Vincenec,0.5527061833933098,Lean,False,0.5481405744396773,0.5964154786801446,0.54466033,0.4955780136468794,0.5787365203811216,,,,20261004-002030,2026-10-04 00:20:36.639894,,
575004-9,575004,2026-10-05,2026-10-05 16:45:00,Grzegorz Wichowski,Jakub Kaczmarek,0.6139512362272426,Grzegorz Wichowski,0.6139512362272426,Lean,False,0.6309112393629361,0.5830233536513885,0.61660576,0.6093678268474017,0.6298480026074943,,,,20261004-002030,2026-10-04 00:20:36.639894,,
575035-1,575035,2026-10-05,2026-10-05 17:00:00,Bartosz Kwodawski,Karol Sulkowski,0.5545523676823615,Bartosz Kwodawski,0.5545523676823615,Lean,False,0.4953770814378345,0.593333533713555,0.58074343,0.6476358954842713,0.4556718957311634,,,,20261004-002030,2026-10-04 00:20:36.639894,,
575037-1,575037,2026-10-05,2026-10-05 17:00:00,Miroslaw Lewczuk,Henryk Tkaczyk,0.491085389066365,Henryk Tkaczyk,0.5089146109336349,Coin flip,False,0.5262254481689251,0.5114257525725071,0.4825995,0.5201028102607312,0.4150734374882311,,,,20261004-002030,2026-10-04 00:20:36.639894,,
575039-1,575039,2026-10-05,2026-10-05 17:00:00,Kamil Rudomina,Jakub Glanowski,0.2535599072226749,Jakub Glanowski,0.746440092777325,Strong,False,0.2186318586721976,0.2091493903612371,0.20668891,0.1965842153018233,0.4367451610553839,,,,20261004-002030,2026-10-04 00:20:36.639894,,
575004-10,575004,2026-10-05,2026-10-05 17:05:00,Yurij Fomin,Rafal Skotniczny,0.4088895420852856,Rafal Skotniczny,0.5911104579147144,Lean,False,0.3670343218515065,0.4146504473564099,0.3684882,0.4183383112470729,0.4759364374131498,,,,20261004-002030,2026-10-04 00:20:36.639894,,
575011-1,575011,2026-10-05,2026-10-05 17:10:00,Artur Zmijewski,Artur Kubiak,0.4234961451318277,Artur Kubiak,0.5765038548681722,Lean,False,0.491901163211454,0.4168605246479167,0.4380385,0.3582466374730816,0.4124339021634632,,,,20261004-002030,2026-10-04 00:20:36.639894,,
575035-2,575035,2026-10-05,2026-10-05 17:25:00,Jacek Przewlocki,Marcin Kowalczyk,0.4327411884830899,Marcin Kowalczyk,0.56725881151691,Lean,False,0.4117204549425451,0.5124526519798431,0.41215253,0.4201456611218773,0.407234645608367,,,,20261004-002030,2026-10-04 00:20:36.639894,,
575037-2,575037,2026-10-05,2026-10-05 17:25:00,Michal Kumor,Andrzej Krezel,0.3521616383320081,Andrzej Krezel,0.6478383616679919,Solid,True,0.4382476854133936,0.312663685949033,0.3559383,0.3235467291667346,0.330411805541661,,,,20261004-002030,2026-10-04 00:20:36.639894,,
575039-2,575039,2026-10-05,2026-10-05 17:25:00,Rafal Stapor,Adam Linek,0.4726260523627775,Adam Linek,0.5273739476372225,Coin flip,False,0.4860370232715305,0.4381061117196832,0.47132686,0.4285317284648007,0.5391285405526209,,,,20261004-002030,2026-10-04 00:20:36.639894,,
575004-11,575004,2026-10-05,2026-10-05 17:30:00,Jerzy Pelka,Grzegorz Wichowski,0.5102050058104053,Jerzy Pelka,0.5102050058104053,Coin flip,False,0.5082958577242973,0.5075457712405345,0.4906734,0.503393739372139,0.5411162677039622,,,,20261004-002030,2026-10-04 00:20:36.639894,,
575011-2,575011,2026-10-05,2026-10-05 17:35:00,Jakub Cyndera,Adam Staniczek,0.6232235306044561,Jakub Cyndera,0.6232235306044561,Solid,False,0.5358286683947164,0.5791572892229444,0.7040141,0.7096927759861665,0.5874247969323387,,,,20261004-002030,2026-10-04 00:20:36.639894,,
575039-3,575039,2026-10-05,2026-10-05 17:45:00,Artur Gromek,Mateusz Trela,0.408903231268507,Mateusz Trela,0.591096768731493,Lean,True,0.4655939058526643,0.3885053572392482,0.4188847,0.3750005229623054,0.3965316757120535,,,,20261004-002030,2026-10-04 00:20:36.639894,,
575037-3,575037,2026-10-05,2026-10-05 17:50:00,Mariusz Leczycki,Marcin Zielinski,0.4832584768837155,Marcin Zielinski,0.5167415231162844,Coin flip,False,0.4485975795919311,0.5492997596490481,0.5320533,0.4514836955207833,0.434858057859177,,,,20261004-002030,2026-10-04 00:20:36.639894,,
575035-3,575035,2026-10-05,2026-10-05 17:50:00,Kuba Golaszewski,Piotr Strus,0.6919775411336683,Kuba Golaszewski,0.6919775411336683,Solid,True,0.7391427323227507,0.6291359707633266,0.642123,0.704811100208178,0.7446749184415908,,,,20261004-002030,2026-10-04 00:20:36.639894,,
575004-12,575004,2026-10-05,2026-10-05 17:55:00,Jakub Kaczmarek,Pawel Polok,0.3268497071707802,Pawel Polok,0.6731502928292198,Solid,False,0.3667479451648776,0.2928590919809044,0.35517755,0.2832771583700859,0.3361867888300832,,,,20261004-002030,2026-10-04 00:20:36.639894,,
575011-3,575011,2026-10-05,2026-10-05 18:00:00,Piotr Gesiarz,Dariusz Maszczynski,0.6129533490251232,Piotr Gesiarz,0.6129533490251232,Lean,False,0.3774053932247644,0.7429226481249024,0.6939014,0.7271006666370373,0.5234366174993245,,,,20261004-002030,2026-10-04 00:20:36.639894,,
575039-4,575039,2026-10-05,2026-10-05 18:05:00,Kamil Rudomina,Rafal Stapor,0.5448290360980742,Kamil Rudomina,0.5448290360980742,Coin flip,False,0.5045827521903824,0.5982399844292783,0.5349499,0.5368217678455774,0.5495507773053452,,,,20261004-002030,2026-10-04 00:20:36.639894,,
575035-4,575035,2026-10-05,2026-10-05 18:15:00,Bartosz Kwodawski,Jacek Przewlocki,0.6104011006783184,Bartosz Kwodawski,0.6104011006783184,Lean,False,0.5471073888143594,0.634744567898724,0.58903164,0.6805308687244327,0.6005910412391409,,,,20261004-002030,2026-10-04 00:20:36.639894,,
575037-4,575037,2026-10-05,2026-10-05 18:15:00,Miroslaw Lewczuk,Michal Kumor,0.6677347386638441,Miroslaw Lewczuk,0.6677347386638441,Solid,True,0.564229864510877,0.6637239074591956,0.6544369,0.7056779626116184,0.7506050724269517,,,,20261004-002030,2026-10-04 00:20:36.639894,,
575004-13,575004,2026-10-05,2026-10-05 18:20:00,Yurij Fomin,Grzegorz Wichowski,0.3964371280273719,Grzegorz Wichowski,0.603562871972628,Lean,False,0.395296984426998,0.4559966515558831,0.35814068,0.406069246106367,0.3666820808339423,,,,20261004-002030,2026-10-04 00:20:36.639894,,
575011-4,575011,2026-10-05,2026-10-05 18:25:00,Artur Zmijewski,Jakub Cyndera,0.5161860870394352,Artur Zmijewski,0.5161860870394352,Coin flip,False,0.4484513393578626,0.5270450380850187,0.53314793,0.5799586847440843,0.4923274419112726,,,,20261004-002030,2026-10-04 00:20:36.639894,,
575039-5,575039,2026-10-05,2026-10-05 18:30:00,Mateusz Trela,Jakub Glanowski,0.445080705520354,Jakub Glanowski,0.5549192944796459,Lean,False,0.5082454995034378,0.469749470190254,0.36869022,0.4157810754539585,0.4629372599523652,,,,20261004-002030,2026-10-04 00:20:36.639894,,
575035-5,575035,2026-10-05,2026-10-05 18:35:00,Piotr Strus,Karol Sulkowski,0.5384103342597552,Piotr Strus,0.5384103342597552,Coin flip,False,0.5215512422167983,0.5654304307213974,0.5284357,0.5475670607990204,0.5290672304692744,,,,20261004-002030,2026-10-04 00:20:36.639894,,
575037-5,575037,2026-10-05,2026-10-05 18:35:00,Marcin Zielinski,Henryk Tkaczyk,0.3884214376159737,Henryk Tkaczyk,0.6115785623840262,Lean,False,0.4256530916409528,0.3611219045669172,0.41442832,0.4001352287044334,0.3407686396602564,,,,20261004-002030,2026-10-04 00:20:36.639894,,
575004-14,575004,2026-10-05,2026-10-05 18:40:00,Rafal Skotniczny,Pawel Polok,0.4788317709408949,Pawel Polok,0.5211682290591051,Coin flip,False,0.5228459366609569,0.4965033057746732,0.40187845,0.4081990161874735,0.56473214974081,,,,20261004-002030,2026-10-04 00:20:36.639894,,
575011-5,575011,2026-10-05,2026-10-05 18:50:00,Dariusz Maszczynski,Artur Kubiak,0.3393639448764826,Artur Kubiak,0.6606360551235174,Solid,False,0.4456314308002431,0.3492577565058403,0.29708216,0.2806118088408046,0.3242365722926078,,,,20261004-002030,2026-10-04 00:20:36.639894,,
575035-6,575035,2026-10-05,2026-10-05 18:55:00,Kuba Golaszewski,Marcin Kowalczyk,0.4363107023992011,Marcin Kowalczyk,0.5636892976007988,Lean,True,0.5083108340698583,0.4294489266477592,0.39539936,0.411663630099548,0.436730759330009,,,,20261004-002030,2026-10-04 00:20:36.639894,,
575037-6,575037,2026-10-05,2026-10-05 18:55:00,Mariusz Leczycki,Andrzej Krezel,0.5217062053907845,Mariusz Leczycki,0.5217062053907845,Coin flip,False,0.6004190578756969,0.5174416618162253,0.5049727,0.5253286414207816,0.4603689695368972,,,,20261004-002030,2026-10-04 00:20:36.639894,,
575039-6,575039,2026-10-05,2026-10-05 18:55:00,Artur Gromek,Adam Linek,0.5190075373178974,Artur Gromek,0.5190075373178974,Coin flip,True,0.5258976713962227,0.4741613796452847,0.50819826,0.5016506896835876,0.5851296846034055,,,,20261004-002030,2026-10-04 00:20:36.639894,,
575004-15,575004,2026-10-05,2026-10-05 19:05:00,Jerzy Pelka,Jakub Kaczmarek,0.5025615449375731,Jerzy Pelka,0.5025615449375731,Coin flip,False,0.5434739628461165,0.4442853115820089,0.470917,0.4978436662194056,0.5562877975748806,,,,20261004-002030,2026-10-04 00:20:36.639894,,
575011-6,575011,2026-10-05,2026-10-05 19:10:00,Piotr Gesiarz,Adam Staniczek,0.5324403645728254,Piotr Gesiarz,0.5324403645728254,Coin flip,False,0.5330648315923925,0.525878862236744,0.606269,0.5156859878514608,0.481303139222775,,,,20261004-002030,2026-10-04 00:20:36.639894,,
575035-7,575035,2026-10-05,2026-10-05 19:20:00,Jacek Przewlocki,Karol Sulkowski,0.4453809567314456,Karol Sulkowski,0.5546190432685544,Lean,False,0.4457635362602231,0.4564051377288531,0.44915876,0.4255391087457868,0.4500382429973315,,,,20261004-002030,2026-10-04 00:20:36.639894,,
575037-7,575037,2026-10-05,2026-10-05 19:20:00,Michal Kumor,Henryk Tkaczyk,0.2599112577258006,Henryk Tkaczyk,0.7400887422741993,Strong,True,0.3189871559505072,0.2803726365314655,0.29076728,0.243586538624562,0.1658426752749249,,,,20261004-002030,2026-10-04 00:20:36.639894,,
575039-7,575039,2026-10-05,2026-10-05 19:20:00,Rafal Stapor,Jakub Glanowski,0.270668612002389,Jakub Glanowski,0.729331387997611,Strong,False,0.3403625429184232,0.2504766766298875,0.27786666,0.2755052080766728,0.2091319708383469,,,,20261004-002030,2026-10-04 00:20:36.639894,,
575006-1,575006,2026-10-05,2026-10-05 19:30:00,Lukasz Oracz,Wojciech Urban,0.5035823856620142,Lukasz Oracz,0.5035823856620142,Coin flip,False,0.5067684844048634,0.4974746137253331,0.53117806,0.5691350673516857,0.4133557056344323,,,,20261004-002030,2026-10-04 00:20:36.639894,,
575011-7,575011,2026-10-05,2026-10-05 19:35:00,Jakub Cyndera,Artur Kubiak,0.632667565530625,Jakub Cyndera,0.632667565530625,Solid,False,0.5418149435360625,0.6340372798458013,0.6597407,0.7328646176137715,0.5948803002408638,,,,20261004-002030,2026-10-04 00:20:36.639894,,
575039-8,575039,2026-10-05,2026-10-05 19:40:00,Kamil Rudomina,Artur Gromek,0.4018138703675662,Artur Gromek,0.5981861296324338,Lean,True,0.4721778893446014,0.4043208794424714,0.37995368,0.3160137259271426,0.4366031747009775,,,,20261004-002030,2026-10-04 00:20:36.639894,,
575035-8,575035,2026-10-05,2026-10-05 19:45:00,Bartosz Kwodawski,Kuba Golaszewski,0.4098910776994169,Kuba Golaszewski,0.5901089223005831,Lean,True,0.4462036888537296,0.4358599391496104,0.3653535,0.3562057790142755,0.4458324865968858,,,,20261004-002030,2026-10-04 00:20:36.639894,,
575037-8,575037,2026-10-05,2026-10-05 19:45:00,Miroslaw Lewczuk,Mariusz Leczycki,0.6465110537052945,Miroslaw Lewczuk,0.6465110537052945,Solid,False,0.503472733703189,0.6640438686685349,0.65265775,0.7014059734225551,0.7109749454635161,,,,20261004-002030,2026-10-04 00:20:36.639894,,
575006-2,575006,2026-10-05,2026-10-05 19:55:00,Kacper Adamus,Piotr Gumulinski,0.3606895087625446,Piotr Gumulinski,0.6393104912374554,Solid,False,0.3719257910415995,0.3391031496396533,0.33275557,0.368661636630556,0.3910014008576037,,,,20261004-002030,2026-10-04 00:20:36.639894,,
575011-8,575011,2026-10-05,2026-10-05 20:00:00,Artur Zmijewski,Piotr Gesiarz,0.5539245594589246,Artur Zmijewski,0.5539245594589246,Lean,False,0.503856957605767,0.590592689558266,0.52446234,0.6125500279102404,0.538160779958081,,,,20261004-002030,2026-10-04 00:20:36.639894,,
575039-9,575039,2026-10-05,2026-10-05 20:05:00,Mateusz Trela,Adam Linek,0.6118954981492027,Mateusz Trela,0.6118954981492027,Lean,False,0.5617841349553088,0.643438448781008,0.6074525,0.6593056122767585,0.5874967829455241,,,,20261004-002030,2026-10-04 00:20:36.639894,,
575037-9,575037,2026-10-05,2026-10-05 20:10:00,Marcin Zielinski,Andrzej Krezel,0.5231881533740557,Marcin Zielinski,0.5231881533740557,Coin flip,False,0.5496056218783871,0.5332704005495079,0.56880647,0.4490075651381575,0.5152507098637652,,,,20261004-002030,2026-10-04 00:20:36.639894,,
575035-9,575035,2026-10-05,2026-10-05 20:10:00,Piotr Strus,Marcin Kowalczyk,0.3915029413047908,Marcin Kowalczyk,0.6084970586952092,Lean,False,0.4279007925477272,0.4075406177474373,0.3748799,0.3459284781753588,0.4012649214126529,,,,20261004-002030,2026-10-04 00:20:36.639894,,
575006-3,575006,2026-10-05,2026-10-05 20:20:00,Kamil Kowalski,Dawid Dytko,0.3044943563629949,Dawid Dytko,0.6955056436370051,Solid,False,0.4173061100729329,0.290419641417786,0.2814824,0.2354926239262104,0.2977710078880659,,,,20261004-002030,2026-10-04 00:20:36.639894,,
575011-9,575011,2026-10-05,2026-10-05 20:25:00,Dariusz Maszczynski,Adam Staniczek,0.4522922108811644,Adam Staniczek,0.5477077891188356,Coin flip,False,0.4368649385612115,0.4255493364507358,0.42744166,0.4088478853480324,0.5627572374563344,,,,20261004-002030,2026-10-04 00:20:36.639894,,
575035-10,575035,2026-10-05,2026-10-05 20:30:00,Jacek Przewlocki,Kuba Golaszewski,0.3479003440445625,Kuba Golaszewski,0.6520996559554375,Solid,True,0.3995585259929576,0.3622703653373064,0.34455454,0.2785784504803731,0.3545398349169971,,,,20261004-002030,2026-10-04 00:20:36.639894,,
575037-10,575037,2026-10-05,2026-10-05 20:30:00,Michal Kumor,Mariusz Leczycki,0.4580263196196819,Mariusz Leczycki,0.5419736803803181,Coin flip,True,0.4386238099571001,0.4620277900326027,0.44586447,0.472250355821065,0.4713651734746987,,,,20261004-002030,2026-10-04 00:20:36.639894,,
575039-10,575039,2026-10-05,2026-10-05 20:30:00,Rafal Stapor,Artur Gromek,0.3934896189006509,Artur Gromek,0.6065103810993491,Lean,True,0.4678971444953581,0.3892494619803327,0.36147612,0.2689262623906693,0.4798991023039174,,,,20261004-002030,2026-10-04 00:20:36.639894,,
575006-4,575006,2026-10-05,2026-10-05 20:45:00,Lukasz Oracz,Kacper Adamus,0.5167584234382461,Lukasz Oracz,0.5167584234382461,Coin flip,False,0.4024266692901996,0.5141425185119279,0.51789093,0.5217135532497047,0.6276184459636168,,,,20261004-002030,2026-10-04 00:20:36.639894,,
575011-10,575011,2026-10-05,2026-10-05 20:45:00,Jakub Cyndera,Piotr Gesiarz,0.6076521937499693,Jakub Cyndera,0.6076521937499693,Lean,False,0.5053569522192604,0.6091537647813179,0.63329494,0.6547905708714172,0.6356647408830387,,,,20261004-002030,2026-10-04 00:20:36.639894,,
575039-11,575039,2026-10-05,2026-10-05 20:50:00,Kamil Rudomina,Mateusz Trela,0.3938370805285221,Mateusz Trela,0.6061629194714779,Lean,False,0.4351884473738059,0.4044068444026596,0.33963832,0.3646045518783088,0.4253472363960544,,,,20261004-002030,2026-10-04 00:20:36.639894,,
575037-11,575037,2026-10-05,2026-10-05 20:55:00,Miroslaw Lewczuk,Marcin Zielinski,0.5051392292228338,Miroslaw Lewczuk,0.5051392292228338,Coin flip,False,0.5535797167847492,0.4648489664520319,0.5049932,0.5242910963424667,0.4779831662327968,,,,20261004-002030,2026-10-04 00:20:36.639894,,
575035-11,575035,2026-10-05,2026-10-05 20:55:00,Bartosz Kwodawski,Piotr Strus,0.602518703318004,Bartosz Kwodawski,0.602518703318004,Lean,False,0.5251701272144873,0.6361421757099202,0.5899145,0.6848974265199683,0.5764692864322953,,,,20261004-002030,2026-10-04 00:20:36.639894,,
575006-5,575006,2026-10-05,2026-10-05 21:10:00,Dawid Dytko,Wojciech Urban,0.4036131980397891,Wojciech Urban,0.5963868019602109,Lean,False,0.409541618719437,0.4665066120251845,0.3534302,0.3939389452038978,0.3946486027063892,,,,20261004-002030,2026-10-04 00:20:36.639894,,
575011-11,575011,2026-10-05,2026-10-05 21:10:00,Artur Zmijewski,Dariusz Maszczynski,0.6977069988567469,Artur Zmijewski,0.6977069988567469,Solid,False,0.5977364702899467,0.777170097135374,0.725726,0.7252558679254393,0.6626465505177525,,,,20261004-002030,2026-10-04 00:20:36.639894,,
575039-12,575039,2026-10-05,2026-10-05 21:15:00,Adam Linek,Jakub Glanowski,0.2990920207968395,Jakub Glanowski,0.7009079792031605,Strong,False,0.3496177108255652,0.355112560863366,0.24568442,0.2584635022272736,0.2865819149659874,,,,20261004-002030,2026-10-04 00:20:36.639894,,
575035-12,575035,2026-10-05,2026-10-05 21:20:00,Marcin Kowalczyk,Karol Sulkowski,0.5134282922633744,Marcin Kowalczyk,0.5134282922633744,Coin flip,False,0.5429712021993385,0.4666193619873542,0.5302139,0.5272115252911385,0.5001254793791712,,,,20261004-002030,2026-10-04 00:20:36.639894,,
575037-12,575037,2026-10-05,2026-10-05 21:20:00,Andrzej Krezel,Henryk Tkaczyk,0.3588346237215701,Henryk Tkaczyk,0.6411653762784298,Solid,False,0.3767717669350371,0.3604548598691411,0.3325067,0.3759365496981645,0.3485032556564569,,,,20261004-002030,2026-10-04 00:20:36.639894,,
575006-6,575006,2026-10-05,2026-10-05 21:30:00,Kamil Kowalski,Piotr Gumulinski,0.2112582919915039,Piotr Gumulinski,0.7887417080084961,Strong,False,0.2252946493199905,0.2110937769257457,0.2412889,0.1880287550264929,0.1905853783099241,,,,20261004-002030,2026-10-04 00:20:36.639894,,
575011-12,575011,2026-10-05,2026-10-05 21:35:00,Adam Staniczek,Artur Kubiak,0.5094903602033639,Adam Staniczek,0.5094903602033639,Coin flip,False,0.5077421261288504,0.5046172511346791,0.50170934,0.491540935462385,0.5418421462880363,,,,20261004-002030,2026-10-04 00:20:36.639894,,
575039-13,575039,2026-10-05,2026-10-05 21:40:00,Rafal Stapor,Mateusz Trela,0.5050062962105354,Rafal Stapor,0.5050062962105354,Coin flip,False,0.5289510621109047,0.4764285118572261,0.45582587,0.535846296408689,0.5279797454071496,,,,20261004-002030,2026-10-04 00:20:36.639894,,
575037-13,575037,2026-10-05,2026-10-05 21:40:00,Michal Kumor,Marcin Zielinski,0.3401808249437624,Marcin Zielinski,0.6598191750562376,Solid,True,0.3897172520141798,0.3292346011198028,0.3169997,0.2895049179798594,0.3754476499592641,,,,20261004-002030,2026-10-04 00:20:36.639894,,
575035-13,575035,2026-10-05,2026-10-05 21:40:00,Jacek Przewlocki,Piotr Strus,0.4233683073587206,Piotr Strus,0.5766316926412793,Lean,False,0.4765277619836149,0.4764523707920393,0.4105054,0.3433383914818368,0.4100175985270177,,,,20261004-002030,2026-10-04 00:20:36.639894,,
575006-7,575006,2026-10-05,2026-10-05 21:55:00,Kacper Adamus,Wojciech Urban,0.5764720803833593,Kacper Adamus,0.5764720803833593,Lean,False,0.5014183660280486,0.6284937038191956,0.61105037,0.6605455628882908,0.4808524018259146,,,,20261004-002030,2026-10-04 00:20:36.639894,,
575011-13,575011,2026-10-05,2026-10-05 22:00:00,Jakub Cyndera,Dariusz Maszczynski,0.6673535207182527,Jakub Cyndera,0.6673535207182527,Solid,False,0.5980763175874759,0.7429997436109526,0.64987105,0.712274870353897,0.6335456207274454,,,,20261004-002030,2026-10-04 00:20:36.639894,,
575035-14,575035,2026-10-05,2026-10-05 22:05:00,Kuba Golaszewski,Karol Sulkowski,0.474680218955401,Karol Sulkowski,0.525319781044599,Coin flip,True,0.544107087551883,0.4624782190399191,0.43826023,0.4038249121753665,0.5247306485680485,,,,20261004-002030,2026-10-04 00:20:36.639894,,
575037-14,575037,2026-10-05,2026-10-05 22:05:00,Mariusz Leczycki,Henryk Tkaczyk,0.3627560920479598,Henryk Tkaczyk,0.6372439079520402,Solid,False,0.3718484269330764,0.349126733400887,0.3836206,0.3381104066940005,0.3710743032402928,,,,20261004-002030,2026-10-04 00:20:36.639894,,
575039-14,575039,2026-10-05,2026-10-05 22:05:00,Artur Gromek,Jakub Glanowski,0.3383486273553531,Jakub Glanowski,0.6616513726446469,Solid,True,0.3676609555284862,0.3600767466799798,0.35732737,0.4024701426164297,0.2042079201161613,,,,20261004-002030,2026-10-04 00:20:36.639894,,
575006-8,575006,2026-10-05,2026-10-05 22:20:00,Lukasz Oracz,Kamil Kowalski,0.8218686313805258,Lukasz Oracz,0.8218686313805258,Strong,False,0.7163770344801939,0.8575812553880593,0.82604885,0.8468058910714709,0.8625301249497214,,,,20261004-002030,2026-10-04 00:20:36.639894,,
575011-14,575011,2026-10-05,2026-10-05 22:20:00,Piotr Gesiarz,Artur Kubiak,0.5675338171245754,Piotr Gesiarz,0.5675338171245754,Lean,False,0.533637980115239,0.5614680344749157,0.58523816,0.564971179039807,0.5923537332900648,,,,20261004-002030,2026-10-04 00:20:36.639894,,
575039-15,575039,2026-10-05,2026-10-05 22:30:00,Kamil Rudomina,Adam Linek,0.4710731505387193,Adam Linek,0.5289268494612807,Coin flip,False,0.3998383580739574,0.4700594512309995,0.49072105,0.5033446739854746,0.4914022224785738,,,,20261004-002030,2026-10-04 00:20:36.639894,,
575035-15,575035,2026-10-05,2026-10-05 22:30:00,Bartosz Kwodawski,Marcin Kowalczyk,0.4671723642769294,Marcin Kowalczyk,0.5328276357230706,Coin flip,False,0.4538644912544667,0.4637941586437751,0.48426616,0.4585196248496972,0.475417384718068,,,,20261004-002030,2026-10-04 00:20:36.639894,,
575037-15,575037,2026-10-05,2026-10-05 22:30:00,Miroslaw Lewczuk,Andrzej Krezel,0.6513676277019461,Miroslaw Lewczuk,0.6513676277019461,Solid,False,0.603198265597835,0.7099696465727177,0.66233754,0.6771572322708371,0.6041754524881411,,,,20261004-002030,2026-10-04 00:20:36.639894,,
575006-9,575006,2026-10-05,2026-10-05 22:45:00,Dawid Dytko,Piotr Gumulinski,0.2943574793560801,Piotr Gumulinski,0.7056425206439199,Strong,False,0.2876212246670782,0.2995628681263839,0.2924801,0.2402041380936968,0.3519190547711103,,,,20261004-002030,2026-10-04 00:20:36.639894,,
575011-15,575011,2026-10-05,2026-10-05 22:45:00,Artur Zmijewski,Adam Staniczek,0.5118072724281204,Artur Zmijewski,0.5118072724281204,Coin flip,False,0.4867409516819748,0.5282834215417569,0.5197328,0.507452707066391,0.5168265085464936,,,,20261004-002030,2026-10-04 00:20:36.639894,,
575043-1,575043,2026-10-05,2026-10-05 23:00:00,Marcin Zielinski,Henryk Tkaczyk,0.3507784817169653,Henryk Tkaczyk,0.6492215182830348,Solid,False,0.4240760398274569,0.3018293404498984,0.35448322,0.3263408703140988,0.3471629409924107,,,,20261004-002030,2026-10-04 00:20:36.639894,,
575302-1,575302,2026-10-05,2026-10-05 23:00:00,Jakub Glanowski,Mateusz Trela,0.5585046473449321,Jakub Glanowski,0.5585046473449321,Lean,False,0.5061811991268836,0.578125549005249,0.54496974,0.5505727858135101,0.6126739652492628,,,,20261004-002030,2026-10-04 00:20:36.639894,,
575006-10,575006,2026-10-05,2026-10-05 23:05:00,Kacper Adamus,Kamil Kowalski,0.7427415915171206,Kacper Adamus,0.7427415915171206,Strong,False,0.5797786693975343,0.8062773210003745,0.77349484,0.7681904616445764,0.7859666658748437,,,,20261004-002030,2026-10-04 00:20:36.639894,,
575041-1,575041,2026-10-05,2026-10-05 23:05:00,Karol Sulkowski,Marcin Kowalczyk,0.4398025629064851,Marcin Kowalczyk,0.5601974370935149,Lean,False,0.4725560631320477,0.4250579586644997,0.43106848,0.4054310621609226,0.4648992505601544,,,,20261004-002030,2026-10-04 00:20:36.639894,,
575013-1,575013,2026-10-05,2026-10-05 23:10:00,Michal Machelski,Artur Kubiak,0.5014388725875956,Michal Machelski,0.5014388725875956,Coin flip,False,0.4108097458591058,0.4746248698008164,0.45389014,0.5358982867072233,0.6319713157458506,,,,20261004-002030,2026-10-04 00:20:36.639894,,
575043-2,575043,2026-10-05,2026-10-05 23:20:00,Michal Kumor,Andrzej Krezel,0.3274408353199642,Andrzej Krezel,0.6725591646800357,Solid,True,0.4337197182923425,0.2994094860849998,0.3417238,0.3039233342450331,0.2584278382719399,,,,20261004-002030,2026-10-04 00:20:36.639894,,
575302-2,575302,2026-10-05,2026-10-05 23:25:00,Adam Linek,Artur Gromek,0.5298097403085912,Adam Linek,0.5298097403085912,Coin flip,True,0.4764751416849442,0.5639993669424179,0.54780775,0.5411678619121562,0.5195985779173471,,,,20261004-002030,2026-10-04 00:20:36.639894,,
575006-11,575006,2026-10-05,2026-10-05 23:30:00,Lukasz Oracz,Dawid Dytko,0.6286811770824418,Lukasz Oracz,0.6286811770824418,Solid,False,0.5969893325472281,0.6457261641322305,0.66000354,0.6601611914547464,0.5805256543779187,,,,20261004-002030,2026-10-04 00:20:36.639894,,
575041-2,575041,2026-10-05,2026-10-05 23:30:00,Bartosz Kwodawski,Kuba Golaszewski,0.5086721479080798,Bartosz Kwodawski,0.5086721479080798,Coin flip,True,0.4434397080442618,0.5268120794329131,0.48302504,0.5038885221295359,0.586195385730883,,,,20261004-002030,2026-10-04 00:20:36.639894,,
575013-2,575013,2026-10-05,2026-10-05 23:35:00,Jakub Cyndera,Adam Staniczek,0.5759995467767758,Jakub Cyndera,0.5759995467767758,Lean,False,0.5418372786895271,0.5789667563506915,0.6085251,0.6135909446976906,0.5370776567758218,,,,20261004-002030,2026-10-04 00:20:36.639894,,
575043-3,575043,2026-10-05,2026-10-05 23:45:00,Mariusz Leczycki,Miroslaw Lewczuk,0.3377227361160537,Miroslaw Lewczuk,0.6622772638839463,Solid,False,0.4979164970854317,0.3059936548005789,0.35836858,0.2446206327270411,0.2817143203942489,,,,20261004-002030,2026-10-04 00:20:36.639894,,
575302-3,575302,2026-10-05,2026-10-05 23:50:00,Adam Linek,Konrad Staszczyk,0.4552469375698113,Konrad Staszczyk,0.5447530624301886,Coin flip,False,0.4299016544347065,0.3915604410122402,0.38507965,0.4313569565407887,0.6383359837903219,,,,20261004-002030,2026-10-04 00:20:36.639894,,
575006-12,575006,2026-10-05,2026-10-05 23:55:00,Piotr Gumulinski,Wojciech Urban,0.6505472911831065,Piotr Gumulinski,0.6505472911831065,Solid,False,0.5341847034932311,0.7479565932768352,0.6693,0.6860989315009358,0.6151962079034721,,,,20261004-002030,2026-10-04 00:20:36.639894,,
575041-3,575041,2026-10-05,2026-10-05 23:55:00,Bartosz Kwodawski,Jacek Przewlocki,0.6840120086181477,Bartosz Kwodawski,0.6840120086181477,Solid,False,0.5537096488480838,0.7308282211908688,0.6867601,0.7588367445671751,0.6899253009402077,,,,20261004-002030,2026-10-04 00:20:36.639894,,
574040-7,574040,2026-10-03,2026-10-04 01:35:00,Jacek Oracz,Artur Kubiak,0.3218876385044353,Artur Kubiak,0.6781123614955646,Solid,False,0.6389537254387875,0.187960951289928,0.5,0.2814551436329218,0.0010683721605392,,,,20261004-002759,2026-10-04 00:28:50.095349,0.0,2026-10-04 03:45:56
574040-8,574040,2026-10-03,2026-10-04 02:00:00,Mateusz Baran,Jakub Skorupa,0.2445882283479752,Jakub Skorupa,0.7554117716520248,Strong,False,0.5509771153775243,0.0891004063647233,0.5,0.0727022234363263,0.0101613965613021,,,,20261004-002759,2026-10-04 00:28:50.095349,0.0,2026-10-04 03:45:56
574065-9,574065,2026-10-03,2026-10-04 02:10:00,Karol Sulkowski,Mateusz Trela,0.207453666007483,Mateusz Trela,0.792546333992517,Strong,False,0.4298852858678853,0.0891004063647233,0.5,0.0177849847057436,0.000497653099063,,,,20261004-002759,2026-10-04 00:28:50.095349,1.0,2026-10-04 03:45:56
574067-9,574067,2026-10-03,2026-10-04 02:10:00,Grzegorz Mucha,Andriej Fomin,0.2343790447826754,Andriej Fomin,0.7656209552173245,Strong,False,0.523339711356976,0.0891004063647233,0.5,0.0549067426469667,0.0045483635447108,,,,20261004-002759,2026-10-04 00:28:50.095349,1.0,2026-10-04 03:45:56
574233-9,574233,2026-10-03,2026-10-04 02:10:00,Milosz Kukawka,Maciej Kolek,0.2239257815469783,Maciej Kolek,0.7760742184530216,Strong,False,0.4688707693102243,0.0891004063647233,0.5,0.0326442393759181,0.0290134926840258,,,,20261004-002759,2026-10-04 00:28:50.095349,0.0,2026-10-04 03:45:56
574040-9,574040,2026-10-03,2026-10-04 02:25:00,Cezary Pawlik,Andrzej Szurgot,0.6749550688982505,Cezary Pawlik,0.6749550688982505,Solid,False,0.8004252361449331,0.4970471047236421,0.5,0.7707282651061707,0.8065747385165066,,,,20261004-002759,2026-10-04 00:28:50.095349,1.0,2026-10-04 03:45:56
574065-10,574065,2026-10-03,2026-10-04 02:35:00,Rafal Stapor,Dawid Poloszczanski,0.7711774642493641,Rafal Stapor,0.7711774642493641,Strong,False,0.4707397885274108,0.9108995936352768,0.5,0.975595777497172,0.998652161586961,,,,20261004-002759,2026-10-04 00:28:50.095349,1.0,2026-10-04 03:45:56
574067-10,574067,2026-10-03,2026-10-04 02:35:00,Piotr Gesiarz,Dariusz Maszczynski,0.611356553967094,Piotr Gesiarz,0.611356553967094,Lean,False,0.5844370229097701,0.4970471047236421,0.5,0.6419786680265933,0.8333199741754642,,,,20261004-002759,2026-10-04 00:28:50.095349,0.0,2026-10-04 03:45:56
574233-10,574233,2026-10-03,2026-10-04 02:35:00,Bartek Sulkowski,Szymon Brud,0.6583337331037467,Bartek Sulkowski,0.6583337331037467,Solid,False,0.3168758202956299,0.8120390487100719,0.5,0.6676255630475314,0.9951282334655,,,,20261004-002759,2026-10-04 00:28:50.095349,1.0,2026-10-04 03:45:56
574040-10,574040,2026-10-03,2026-10-04 02:45:00,Jacek Oracz,Jakub Skorupa,0.3662256690202048,Jakub Skorupa,0.6337743309797952,Solid,False,0.6337068016243208,0.4397411568947491,0.5,0.2286489127969579,0.029031473784996,,,,20261004-002759,2026-10-04 00:28:50.095349,0.0,2026-10-04 03:45:56
574067-11,574067,2026-10-03,2026-10-04 03:00:00,Dawid Pyrek,Grzegorz Mucha,0.1816731440311352,Grzegorz Mucha,0.8183268559688648,Strong,False,0.3123337981261242,0.0891004063647233,0.5,0.0069001623610696,3.135330375897416e-05,,,,20261004-002759,2026-10-04 00:28:50.095349,0.0,2026-10-04 03:45:56
574040-11,574040,2026-10-03,2026-10-04 03:10:00,Mateusz Baran,Cezary Pawlik,0.2007157327474101,Cezary Pawlik,0.7992842672525899,Strong,False,0.3770776725212114,0.0891004063647233,0.5,0.0371669897210167,0.0002335951300989,,,,20261004-002759,2026-10-04 00:28:50.095349,0.0,2026-10-04 03:45:56
574067-12,574067,2026-10-03,2026-10-04 03:25:00,Andriej Fomin,Mateusz Karpiuk,0.7754588660928755,Andriej Fomin,0.7754588660928755,Strong,False,0.5140477508965213,0.9108995936352768,0.5,0.954273348973013,0.9980736369595664,,,,20261004-002759,2026-10-04 00:28:50.095349,0.0,2026-10-04 03:45:56
574040-12,574040,2026-10-03,2026-10-04 03:35:00,Andrzej Szurgot,Artur Kubiak,0.4954719359451682,Artur Kubiak,0.5045280640548317,Coin flip,False,0.4045137180949206,0.5602588431052509,0.5,0.5586588974809801,0.4539282210446895,,,,20261004-002759,2026-10-04 00:28:50.095349,0.0,2026-10-04 03:45:56
574067-13,574067,2026-10-03,2026-10-04 03:45:00,Piotr Gesiarz,Grzegorz Mucha,0.2107341824150441,Grzegorz Mucha,0.7892658175849558,Strong,False,0.4532803720683617,0.0891004063647233,0.5,0.0111242416416885,0.0001658920004468,,,,20261004-002759,2026-10-04 00:28:50.095349,0.0,2026-10-04 03:45:56
574040-13,574040,2026-10-03,2026-10-04 04:00:00,Jacek Oracz,Cezary Pawlik,0.446634180751733,Cezary Pawlik,0.553365819248267,Lean,False,0.5405061674078528,0.4397411568947491,0.5,0.4677845611478922,0.2851390183081709,,,,20261004-002759,2026-10-04 00:28:50.095349,1.0,2026-10-04 03:45:56
574067-14,574067,2026-10-03,2026-10-04 04:10:00,Dariusz Maszczynski,Mateusz Karpiuk,0.1787137254102252,Mateusz Karpiuk,0.8212862745897748,Strong,False,0.289126436311913,0.0891004063647233,0.5,0.0143318186997485,0.0010099656747412,,,,20261004-002759,2026-10-04 00:28:50.095349,1.0,2026-10-04 03:45:56
574040-14,574040,2026-10-03,2026-10-04 04:20:00,Jakub Skorupa,Artur Kubiak,0.2713358503417922,Artur Kubiak,0.7286641496582078,Strong,False,0.6261648608426607,0.1324689494129624,0.5,0.0964648759391162,0.0015805655142218,,,,20261004-002759,2026-10-04 00:28:50.095349,0.0,2026-10-04 03:45:56
574067-15,574067,2026-10-03,2026-10-04 04:35:00,Dawid Pyrek,Andriej Fomin,0.18057058757234,Andriej Fomin,0.81942941242766,Strong,False,0.2904799093419906,0.0891004063647233,0.5,0.022346063862103,0.0009265582928831,,,,20261004-002759,2026-10-04 00:28:50.095349,0.0,2026-10-04 03:45:56
574040-15,574040,2026-10-03,2026-10-04 04:45:00,Mateusz Baran,Andrzej Szurgot,0.6076890643632087,Mateusz Baran,0.6076890643632087,Lean,False,0.7134412066861988,0.4397411568947491,0.5,0.6044671624496127,0.780795795785483,,,,20261004-002759,2026-10-04 00:28:50.095349,0.0,2026-10-04 03:45:56
574505-3,574505,2026-10-04,2026-10-05 00:00:00,Mateusz Sikon,Mariusz Adamus,0.8153643502409077,Mateusz Sikon,0.8153643502409077,Strong,False,0.6946076947531319,0.9108995936352768,0.5,0.9720279814591106,0.9992864813570193,,,,20261004-002759,2026-10-04 00:28:50.095349,1.0,2026-10-05 00:38:39
574537-4,574537,2026-10-04,2026-10-05 00:10:00,Jerzy Michalik,Zbigniew Nocun,0.2335348164586883,Zbigniew Nocun,0.7664651835413117,Strong,False,0.5613649412883628,0.0891004063647233,0.5,0.0163014163866134,0.0009073182537421,,,,20261004-002759,2026-10-04 00:28:50.095349,0.0,2026-10-05 00:38:39
574765-4,574765,2026-10-04,2026-10-05 00:10:00,Lukasz Pietraszko,Jakub Nadolny,0.3389972731609456,Jakub Nadolny,0.6610027268390544,Solid,False,0.419069572612631,0.4397411568947491,0.5,0.1925605303223755,0.1436151059749724,,,,20261004-002759,2026-10-04 00:28:50.095349,1.0,2026-10-05 00:38:39
574535-4,574535,2026-10-04,2026-10-05 00:15:00,Kamil Rudomina,Karol Sulkowski,0.3556423473026999,Karol Sulkowski,0.6443576526973,Solid,False,0.5246812492299281,0.4970471047236421,0.5,0.2494178355719905,0.0070655469879388,,,,20261004-002759,2026-10-04 00:28:50.095349,0.0,2026-10-05 00:38:39
574499-13,574499,2026-10-04,2026-10-05 00:20:00,Jakub Nowak,Dawid Dytko,0.2034607610922891,Dawid Dytko,0.7965392389077108,Strong,False,0.3909576427954555,0.0891004063647233,0.5,0.0371438367876199,0.0001019195136469,,,,20261004-002759,2026-10-04 00:28:50.095349,0.0,2026-10-05 00:38:39
575492-1,575492,2026-10-05,2026-10-05 01:30:00,Dawid Dytko,Wojciech Urban,0.4726079912050216,Wojciech Urban,0.5273920087949784,Coin flip,False,0.5108233160146362,0.4643045199078439,0.4635309278964996,0.4707183885971708,0.4536628036089575,,,,20261004-211715,2026-10-04 21:18:15.232798,,
575492-2,575492,2026-10-05,2026-10-05 01:50:00,Kacper Adamus,Piotr Gumulinski,0.4191336742308237,Piotr Gumulinski,0.5808663257691763,Lean,False,0.3772299645500508,0.4234943721158078,0.428537368774414,0.4149135572177687,0.4514931084960768,,,,20261004-211715,2026-10-04 21:18:15.232798,,
575492-3,575492,2026-10-05,2026-10-05 02:10:00,Kamil Kowalski,Lukasz Oracz,0.2834869692577872,Lukasz Oracz,0.7165130307422127,Strong,False,0.227270004615942,0.2618180424643846,0.320206880569458,0.2955635654293254,0.3125763532098261,,,,20261004-211715,2026-10-04 21:18:15.232798,,
575492-4,575492,2026-10-05,2026-10-05 02:30:00,Dawid Dytko,Kacper Adamus,0.4747667170481615,Kacper Adamus,0.5252332829518385,Coin flip,False,0.4660189041057734,0.4879895217718445,0.4693722724914551,0.4772566542055288,0.4731962326662055,,,,20261004-211715,2026-10-04 21:18:15.232798,,
575492-5,575492,2026-10-05,2026-10-05 02:50:00,Lukasz Oracz,Wojciech Urban,0.6268713016928533,Lukasz Oracz,0.6268713016928533,Solid,False,0.5453699661225895,0.6372715974188238,0.650475025177002,0.6456104020233703,0.655629517722481,,,,20261004-211715,2026-10-04 21:18:15.232798,,
575492-6,575492,2026-10-05,2026-10-05 03:10:00,Kamil Kowalski,Piotr Gumulinski,0.1440762933886547,Piotr Gumulinski,0.8559237066113452,Strong,False,0.1392340415813162,0.1506222989930146,0.1337012946605682,0.1512089468785813,0.1456148848297931,,,,20261004-211715,2026-10-04 21:18:15.232798,,
575492-7,575492,2026-10-05,2026-10-05 03:30:00,Kacper Adamus,Wojciech Urban,0.534216333955392,Kacper Adamus,0.534216333955392,Coin flip,False,0.5406438356789267,0.5389450097015723,0.5305962562561035,0.5338372727629611,0.5270592953773965,,,,20261004-211715,2026-10-04 21:18:15.232798,,
575492-8,575492,2026-10-05,2026-10-05 03:50:00,Dawid Dytko,Kamil Kowalski,0.7387637252982229,Dawid Dytko,0.7387637252982229,Strong,False,0.7719746859446425,0.7281797408701645,0.7415483593940735,0.7369472654945168,0.7151685747877164,,,,20261004-211715,2026-10-04 21:18:15.232798,,
575492-9,575492,2026-10-05,2026-10-05 04:10:00,Lukasz Oracz,Piotr Gumulinski,0.3651002702045756,Piotr Gumulinski,0.6348997297954244,Solid,False,0.3599497400362497,0.3626483598378172,0.3646664917469024,0.3669401343057035,0.3712966250962048,,,,20261004-211715,2026-10-04 21:18:15.232798,,
575492-10,575492,2026-10-05,2026-10-05 05:05:00,Kacper Adamus,Kamil Kowalski,0.7556687834070388,Kacper Adamus,0.7556687834070388,Strong,False,0.8025920633665166,0.7394524006210322,0.743211030960083,0.7527967374716344,0.740291684615928,,,,20261004-211715,2026-10-04 21:18:15.232798,,
575492-11,575492,2026-10-05,2026-10-05 05:30:00,Dawid Dytko,Lukasz Oracz,0.4947252265625124,Lukasz Oracz,0.5052747734374876,Coin flip,False,0.4794592860095378,0.5019563951744603,0.5031355023384094,0.4945797093572013,0.4944952399329531,,,,20261004-211715,2026-10-04 21:18:15.232798,,
575492-12,575492,2026-10-05,2026-10-05 05:55:00,Piotr Gumulinski,Wojciech Urban,0.7062984256154409,Piotr Gumulinski,0.7062984256154409,Strong,False,0.7309131001408798,0.682139596734448,0.7061851024627686,0.6966038233071956,0.7156505054319124,,,,20261004-211715,2026-10-04 21:18:15.232798,,
575492-13,575492,2026-10-05,2026-10-05 06:20:00,Kacper Adamus,Lukasz Oracz,0.5910304493958483,Kacper Adamus,0.5910304493958483,Lean,False,0.5579426679314706,0.5930846913340125,0.5995023250579834,0.602091424256654,0.6025311383991206,,,,20261004-211715,2026-10-04 21:18:15.232798,,
575492-14,575492,2026-10-05,2026-10-05 06:40:00,Kamil Kowalski,Wojciech Urban,0.1771605202059702,Wojciech Urban,0.8228394797940297,Strong,False,0.2394492134772156,0.1647032315342063,0.160772293806076,0.1591779990035607,0.1616998632087922,,,,20261004-211715,2026-10-04 21:18:15.232798,,
575492-15,575492,2026-10-05,2026-10-05 07:05:00,Dawid Dytko,Piotr Gumulinski,0.3480316631784498,Piotr Gumulinski,0.6519683368215502,Solid,False,0.3573841758872255,0.333360757347217,0.3429923057556152,0.3520660012305147,0.3543550756716763,,,,20261004-211715,2026-10-04 21:18:15.232798,,
575509-1,575509,2026-10-06,2026-10-06 05:00:00,Artur Sobel,Jakub Lamperski,0.7494792237300496,Artur Sobel,0.7494792237300496,Strong,False,0.7613437449494592,0.7304392785309853,0.7577151656150818,0.7570937507724549,0.7408041787822666,,,,20261004-211715,2026-10-04 21:18:15.232798,,
575511-1,575511,2026-10-06,2026-10-06 05:00:00,Michal Olbrycht,Grzegorz Poliniewicz,0.5484325931009912,Michal Olbrycht,0.5484325931009912,Coin flip,False,0.475732271043407,0.559132318844047,0.5689833164215088,0.5666162516363911,0.5716988075596019,,,,20261004-211715,2026-10-04 21:18:15.232798,,
575514-1,575514,2026-10-06,2026-10-06 05:00:00,Piotr Przewlocki,Witold Buczynski,0.6107388249734712,Piotr Przewlocki,0.6107388249734712,Lean,False,0.6251211687273669,0.6037000667188558,0.6164208650588989,0.6053025849614481,0.6031494394007864,,,,20261004-211715,2026-10-04 21:18:15.232798,,
575517-1,575517,2026-10-06,2026-10-06 05:00:00,Jakub Kosowski,Maksymilian Miastowski,0.6258634158121833,Jakub Kosowski,0.6258634158121833,Solid,False,0.6550350135825633,0.642206515234265,0.6153179407119751,0.6196253747505207,0.5971322347815922,,,,20261004-211715,2026-10-04 21:18:15.232798,,
575500-1,575500,2026-10-06,2026-10-06 05:10:00,Jakub Kaczmarek,Rafal Idaczyk,0.3497379772062421,Rafal Idaczyk,0.6502620227937579,Solid,False,0.3634104799458799,0.3432613242320166,0.346140593290329,0.3524080589299059,0.3434694296330789,,,,20261004-211715,2026-10-04 21:18:15.232798,,
575511-2,575511,2026-10-06,2026-10-06 05:20:00,Krzysztof Wloczko,Michal Malachowski,0.6288481030970579,Krzysztof Wloczko,0.6288481030970579,Solid,False,0.6686266881766963,0.6218991656317587,0.6160218715667725,0.6240801291631022,0.6136126609469592,,,,20261004-211715,2026-10-04 21:18:15.232798,,
575517-2,575517,2026-10-06,2026-10-06 05:25:00,Adrian Wiecek,Grzegorz Felkel,0.3194902885473569,Grzegorz Felkel,0.680509711452643,Solid,False,0.3550285411120807,0.3186104352232554,0.306803286075592,0.3156012928734144,0.3014078874524419,,,,20261004-211715,2026-10-04 21:18:15.232798,,
575514-2,575514,2026-10-06,2026-10-06 05:25:00,Piotr Brozek,Pawel Slosarczyk,0.6930191075401597,Piotr Brozek,0.6930191075401597,Solid,False,0.6787630271641307,0.6938133927977965,0.694119930267334,0.7037076042866912,0.6946915831848456,,,,20261004-211715,2026-10-04 21:18:15.232798,,
575509-2,575509,2026-10-06,2026-10-06 05:25:00,Dariusz Wrobel,Blazej Warpas,0.5189671414853856,Dariusz Wrobel,0.5189671414853856,Coin flip,False,0.4716411324294096,0.5561401258893995,0.5166209936141968,0.529507794466572,0.5209256610273502,,,,20261004-211715,2026-10-04 21:18:15.232798,,
575500-2,575500,2026-10-06,2026-10-06 05:35:00,Rafal Skotniczny,Milosz Cesarz,0.8023179657985405,Rafal Skotniczny,0.8023179657985405,Strong,False,0.8133917332796665,0.7981797431872005,0.8023378849029541,0.7867490043876957,0.8109314632351855,,,,20261004-211715,2026-10-04 21:18:15.232798,,
575511-3,575511,2026-10-06,2026-10-06 05:40:00,Jakub Kuzmicz,Piotr Chodorski,0.5013510796303461,Jakub Kuzmicz,0.5013510796303461,Coin flip,False,0.5054316755745588,0.4926819783180998,0.505440890789032,0.4975575926280873,0.5056432608419521,,,,20261004-211715,2026-10-04 21:18:15.232798,,
575517-3,575517,2026-10-06,2026-10-06 05:45:00,Josef Braun,Marcin Jadczyk,0.4333208315215187,Marcin Jadczyk,0.5666791684784813,Lean,False,0.3595729649225893,0.414490319809444,0.4601602554321289,0.4573431275754194,0.4750374898680116,,,,20261004-211715,2026-10-04 21:18:15.232798,,
575509-3,575509,2026-10-06,2026-10-06 05:50:00,Milosz Kukawka,Mikolaj Lukaszewski,0.7323585078535945,Milosz Kukawka,0.7323585078535945,Strong,False,0.773833086613926,0.706581451551387,0.7205427885055542,0.7129328947804305,0.747902317816675,,,,20261004-211715,2026-10-04 21:18:15.232798,,
575514-3,575514,2026-10-06,2026-10-06 05:50:00,Rafal Gajda,Waldemar Glanowski,0.4906618624389068,Waldemar Glanowski,0.5093381375610931,Coin flip,False,0.5035699102749823,0.4874946385707628,0.4918048977851867,0.4889719538550719,0.4814679117085302,,,,20261004-211715,2026-10-04 21:18:15.232798,,
575500-3,575500,2026-10-06,2026-10-06 06:00:00,Oliver Vincenec,Adam Ruszkiewicz,0.5083057929479924,Oliver Vincenec,0.5083057929479924,Coin flip,False,0.4943917886059421,0.5131779188776124,0.5100517868995667,0.5113248501679726,0.5125826201888681,,,,20261004-211715,2026-10-04 21:18:15.232798,,
575511-4,575511,2026-10-06,2026-10-06 06:00:00,Michal Olbrycht,Krzysztof Wloczko,0.3559762168063686,Krzysztof Wloczko,0.6440237831936313,Solid,False,0.3472685110348558,0.364698273534325,0.3508393764495849,0.35129566964247,0.3657792533706075,,,,20261004-211715,2026-10-04 21:18:15.232798,,
575517-4,575517,2026-10-06,2026-10-06 06:10:00,Jakub Kosowski,Adrian Wiecek,0.5175804087969264,Jakub Kosowski,0.5175804087969264,Coin flip,False,0.5785870702439605,0.4987934705718861,0.5059254169464111,0.4958087300002241,0.5087873562221497,,,,20261004-211715,2026-10-04 21:18:15.232798,,
575509-4,575509,2026-10-06,2026-10-06 06:10:00,Artur Sobel,Dariusz Wrobel,0.7457411093786335,Artur Sobel,0.7457411093786335,Strong,False,0.7322472731732477,0.760802189777524,0.7450678944587708,0.7565462870863413,0.7340419023972835,,,,20261004-211715,2026-10-04 21:18:15.232798,,
575514-4,575514,2026-10-06,2026-10-06 06:10:00,Piotr Przewlocki,Piotr Brozek,0.3514119827089681,Piotr Brozek,0.6485880172910319,Solid,False,0.378318016665779,0.3440920004724187,0.3457026183605194,0.3479001327512099,0.3410471452949136,,,,20261004-211715,2026-10-04 21:18:15.232798,,
575500-4,575500,2026-10-06,2026-10-06 06:25:00,Jakub Kaczmarek,Rafal Skotniczny,0.3432859207956372,Rafal Skotniczny,0.6567140792043628,Solid,False,0.3332557136078248,0.3537058746586156,0.3436102569103241,0.3414678018461971,0.3443899569552244,,,,20261004-211715,2026-10-04 21:18:15.232798,,
575511-5,575511,2026-10-06,2026-10-06 06:25:00,Piotr Chodorski,Grzegorz Poliniewicz,0.700367361312956,Piotr Chodorski,0.700367361312956,Strong,False,0.6535632907503741,0.7044890869361691,0.7205315828323364,0.7182506966739838,0.7050021493719163,,,,20261004-211715,2026-10-04 21:18:15.232798,,
575509-5,575509,2026-10-06,2026-10-06 06:30:00,Mikolaj Lukaszewski,Jakub Lamperski,0.387570294706854,Jakub Lamperski,0.612429705293146,Lean,False,0.4103427965938464,0.3750193304259639,0.378539890050888,0.4060471158234826,0.3679023406400887,,,,20261004-211715,2026-10-04 21:18:15.232798,,
575514-5,575514,2026-10-06,2026-10-06 06:30:00,Waldemar Glanowski,Witold Buczynski,0.5811239671055242,Waldemar Glanowski,0.5811239671055242,Lean,False,0.5485028632351922,0.581680928581291,0.5891600251197815,0.5999977526255877,0.5862782659657686,,,,20261004-211715,2026-10-04 21:18:15.232798,,
575517-5,575517,2026-10-06,2026-10-06 06:30:00,Marcin Jadczyk,Maksymilian Miastowski,0.5993475224024973,Marcin Jadczyk,0.5993475224024973,Lean,False,0.5265264679850041,0.6233657654813307,0.6270913481712341,0.6161424208700421,0.6036116095048752,,,,20261004-211715,2026-10-04 21:18:15.232798,,
575500-5,575500,2026-10-06,2026-10-06 06:50:00,Adam Ruszkiewicz,Rafal Idaczyk,0.5192448609412369,Adam Ruszkiewicz,0.5192448609412369,Coin flip,False,0.4627155669420411,0.5412936674773368,0.5211266279220581,0.5516449866091654,0.5194434557555831,,,,20261004-211715,2026-10-04 21:18:15.232798,,
575511-6,575511,2026-10-06,2026-10-06 06:50:00,Jakub Kuzmicz,Michal Malachowski,0.6048762067617982,Jakub Kuzmicz,0.6048762067617982,Lean,False,0.6788656908275511,0.5773802401489718,0.5848662257194519,0.5871654997641298,0.596103377348886,,,,20261004-211715,2026-10-04 21:18:15.232798,,
575509-6,575509,2026-10-06,2026-10-06 06:55:00,Milosz Kukawka,Blazej Warpas,0.6866217225903055,Milosz Kukawka,0.6866217225903055,Solid,False,0.6832355802163197,0.684393884001176,0.6898099184036255,0.6903408244464319,0.6853284058839749,,,,20261004-211715,2026-10-04 21:18:15.232798,,
575514-6,575514,2026-10-06,2026-10-06 06:55:00,Rafal Gajda,Pawel Slosarczyk,0.5831657688814539,Rafal Gajda,0.5831657688814539,Lean,False,0.5327290103123993,0.6065589531397275,0.5968524217605591,0.5950328108578491,0.5846556483367344,,,,20261004-211715,2026-10-04 21:18:15.232798,,
575517-6,575517,2026-10-06,2026-10-06 06:55:00,Josef Braun,Grzegorz Felkel,0.3781474672894943,Grzegorz Felkel,0.6218525327105057,Solid,False,0.3245289109941198,0.3850777131782477,0.3914594352245331,0.3862468107506169,0.4034244662999542,,,,20261004-211715,2026-10-04 21:18:15.232798,,
575500-6,575500,2026-10-06,2026-10-06 07:10:00,Oliver Vincenec,Milosz Cesarz,0.6387660313518292,Oliver Vincenec,0.6387660313518292,Solid,False,0.6295329079784233,0.6379251979188516,0.6489394307136536,0.6373248172902581,0.6401078028579591,,,,20261004-211715,2026-10-04 21:18:15.232798,,
575514-7,575514,2026-10-06,2026-10-06 07:15:00,Piotr Brozek,Witold Buczynski,0.6839264412958606,Piotr Brozek,0.6839264412958606,Solid,False,0.7107356757039225,0.6759506211623928,0.6810253858566284,0.6793582816448597,0.672562242111499,,,,20261004-211715,2026-10-04 21:18:15.232798,,
575509-7,575509,2026-10-06,2026-10-06 07:15:00,Dariusz Wrobel,Jakub Lamperski,0.3919059972731024,Jakub Lamperski,0.6080940027268975,Lean,False,0.5003487138386755,0.3613493482866821,0.3641772866249084,0.3755969381318253,0.3580576994834206,,,,20261004-211715,2026-10-04 21:18:15.232798,,
575511-7,575511,2026-10-06,2026-10-06 07:15:00,Krzysztof Wloczko,Grzegorz Poliniewicz,0.6224950518062757,Krzysztof Wloczko,0.6224950518062757,Solid,False,0.6240132833730316,0.6077052860027587,0.6263105273246765,0.62365760967242,0.6307885526584913,,,,20261004-211715,2026-10-04 21:18:15.232798,,
575517-7,575517,2026-10-06,2026-10-06 07:15:00,Adrian Wiecek,Maksymilian Miastowski,0.5595485756344258,Adrian Wiecek,0.5595485756344258,Lean,False,0.5631092089821252,0.5683172730391821,0.5593847632408142,0.5575436495969852,0.5493879833130219,,,,20261004-211715,2026-10-04 21:18:15.232798,,
575494-1,575494,2026-10-06,2026-10-06 07:30:00,Kamil Smolka,Krzysztof Hetnar,0.4021999497112931,Krzysztof Hetnar,0.5978000502887069,Lean,False,0.3545954411020255,0.4218020037599262,0.4176574647426605,0.4029045395244655,0.4140402994273877,,,,20261004-211715,2026-10-04 21:18:15.232798,,
575500-7,575500,2026-10-06,2026-10-06 07:35:00,Rafal Skotniczny,Rafal Idaczyk,0.6579574475271581,Rafal Skotniczny,0.6579574475271581,Solid,False,0.6479784053937198,0.6552582592706564,0.6512793302536011,0.6677690493593754,0.6675021933584382,,,,20261004-211715,2026-10-04 21:18:15.232798,,
575511-8,575511,2026-10-06,2026-10-06 07:35:00,Michal Olbrycht,Jakub Kuzmicz,0.3212284504672785,Jakub Kuzmicz,0.6787715495327216,Solid,False,0.3386527002028199,0.3118360818619071,0.3212336897850036,0.3066693626362238,0.3277504178504379,,,,20261004-211715,2026-10-04 21:18:15.232798,,
575509-8,575509,2026-10-06,2026-10-06 07:40:00,Artur Sobel,Milosz Kukawka,0.5401983845755495,Artur Sobel,0.5401983845755495,Coin flip,False,0.5577949447080025,0.5181300082333687,0.5398483276367188,0.5265075322531367,0.5587111100465207,,,,20261004-211715,2026-10-04 21:18:15.232798,,
575514-8,575514,2026-10-06,2026-10-06 07:40:00,Piotr Przewlocki,Rafal Gajda,0.5088145288918666,Piotr Przewlocki,0.5088145288918666,Coin flip,False,0.5610459098576946,0.4992252819451105,0.499109148979187,0.4874244397676568,0.497267863909684,,,,20261004-211715,2026-10-04 21:18:15.232798,,
575517-8,575517,2026-10-06,2026-10-06 07:40:00,Jakub Kosowski,Josef Braun,0.5011227137524603,Jakub Kosowski,0.5011227137524603,Coin flip,False,0.5856990210863525,0.4972683330114246,0.4686919152736664,0.4666025711294227,0.4873517282614353,,,,20261004-211715,2026-10-04 21:18:15.232798,,
575494-2,575494,2026-10-06,2026-10-06 07:55:00,Sebastian Juzek,Michal Jozefiak,0.4024735260999161,Michal Jozefiak,0.5975264739000838,Lean,False,0.4102388940321125,0.3957113482507441,0.4115326106548309,0.3893091660409786,0.4055756115209143,,,,20261004-211715,2026-10-04 21:18:15.232798,,
575500-8,575500,2026-10-06,2026-10-06 08:00:00,Jakub Kaczmarek,Oliver Vincenec,0.5046090685266679,Jakub Kaczmarek,0.5046090685266679,Coin flip,False,0.5266499332621745,0.4981881796435405,0.4969189763069153,0.4858933321468792,0.5153949212738297,,,,20261004-211715,2026-10-04 21:18:15.232798,,
575511-9,575511,2026-10-06,2026-10-06 08:00:00,Piotr Chodorski,Michal Malachowski,0.6952137319461001,Piotr Chodorski,0.6952137319461001,Solid,False,0.7339974647644731,0.6750420605764482,0.6981989145278931,0.6869594918978222,0.6818707279638643,,,,20261004-211715,2026-10-04 21:18:15.232798,,
575517-9,575517,2026-10-06,2026-10-06 08:05:00,Marcin Jadczyk,Grzegorz Felkel,0.3192466765259663,Grzegorz Felkel,0.6807533234740337,Solid,False,0.3693414928939005,0.3092359926722842,0.3083224892616272,0.3111264046200022,0.2982070031820175,,,,20261004-211715,2026-10-04 21:18:15.232798,,
575509-9,575509,2026-10-06,2026-10-06 08:05:00,Mikolaj Lukaszewski,Blazej Warpas,0.3826496530173818,Blazej Warpas,0.6173503469826183,Lean,False,0.3834173943202993,0.4140036406594789,0.3621385097503662,0.3888644333129135,0.3648242870438509,,,,20261004-211715,2026-10-04 21:18:15.232798,,
575514-9,575514,2026-10-06,2026-10-06 08:05:00,Waldemar Glanowski,Pawel Slosarczyk,0.4470783218535769,Pawel Slosarczyk,0.5529216781464231,Lean,False,0.5118105241312638,0.4585655175747863,0.4199106693267822,0.4189308887192434,0.4261740095158083,,,,20261004-211715,2026-10-04 21:18:15.232798,,
575494-3,575494,2026-10-06,2026-10-06 08:20:00,Boguslaw Madej,Maksymilian Rus,0.5602212015994099,Boguslaw Madej,0.5602212015994099,Lean,False,0.5837815555752659,0.5490491115341152,0.5461313128471375,0.5499385157984321,0.572205512242099,,,,20261004-211715,2026-10-04 21:18:15.232798,,
575500-9,575500,2026-10-06,2026-10-06 08:25:00,Adam Ruszkiewicz,Milosz Cesarz,0.5571444132045517,Adam Ruszkiewicz,0.5571444132045517,Lean,False,0.6270613461822994,0.5389481802941234,0.535807728767395,0.5479141005868232,0.5359907101921173,,,,20261004-211715,2026-10-04 21:18:15.232798,,
575511-10,575511,2026-10-06,2026-10-06 08:25:00,Krzysztof Wloczko,Jakub Kuzmicz,0.4809431219792213,Jakub Kuzmicz,0.5190568780207787,Coin flip,False,0.4788237280099675,0.4905737042637478,0.4825049340724945,0.4784561517662516,0.4743570917836448,,,,20261004-211715,2026-10-04 21:18:15.232798,,
575517-10,575517,2026-10-06,2026-10-06 08:30:00,Adrian Wiecek,Josef Braun,0.4687335693506555,Josef Braun,0.5312664306493444,Coin flip,False,0.5557487238685249,0.4584666420726355,0.4396565854549408,0.4249186256187678,0.4648772697384083,,,,20261004-211715,2026-10-04 21:18:15.232798,,
575509-10,575509,2026-10-06,2026-10-06 08:30:00,Dariusz Wrobel,Milosz Kukawka,0.2984630718079614,Milosz Kukawka,0.7015369281920385,Strong,False,0.3038949555664922,0.3038758713537463,0.2933902144432068,0.2976635500212833,0.2934907676550784,,,,20261004-211715,2026-10-04 21:18:15.232798,,
575514-10,575514,2026-10-06,2026-10-06 08:30:00,Piotr Brozek,Rafal Gajda,0.6073536674763336,Piotr Brozek,0.6073536674763336,Lean,False,0.6635814350487168,0.5924389924449696,0.5909526348114014,0.6001749665708824,0.5896203085056976,,,,20261004-211715,2026-10-04 21:18:15.232798,,
575500-10,575500,2026-10-06,2026-10-06 08:45:00,Rafal Skotniczny,Oliver Vincenec,0.6394605901746991,Rafal Skotniczny,0.6394605901746991,Solid,False,0.6849279087744397,0.6466857791468571,0.6111866235733032,0.6321924851423834,0.6223101542365124,,,,20261004-211715,2026-10-04 21:18:15.232798,,
575494-4,575494,2026-10-06,2026-10-06 08:45:00,Kamil Smolka,Sebastian Juzek,0.635681830766264,Kamil Smolka,0.635681830766264,Solid,False,0.6382139277202798,0.6343623802702805,0.6306641101837158,0.6340652654607919,0.6411034701962519,,,,20261004-211715,2026-10-04 21:18:15.232798,,
575511-11,575511,2026-10-06,2026-10-06 08:50:00,Michal Olbrycht,Piotr Chodorski,0.289771430985819,Piotr Chodorski,0.710228569014181,Strong,False,0.3126128399013927,0.2980034525827716,0.2723625004291534,0.2815701017392475,0.2843082602765296,,,,20261004-211715,2026-10-04 21:18:15.232798,,
575509-11,575509,2026-10-06,2026-10-06 08:55:00,Artur Sobel,Mikolaj Lukaszewski,0.786949553061965,Artur Sobel,0.786949553061965,Strong,False,0.8016197996482857,0.7923209492797069,0.7784254550933838,0.7868389393936226,0.7755426218948259,,,,20261004-211715,2026-10-04 21:18:15.232798,,
575514-11,575514,2026-10-06,2026-10-06 08:55:00,Piotr Przewlocki,Waldemar Glanowski,0.5495798098896532,Piotr Przewlocki,0.5495798098896532,Coin flip,False,0.5659609717995607,0.5438661500783909,0.5491198301315308,0.5546335584339572,0.5343185390048263,,,,20261004-211715,2026-10-04 21:18:15.232798,,
575517-11,575517,2026-10-06,2026-10-06 08:55:00,Jakub Kosowski,Marcin Jadczyk,0.5558200837951998,Jakub Kosowski,0.5558200837951998,Lean,False,0.6312874744155866,0.512965707356618,0.5557780265808105,0.5255762255930796,0.5534929850299042,,,,20261004-211715,2026-10-04 21:18:15.232798,,
575494-5,575494,2026-10-06,2026-10-06 09:10:00,Maksymilian Rus,Krzysztof Hetnar,0.2266902975575089,Krzysztof Hetnar,0.7733097024424911,Strong,False,0.2059294033636593,0.2400523139820829,0.2305763065814972,0.2287992271644811,0.2280942366958241,,,,20261004-211715,2026-10-04 21:18:15.232798,,
575500-11,575500,2026-10-06,2026-10-06 09:10:00,Jakub Kaczmarek,Adam Ruszkiewicz,0.5006920194007884,Jakub Kaczmarek,0.5006920194007884,Coin flip,False,0.4958024745272662,0.5037515409359165,0.5041775107383728,0.5031544755054621,0.4965740952969245,,,,20261004-211715,2026-10-04 21:18:15.232798,,
575511-12,575511,2026-10-06,2026-10-06 09:15:00,Michal Malachowski,Grzegorz Poliniewicz,0.4718425847679667,Grzegorz Poliniewicz,0.5281574152320332,Coin flip,False,0.4134272774021599,0.4794846200593489,0.4797134399414062,0.4871921288112842,0.4993954576256342,,,,20261004-211715,2026-10-04 21:18:15.232798,,
575509-12,575509,2026-10-06,2026-10-06 09:20:00,Blazej Warpas,Jakub Lamperski,0.5209584566288059,Blazej Warpas,0.5209584566288059,Coin flip,False,0.510258164860679,0.5122784164326045,0.5076344609260559,0.5388507128186037,0.5357705281060863,,,,20261004-211715,2026-10-04 21:18:15.232798,,
575514-12,575514,2026-10-06,2026-10-06 09:20:00,Pawel Slosarczyk,Witold Buczynski,0.5837711527007718,Pawel Slosarczyk,0.5837711527007718,Lean,False,0.5267713591245028,0.5973477248523446,0.5915492177009583,0.5946992148219771,0.6084882470040762,,,,20261004-211715,2026-10-04 21:18:15.232798,,
575517-12,575517,2026-10-06,2026-10-06 09:20:00,Grzegorz Felkel,Maksymilian Miastowski,0.6859120726234178,Grzegorz Felkel,0.6859120726234178,Solid,False,0.6459483137970617,0.6834679678055936,0.7056693434715271,0.6915593716931219,0.7029153663497844,,,,20261004-211715,2026-10-04 21:18:15.232798,,
575494-6,575494,2026-10-06,2026-10-06 09:30:00,Boguslaw Madej,Michal Jozefiak,0.3981003457950562,Michal Jozefiak,0.6018996542049437,Lean,False,0.3527181610653526,0.4100633237106419,0.4098480343818664,0.414252773086091,0.4036194367313292,,,,20261004-211715,2026-10-04 21:18:15.232798,,
575500-12,575500,2026-10-06,2026-10-06 09:35:00,Milosz Cesarz,Rafal Idaczyk,0.3429018850565208,Rafal Idaczyk,0.6570981149434791,Solid,False,0.3077346798276209,0.3566146102949655,0.3419815599918365,0.3568902266688908,0.3512883484992903,,,,20261004-211715,2026-10-04 21:18:15.232798,,
575509-13,575509,2026-10-06,2026-10-06 09:40:00,Dariusz Wrobel,Mikolaj Lukaszewski,0.5302580748124008,Dariusz Wrobel,0.5302580748124008,Coin flip,False,0.5847699655409039,0.5032747699319913,0.520399272441864,0.5217455089920159,0.5211008571552291,,,,20261004-211715,2026-10-04 21:18:15.232798,,
575511-13,575511,2026-10-06,2026-10-06 09:40:00,Krzysztof Wloczko,Piotr Chodorski,0.4074910972835556,Piotr Chodorski,0.5925089027164444,Lean,False,0.3993705523994804,0.4151945011776295,0.4129218459129333,0.4061576846333081,0.4038109022944262,,,,20261004-211715,2026-10-04 21:18:15.232798,,
575514-13,575514,2026-10-06,2026-10-06 09:45:00,Piotr Brozek,Waldemar Glanowski,0.6568819468868172,Piotr Brozek,0.6568819468868172,Solid,False,0.6695722957117947,0.6492110050581645,0.6580011248588562,0.6570464587701424,0.6505788500351284,,,,20261004-211715,2026-10-04 21:18:15.232798,,
575517-13,575517,2026-10-06,2026-10-06 09:45:00,Adrian Wiecek,Marcin Jadczyk,0.3986821751298327,Marcin Jadczyk,0.6013178248701673,Lean,False,0.4378863652430741,0.3791863996238106,0.4014473855495453,0.3798873057436357,0.3950034194890978,,,,20261004-211715,2026-10-04 21:18:15.232798,,
575494-7,575494,2026-10-06,2026-10-06 09:55:00,Sebastian Juzek,Krzysztof Hetnar,0.2896107021039506,Krzysztof Hetnar,0.7103892978960493,Strong,False,0.301143456876082,0.2918702995845411,0.2864015698432922,0.2852890031010328,0.2833491811148047,,,,20261004-211715,2026-10-04 21:18:15.232798,,
575500-13,575500,2026-10-06,2026-10-06 10:00:00,Rafal Skotniczny,Adam Ruszkiewicz,0.6159685056896822,Rafal Skotniczny,0.6159685056896822,Lean,False,0.6574992220226437,0.6049828652289873,0.6015287637710571,0.6186578124624833,0.5971738649632397,,,,20261004-211715,2026-10-04 21:18:15.232798,,
575511-14,575511,2026-10-06,2026-10-06 10:05:00,Jakub Kuzmicz,Grzegorz Poliniewicz,0.5605261109513048,Jakub Kuzmicz,0.5605261109513048,Lean,False,0.6028435323167178,0.5510973456833403,0.5570248365402222,0.5494196424962445,0.5422451977199989,,,,20261004-211715,2026-10-04 21:18:15.232798,,
575517-14,575517,2026-10-06,2026-10-06 10:05:00,Josef Braun,Maksymilian Miastowski,0.5110837867965214,Josef Braun,0.5110837867965214,Coin flip,False,0.4953281286229177,0.5162727325900258,0.5141836404800415,0.5100822812806413,0.5195521510089808,,,,20261004-211715,2026-10-04 21:18:15.232798,,
575509-14,575509,2026-10-06,2026-10-06 10:10:00,Milosz Kukawka,Jakub Lamperski,0.5288494845553191,Milosz Kukawka,0.5288494845553191,Coin flip,False,0.6858800560499695,0.484469065508181,0.4908141791820526,0.5159508614789551,0.4671332605574373,,,,20261004-211715,2026-10-04 21:18:15.232798,,
575514-14,575514,2026-10-06,2026-10-06 10:10:00,Rafal Gajda,Witold Buczynski,0.4830248739370022,Witold Buczynski,0.5169751260629978,Coin flip,False,0.5444332078177913,0.4727568591386417,0.4648646116256714,0.4688636449335528,0.4642060461693537,,,,20261004-211715,2026-10-04 21:18:15.232798,,
575494-8,575494,2026-10-06,2026-10-06 10:20:00,Kamil Smolka,Boguslaw Madej,0.6170118181987772,Kamil Smolka,0.6170118181987772,Lean,False,0.6785309241325694,0.5912337429342736,0.6018013954162598,0.6028612924734793,0.6106317360373039,,,,20261004-211715,2026-10-04 21:18:15.232798,,
575500-14,575500,2026-10-06,2026-10-06 10:20:00,Oliver Vincenec,Rafal Idaczyk,0.3675643118876083,Rafal Idaczyk,0.6324356881123916,Solid,False,0.4251943604574452,0.3552544918245848,0.3468964397907257,0.351851175913922,0.3586250914513635,,,,20261004-211715,2026-10-04 21:18:15.232798,,
575517-15,575517,2026-10-06,2026-10-06 10:30:00,Jakub Kosowski,Grzegorz Felkel,0.5878383826441832,Jakub Kosowski,0.5878383826441832,Lean,False,0.604982417940346,0.5898240320457695,0.5707331895828247,0.5775643505973456,0.5960879230546301,,,,20261004-211715,2026-10-04 21:18:15.232798,,
575511-15,575511,2026-10-06,2026-10-06 10:30:00,Michal Olbrycht,Michal Malachowski,0.5328001081523825,Michal Olbrycht,0.5328001081523825,Coin flip,False,0.5529218207070447,0.5324606651546038,0.5230623483657837,0.5273099495858408,0.5282457569486397,,,,20261004-211715,2026-10-04 21:18:15.232798,,
575509-15,575509,2026-10-06,2026-10-06 10:35:00,Artur Sobel,Blazej Warpas,0.7135265248197141,Artur Sobel,0.7135265248197141,Strong,False,0.7311934939543296,0.7026659326493804,0.712404727935791,0.7228640918858875,0.6985043776731821,,,,20261004-211715,2026-10-04 21:18:15.232798,,
575514-15,575514,2026-10-06,2026-10-06 10:35:00,Piotr Przewlocki,Pawel Slosarczyk,0.5647615807732941,Piotr Przewlocki,0.5647615807732941,Lean,False,0.6061285897511733,0.5534550715960345,0.5573714971542358,0.5583920483549061,0.5484606970101205,,,,20261004-211715,2026-10-04 21:18:15.232798,,
575494-9,575494,2026-10-06,2026-10-06 10:45:00,Maksymilian Rus,Michal Jozefiak,0.2868946394875347,Michal Jozefiak,0.7131053605124653,Strong,False,0.2921487233110881,0.2991411802864218,0.2900519371032715,0.2870641031402056,0.2660672535966864,,,,20261004-211715,2026-10-04 21:18:15.232798,,
575500-15,575500,2026-10-06,2026-10-06 10:45:00,Jakub Kaczmarek,Milosz Cesarz,0.6934762649046147,Jakub Kaczmarek,0.6934762649046147,Solid,False,0.7082860473140111,0.6753686602811599,0.6950809359550476,0.6862823741979289,0.7023633067749258,,,,20261004-211715,2026-10-04 21:18:15.232798,,
575523-1,575523,2026-10-06,2026-10-06 11:00:00,Waldemar Glanowski,Witold Buczynski,0.5116378985046084,Waldemar Glanowski,0.5116378985046084,Coin flip,False,0.5141076242786501,0.5128432582735626,0.5109614133834839,0.5123114022689083,0.5079657943184368,,,,20261004-211715,2026-10-04 21:18:15.232798,,
575519-1,575519,2026-10-06,2026-10-06 11:00:00,Rafal Stapor,Bartosz Czerwinski,0.4414182887481153,Bartosz Czerwinski,0.5585817112518847,Lean,False,0.4669100992407944,0.4327736859899125,0.4357647597789764,0.4417268037013969,0.4299160950294958,,,,20261004-211715,2026-10-04 21:18:15.232798,,
575521-1,575521,2026-10-06,2026-10-06 11:00:00,Jakub Kuzmicz,Krzysztof Kapik,0.7008702901722469,Jakub Kuzmicz,0.7008702901722469,Strong,False,0.6920534449148359,0.6940522954692103,0.6956881284713745,0.6935368061603979,0.7290207758454152,,,,20261004-211715,2026-10-04 21:18:15.232798,,
575525-1,575525,2026-10-06,2026-10-06 11:00:00,Piotr Chodorski,Adrian Wiecek,0.5220322810460796,Piotr Chodorski,0.5220322810460796,Coin flip,False,0.4830475228958877,0.5280294864248471,0.52711421251297,0.5362621772744736,0.5357080061222191,,,,20261004-211715,2026-10-04 21:18:15.232798,,
575494-10,575494,2026-10-06,2026-10-06 11:05:00,Sebastian Juzek,Boguslaw Madej,0.5716233519919366,Sebastian Juzek,0.5716233519919366,Lean,False,0.5736008002301629,0.5690924964887532,0.5730288624763489,0.5745789624436867,0.5678156383207311,,,,20261004-211715,2026-10-04 21:18:15.232798,,
575521-2,575521,2026-10-06,2026-10-06 11:20:00,Michal Olbrycht,Dawid Kosmal,0.5641071592406023,Michal Olbrycht,0.5641071592406023,Lean,False,0.5744509415436354,0.562020033949679,0.5569864511489868,0.5592193375487118,0.567859032011998,,,,20261004-211715,2026-10-04 21:18:15.232798,,
575525-2,575525,2026-10-06,2026-10-06 11:20:00,Jakub Kosowski,Josef Braun,0.5395293657734231,Jakub Kosowski,0.5395293657734231,Coin flip,False,0.574761754996377,0.5416289401569224,0.5190672874450684,0.5223055389889932,0.5398833072797544,,,,20261004-211715,2026-10-04 21:18:15.232798,,
575519-2,575519,2026-10-06,2026-10-06 11:25:00,Artur Sobel,Maciej Kolek,0.5152161514268618,Artur Sobel,0.5152161514268618,Coin flip,False,0.4864882358815643,0.5272360182758595,0.5257975459098816,0.5201810496201079,0.5163779074468954,,,,20261004-211715,2026-10-04 21:18:15.232798,,
575523-2,575523,2026-10-06,2026-10-06 11:25:00,Piotr Brozek,Pawel Slosarczyk,0.637936935389813,Piotr Brozek,0.637936935389813,Solid,False,0.6700280537642926,0.6258167191913158,0.6218058466911316,0.6273102569362664,0.6447238003660584,,,,20261004-211715,2026-10-04 21:18:15.232798,,
575494-11,575494,2026-10-06,2026-10-06 11:30:00,Kamil Smolka,Maksymilian Rus,0.7200114183969069,Kamil Smolka,0.7200114183969069,Strong,False,0.7387480445814987,0.7194774892402319,0.7116422653198242,0.7083142196474694,0.7218750731955098,,,,20261004-211715,2026-10-04 21:18:15.232798,,
575525-3,575525,2026-10-06,2026-10-06 11:40:00,Maksymilian Miastowski,Grzegorz Felkel,0.3086474733045706,Grzegorz Felkel,0.6913525266954295,Solid,False,0.3415066536376552,0.3141442222875529,0.2854625582695007,0.3033447753269709,0.2987791570011731,,,,20261004-211715,2026-10-04 21:18:15.232798,,
575521-3,575521,2026-10-06,2026-10-06 11:45:00,Mateusz Rutkowski,Michal Malachowski,0.569173496610094,Mateusz Rutkowski,0.569173496610094,Lean,False,0.5710910456438995,0.5709623772496549,0.5733953714370728,0.5728759034028617,0.557542785316981,,,,20261004-211715,2026-10-04 21:18:15.232798,,
575523-3,575523,2026-10-06,2026-10-06 11:50:00,Rafal Gajda,Piotr Przewlocki,0.4440443043322395,Piotr Przewlocki,0.5559556956677605,Lean,False,0.4247937151628342,0.4447909050560681,0.4524299502372741,0.4587418407662502,0.439465110438771,,,,20261004-211715,2026-10-04 21:18:15.232798,,
575519-3,575519,2026-10-06,2026-10-06 11:50:00,Dominik Solilo,Bartek Sulkowski,0.5738552153098991,Dominik Solilo,0.5738552153098991,Lean,False,0.5568295616222232,0.5899469062413931,0.5657207369804382,0.5841043580990444,0.5726745136063965,,,,20261004-211715,2026-10-04 21:18:15.232798,,
575494-12,575494,2026-10-06,2026-10-06 11:55:00,Michal Jozefiak,Krzysztof Hetnar,0.4417271337570632,Krzysztof Hetnar,0.5582728662429368,Lean,False,0.4006095688460659,0.4652651011496931,0.4565295577049255,0.4522343438498521,0.4339970972347788,,,,20261004-211715,2026-10-04 21:18:15.232798,,
575525-4,575525,2026-10-06,2026-10-06 12:00:00,Piotr Chodorski,Jakub Kosowski,0.4734669113827543,Jakub Kosowski,0.5265330886172457,Coin flip,False,0.4303419611412451,0.4917424802173427,0.4744882583618164,0.4959417932080983,0.474820063985269,,,,20261004-211715,2026-10-04 21:18:15.232798,,
575521-4,575521,2026-10-06,2026-10-06 12:05:00,Jakub Kuzmicz,Michal Olbrycht,0.6346902104215049,Jakub Kuzmicz,0.6346902104215049,Solid,False,0.662371417799783,0.6375999718500672,0.6195206642150879,0.6347328420042544,0.6192261562383315,,,,20261004-211715,2026-10-04 21:18:15.232798,,
575519-4,575519,2026-10-06,2026-10-06 12:10:00,Rafal Stapor,Artur Sobel,0.3678079108336234,Artur Sobel,0.6321920891663766,Solid,False,0.3684118716624634,0.3626563454467096,0.3644689321517944,0.3618004021113971,0.3817020027957526,,,,20261004-211715,2026-10-04 21:18:15.232798,,
575523-4,575523,2026-10-06,2026-10-06 12:10:00,Waldemar Glanowski,Piotr Brozek,0.2908038783258428,Piotr Brozek,0.7091961216741571,Strong,False,0.3127153201455626,0.2918976375681791,0.2857243120670318,0.2775956914391514,0.286086430409289,,,,20261004-211715,2026-10-04 21:18:15.232798,,
575494-13,575494,2026-10-06,2026-10-06 12:20:00,Sebastian Juzek,Maksymilian Rus,0.5824248216325087,Sebastian Juzek,0.5824248216325087,Lean,False,0.639340114490309,0.5596979512602934,0.5637123584747314,0.5654461656201335,0.5839275183170758,,,,20261004-211715,2026-10-04 21:18:15.232798,,
575525-5,575525,2026-10-06,2026-10-06 12:25:00,Grzegorz Felkel,Adrian Wiecek,0.686243098009775,Grzegorz Felkel,0.686243098009775,Solid,False,0.6576021911609599,0.6870644498670848,0.7005555033683777,0.6802461938476789,0.7057471518047735,,,,20261004-211715,2026-10-04 21:18:15.232798,,
575521-5,575521,2026-10-06,2026-10-06 12:30:00,Michal Malachowski,Krzysztof Kapik,0.4738493635178222,Krzysztof Kapik,0.5261506364821777,Coin flip,False,0.4617935879586874,0.47664443986691,0.4813657402992248,0.4806219395767299,0.4688211098875585,,,,20261004-211715,2026-10-04 21:18:15.232798,,
575523-5,575523,2026-10-06,2026-10-06 12:35:00,Piotr Przewlocki,Witold Buczynski,0.6234986327773018,Piotr Przewlocki,0.6234986327773018,Solid,False,0.6193844494713779,0.6115498991915213,0.6346211433410645,0.6308857424024447,0.6210519294801001,,,,20261004-211715,2026-10-04 21:18:15.232798,,
575519-5,575519,2026-10-06,2026-10-06 12:35:00,Bartek Sulkowski,Bartosz Czerwinski,0.4647210412002322,Bartosz Czerwinski,0.5352789587997677,Coin flip,False,0.4549336143877685,0.4651074987893871,0.4656300544738769,0.4683870553177416,0.4695469830323863,,,,20261004-211715,2026-10-04 21:18:15.232798,,
575494-14,575494,2026-10-06,2026-10-06 12:40:00,Boguslaw Madej,Krzysztof Hetnar,0.2540220856620954,Krzysztof Hetnar,0.7459779143379046,Strong,False,0.2613757530698382,0.2618071524502437,0.248653769493103,0.2549720740473272,0.2433016792499649,,,,20261004-211715,2026-10-04 21:18:15.232798,,
575525-6,575525,2026-10-06,2026-10-06 12:50:00,Maksymilian Miastowski,Josef Braun,0.4525284348949459,Josef Braun,0.5474715651050541,Coin flip,False,0.5056477314494642,0.4363784672475606,0.4456829726696014,0.4306822635733285,0.4442507395347743,,,,20261004-211715,2026-10-04 21:18:15.232798,,
575521-6,575521,2026-10-06,2026-10-06 12:55:00,Mateusz Rutkowski,Dawid Kosmal,0.5652651481832819,Mateusz Rutkowski,0.5652651481832819,Lean,False,0.5186586787998257,0.5721781727866746,0.5702976584434509,0.5835545028247557,0.5816367280617025,,,,20261004-211715,2026-10-04 21:18:15.232798,,
575519-6,575519,2026-10-06,2026-10-06 13:00:00,Dominik Solilo,Maciej Kolek,0.5242646233639305,Dominik Solilo,0.5242646233639305,Coin flip,False,0.4331264305178476,0.5523178413278252,0.5520665645599365,0.5508407719990387,0.5329715084150043,,,,20261004-211715,2026-10-04 21:18:15.232798,,
575523-6,575523,2026-10-06,2026-10-06 13:00:00,Rafal Gajda,Pawel Slosarczyk,0.565049931318822,Rafal Gajda,0.565049931318822,Lean,False,0.5184472887778326,0.5766845079251646,0.5845902562141418,0.5763182678049698,0.569209335872001,,,,20261004-211715,2026-10-04 21:18:15.232798,,
575494-15,575494,2026-10-06,2026-10-06 13:05:00,Kamil Smolka,Michal Jozefiak,0.525874102394969,Kamil Smolka,0.525874102394969,Coin flip,False,0.5348691672474123,0.5331073597693563,0.5135980844497681,0.518048889939803,0.5297470105685052,,,,20261004-211715,2026-10-04 21:18:15.232798,,
575525-7,575525,2026-10-06,2026-10-06 13:15:00,Jakub Kosowski,Adrian Wiecek,0.5134233335928657,Jakub Kosowski,0.5134233335928657,Coin flip,False,0.5660337627858917,0.4969693248474682,0.502952516078949,0.4929399095420207,0.5082211547099992,,,,20261004-211715,2026-10-04 21:18:15.232798,,
575521-7,575521,2026-10-06,2026-10-06 13:20:00,Michal Olbrycht,Krzysztof Kapik,0.5283234168107239,Michal Olbrycht,0.5283234168107239,Coin flip,False,0.535708797290088,0.5083957558549956,0.5279837846755981,0.5362439339637892,0.5332848122691485,,,,20261004-211715,2026-10-04 21:18:15.232798,,
575519-7,575519,2026-10-06,2026-10-06 13:25:00,Artur Sobel,Bartosz Czerwinski,0.4572232367321841,Bartosz Czerwinski,0.5427767632678159,Coin flip,False,0.56119574053815,0.4194230320497875,0.4307654798030853,0.434557505035238,0.4401744262346596,,,,20261004-211715,2026-10-04 21:18:15.232798,,
575523-7,575523,2026-10-06,2026-10-06 13:25:00,Piotr Brozek,Witold Buczynski,0.66704589770811,Piotr Brozek,0.66704589770811,Solid,False,0.6990623661574072,0.6587849382092322,0.6633323431015015,0.6592200902648232,0.654829750807585,,,,20261004-211715,2026-10-04 21:18:15.232798,,
575496-1,575496,2026-10-06,2026-10-06 13:30:00,Maksymilian Rus,Krzysztof Hetnar,0.22505020197515,Krzysztof Hetnar,0.77494979802485,Strong,False,0.2252039322836126,0.2374793749236559,0.2252292037010193,0.2298418788652887,0.2074966201021731,,,,20261004-211715,2026-10-04 21:18:15.232798,,
575525-8,575525,2026-10-06,2026-10-06 13:40:00,Piotr Chodorski,Maksymilian Miastowski,0.5536459539535191,Piotr Chodorski,0.5536459539535191,Lean,False,0.5364601047165548,0.5636218682320354,0.5476590394973755,0.5593827703183003,0.5611059870033296,,,,20261004-211715,2026-10-04 21:18:15.232798,,
575521-8,575521,2026-10-06,2026-10-06 13:45:00,Jakub Kuzmicz,Mateusz Rutkowski,0.5041031927077558,Jakub Kuzmicz,0.5041031927077558,Coin flip,False,0.6183143360373408,0.4621683424300991,0.4811215996742248,0.4811465048190381,0.4777651805780762,,,,20261004-211715,2026-10-04 21:18:15.232798,,
575519-8,575519,2026-10-06,2026-10-06 13:50:00,Rafal Stapor,Dominik Solilo,0.3839008250785986,Dominik Solilo,0.6160991749214013,Lean,False,0.4178836038775508,0.3726062003966434,0.3702268600463867,0.3775266590086355,0.3812608020637767,,,,20261004-211715,2026-10-04 21:18:15.232798,,
575523-8,575523,2026-10-06,2026-10-06 13:50:00,Waldemar Glanowski,Rafal Gajda,0.4435330833412557,Rafal Gajda,0.5564669166587444,Lean,False,0.4643072872958105,0.4367614238525428,0.437669038772583,0.4357456175879368,0.4431820491974049,,,,20261004-211715,2026-10-04 21:18:15.232798,,
575496-2,575496,2026-10-06,2026-10-06 13:55:00,Sebastian Juzek,Michal Jozefiak,0.4149818081131633,Michal Jozefiak,0.5850181918868367,Lean,False,0.4707420401801304,0.3973622607893706,0.4056540131568908,0.3995848806272095,0.4015658458122151,,,,20261004-211715,2026-10-04 21:18:15.232798,,
575525-9,575525,2026-10-06,2026-10-06 14:05:00,Grzegorz Felkel,Josef Braun,0.6323005467489536,Grzegorz Felkel,0.6323005467489536,Solid,False,0.6884304774660595,0.6186239532540162,0.6172893047332764,0.6154393563072628,0.6217196419841537,,,,20261004-211715,2026-10-04 21:18:15.232798,,
575521-9,575521,2026-10-06,2026-10-06 14:10:00,Michal Malachowski,Dawid Kosmal,0.5009620853962016,Michal Malachowski,0.5009620853962016,Coin flip,False,0.4682053248388333,0.518360296577307,0.5032044053077698,0.5131532488262524,0.5018871514308452,,,,20261004-211715,2026-10-04 21:18:15.232798,,
575519-9,575519,2026-10-06,2026-10-06 14:15:00,Bartek Sulkowski,Maciej Kolek,0.3376435995673107,Maciej Kolek,0.6623564004326893,Solid,False,0.34496968534558,0.3380314737436272,0.3412337303161621,0.3364920186561498,0.3274910897750342,,,,20261004-211715,2026-10-04 21:18:15.232798,,
575523-9,575523,2026-10-06,2026-10-06 14:15:00,Piotr Przewlocki,Pawel Slosarczyk,0.5639452629668618,Piotr Przewlocki,0.5639452629668618,Lean,False,0.6055214135740362,0.5500789658259057,0.5577256679534912,0.5583920483549061,0.5480082191259692,,,,20261004-211715,2026-10-04 21:18:15.232798,,
575496-3,575496,2026-10-06,2026-10-06 14:20:00,Boguslaw Madej,Kamil Smolka,0.3550068027090063,Kamil Smolka,0.6449931972909937,Solid,False,0.346874360100641,0.3643622394479756,0.3641506731510162,0.3491430542917403,0.3505036865536581,,,,20261004-211715,2026-10-04 21:18:15.232798,,
575525-10,575525,2026-10-06,2026-10-06 14:30:00,Jakub Kosowski,Maksymilian Miastowski,0.5416978453629749,Jakub Kosowski,0.5416978453629749,Coin flip,False,0.5881568968212258,0.5495328089754677,0.5251383781433105,0.5262312913798904,0.5194298514949801,,,,20261004-211715,2026-10-04 21:18:15.232798,,
575521-10,575521,2026-10-06,2026-10-06 14:35:00,Michal Olbrycht,Mateusz Rutkowski,0.4447524013617552,Mateusz Rutkowski,0.5552475986382448,Lean,False,0.487394416767163,0.4285712828893647,0.4329866468906402,0.4287482048997571,0.4460614553618509,,,,20261004-211715,2026-10-04 21:18:15.232798,,
575519-10,575519,2026-10-06,2026-10-06 14:40:00,Artur Sobel,Dominik Solilo,0.5216910975080002,Artur Sobel,0.5216910975080002,Coin flip,False,0.5575046566692932,0.5181605543742218,0.5135780572891235,0.508774247871809,0.5104379713355536,,,,20261004-211715,2026-10-04 21:18:15.232798,,
575523-10,575523,2026-10-06,2026-10-06 14:40:00,Piotr Brozek,Rafal Gajda,0.6063551496179289,Piotr Brozek,0.6063551496179289,Lean,False,0.6557567136896245,0.5924389924449696,0.5909526348114014,0.6001316036723068,0.5924958034713425,,,,20261004-211715,2026-10-04 21:18:15.232798,,
575496-4,575496,2026-10-06,2026-10-06 14:45:00,Maksymilian Rus,Sebastian Juzek,0.3963695692411813,Sebastian Juzek,0.6036304307588187,Lean,False,0.3640665697016777,0.4114085498112356,0.41115403175354,0.4122741743847228,0.3829445205547299,,,,20261004-211715,2026-10-04 21:18:15.232798,,
575525-11,575525,2026-10-06,2026-10-06 14:55:00,Piotr Chodorski,Grzegorz Felkel,0.3478667461605168,Grzegorz Felkel,0.6521332538394832,Solid,False,0.366449158684726,0.3385773875572498,0.3451500535011291,0.3445143730884936,0.3446427579709854,,,,20261004-211715,2026-10-04 21:18:15.232798,,
575521-11,575521,2026-10-06,2026-10-06 15:00:00,Jakub Kuzmicz,Michal Malachowski,0.589052689337654,Jakub Kuzmicz,0.589052689337654,Lean,False,0.6833956794944329,0.5703427769340826,0.5562933087348938,0.5659758213173379,0.5692558602075225,,,,20261004-211715,2026-10-04 21:18:15.232798,,
575519-11,575519,2026-10-06,2026-10-06 15:05:00,Rafal Stapor,Bartek Sulkowski,0.4435737343526426,Bartek Sulkowski,0.5564262656473573,Lean,False,0.4610747393204975,0.4398427633416439,0.4436766505241394,0.4440046155146765,0.4292699030622556,,,,20261004-211715,2026-10-04 21:18:15.232798,,
575523-11,575523,2026-10-06,2026-10-06 15:05:00,Waldemar Glanowski,Piotr Przewlocki,0.3919162622828477,Piotr Przewlocki,0.6080837377171523,Lean,False,0.3926498512096482,0.3990975681871863,0.3832218647003174,0.3866287204403496,0.397983306876737,,,,20261004-211715,2026-10-04 21:18:15.232798,,
575496-5,575496,2026-10-06,2026-10-06 15:10:00,Kamil Smolka,Krzysztof Hetnar,0.4936392371751811,Krzysztof Hetnar,0.5063607628248188,Coin flip,False,0.4360183610538334,0.5066027046220408,0.5075143575668335,0.5088114344681209,0.509249328165077,,,,20261004-211715,2026-10-04 21:18:15.232798,,
575525-12,575525,2026-10-06,2026-10-06 15:20:00,Josef Braun,Adrian Wiecek,0.5321242665676463,Josef Braun,0.5321242665676463,Coin flip,False,0.443351545584495,0.5412787339030812,0.5601794719696045,0.5710923122873858,0.5447192690936652,,,,20261004-211715,2026-10-04 21:18:15.232798,,
575521-12,575521,2026-10-06,2026-10-06 15:25:00,Dawid Kosmal,Krzysztof Kapik,0.4835691467171117,Krzysztof Kapik,0.5164308532828883,Coin flip,False,0.5070356152265434,0.4689693567951925,0.46626016497612,0.4893993941132804,0.4861812024744225,,,,20261004-211715,2026-10-04 21:18:15.232798,,
575523-12,575523,2026-10-06,2026-10-06 15:30:00,Pawel Slosarczyk,Witold Buczynski,0.5845261473575135,Pawel Slosarczyk,0.5845261473575135,Lean,False,0.5357919295528933,0.5956547317910942,0.5915782451629639,0.592623862066512,0.6069819682141042,,,,20261004-211715,2026-10-04 21:18:15.232798,,
575519-12,575519,2026-10-06,2026-10-06 15:30:00,Maciej Kolek,Bartosz Czerwinski,0.6611815126897015,Maciej Kolek,0.6611815126897015,Solid,False,0.6054218795737889,0.661049731147916,0.6727851629257202,0.6819915122498521,0.6846592775512301,,,,20261004-211715,2026-10-04 21:18:15.232798,,
575496-6,575496,2026-10-06,2026-10-06 15:30:00,Boguslaw Madej,Michal Jozefiak,0.43597599524487,Michal Jozefiak,0.5640240047551299,Lean,False,0.4056169328064729,0.4369734281306996,0.4512388408184051,0.4415601885682154,0.4444905859005567,,,,20261004-211715,2026-10-04 21:18:15.232798,,
575525-13,575525,2026-10-06,2026-10-06 15:45:00,Jakub Kosowski,Grzegorz Felkel,0.5717542446177218,Jakub Kosowski,0.5717542446177218,Lean,False,0.579064838305376,0.5863245246934836,0.5526189804077148,0.5761137155178448,0.56464916416419,,,,20261004-211715,2026-10-04 21:18:15.232798,,
575521-13,575521,2026-10-06,2026-10-06 15:50:00,Michal Olbrycht,Michal Malachowski,0.5352739737856584,Michal Olbrycht,0.5352739737856584,Coin flip,False,0.556680465253387,0.5350411927440019,0.5258827805519104,0.5308670547357446,0.5278983756432483,,,,20261004-211715,2026-10-04 21:18:15.232798,,
575496-7,575496,2026-10-06,2026-10-06 15:55:00,Sebastian Juzek,Krzysztof Hetnar,0.3162517787657803,Krzysztof Hetnar,0.6837482212342196,Solid,False,0.3226311558575081,0.3121725696826902,0.3140966892242431,0.3155328925669371,0.316825586497523,,,,20261004-211715,2026-10-04 21:18:15.232798,,
575519-13,575519,2026-10-06,2026-10-06 15:55:00,Artur Sobel,Bartek Sulkowski,0.5865044626313137,Artur Sobel,0.5865044626313137,Lean,False,0.6186139382403788,0.5739651224900806,0.5886751413345337,0.5841905376342853,0.5670775734572902,,,,20261004-211715,2026-10-04 21:18:15.232798,,
575523-13,575523,2026-10-06,2026-10-06 15:55:00,Piotr Brozek,Piotr Przewlocki,0.5876193301171868,Piotr Brozek,0.5876193301171868,Lean,False,0.5998819476126696,0.5810480427329974,0.5795394778251648,0.5867242987867793,0.590902883628323,,,,20261004-211715,2026-10-04 21:18:15.232798,,
575525-14,575525,2026-10-06,2026-10-06 16:10:00,Maksymilian Miastowski,Adrian Wiecek,0.4065914119785896,Adrian Wiecek,0.5934085880214104,Lean,False,0.4360769220790515,0.3991109206830355,0.4003147482872009,0.3958538028725326,0.4016006659711273,,,,20261004-211715,2026-10-04 21:18:15.232798,,
575521-14,575521,2026-10-06,2026-10-06 16:15:00,Mateusz Rutkowski,Krzysztof Kapik,0.5529258150114508,Mateusz Rutkowski,0.5529258150114508,Lean,False,0.5879969765684592,0.5506761456940701,0.5421463847160339,0.5530333061890158,0.530776261889675,,,,20261004-211715,2026-10-04 21:18:15.232798,,
575523-14,575523,2026-10-06,2026-10-06 16:20:00,Rafal Gajda,Witold Buczynski,0.4806765870372578,Witold Buczynski,0.5193234129627422,Coin flip,False,0.5392061386312997,0.471580067308766,0.4634393453598022,0.4702199283343634,0.4589374555520578,,,,20261004-211715,2026-10-04 21:18:15.232798,,
575496-8,575496,2026-10-06,2026-10-06 16:20:00,Maksymilian Rus,Boguslaw Madej,0.3895606305296614,Boguslaw Madej,0.6104393694703385,Lean,False,0.4201940530068339,0.3863113958790918,0.3835606575012207,0.3856206517375764,0.3721163945235841,,,,20261004-211715,2026-10-04 21:18:15.232798,,
575519-14,575519,2026-10-06,2026-10-06 16:20:00,Dominik Solilo,Bartosz Czerwinski,0.4971874323346373,Bartosz Czerwinski,0.5028125676653628,Coin flip,False,0.5266590430151443,0.4827409742421422,0.487730860710144,0.4940446967106287,0.4947615869951269,,,,20261004-211715,2026-10-04 21:18:15.232798,,
575521-15,575521,2026-10-06,2026-10-06 16:35:00,Jakub Kuzmicz,Dawid Kosmal,0.6403695459156842,Jakub Kuzmicz,0.6403695459156842,Solid,False,0.6642418763330209,0.6194055961769169,0.6359165906906128,0.640633595273988,0.641650071103882,,,,20261004-211715,2026-10-04 21:18:15.232798,,
575525-15,575525,2026-10-06,2026-10-06 16:35:00,Piotr Chodorski,Josef Braun,0.4212201951726104,Josef Braun,0.5787798048273896,Lean,False,0.4794249187019213,0.3899538876704767,0.4203278422355652,0.4002181388085442,0.4161761884465445,,,,20261004-211715,2026-10-04 21:18:15.232798,,
575519-15,575519,2026-10-06,2026-10-06 16:40:00,Rafal Stapor,Maciej Kolek,0.3144347557450037,Maciej Kolek,0.6855652442549963,Solid,False,0.3435488422704511,0.3080148383204639,0.3083080649375915,0.3044077946153257,0.3078942385811862,,,,20261004-211715,2026-10-04 21:18:15.232798,,
575523-15,575523,2026-10-06,2026-10-06 16:40:00,Waldemar Glanowski,Pawel Slosarczyk,0.4204337297319288,Pawel Slosarczyk,0.5795662702680713,Lean,False,0.4690495014414331,0.420634908458473,0.4049587249755859,0.4091469841926637,0.398378529591488,,,,20261004-211715,2026-10-04 21:18:15.232798,,
575496-9,575496,2026-10-06,2026-10-06 16:45:00,Kamil Smolka,Michal Jozefiak,0.5528228154080987,Kamil Smolka,0.5528228154080987,Lean,False,0.5616135511966297,0.5552612903377885,0.5457988977432251,0.5495712763709928,0.5518690613918575,,,,20261004-211715,2026-10-04 21:18:15.232798,,
575532-1,575532,2026-10-06,2026-10-06 17:00:00,Adam Linek,Przemyslaw Blocho,0.3413800534552049,Przemyslaw Blocho,0.658619946544795,Solid,False,0.3564317272524596,0.3464865439787618,0.3353849947452545,0.3303441908952261,0.3382528104043224,,,,20261004-211715,2026-10-04 21:18:15.232798,,
575530-1,575530,2026-10-06,2026-10-06 17:00:00,Igor Szymanski,Krzysztof Schaniel,0.3515799890618422,Krzysztof Schaniel,0.6484200109381577,Solid,False,0.3846528768152047,0.3414729462336918,0.3475170433521271,0.3304784595679192,0.3537786193402683,,,,20261004-211715,2026-10-04 21:18:15.232798,,
575528-1,575528,2026-10-06,2026-10-06 17:00:00,Michal Skorski,Kuba Golaszewski,0.5355497450806774,Michal Skorski,0.5355497450806774,Coin flip,False,0.566289340467707,0.5380051120014109,0.5245804190635681,0.5151830742548364,0.5336907796158646,,,,20261004-211715,2026-10-04 21:18:15.232798,,
575496-10,575496,2026-10-06,2026-10-06 17:05:00,Sebastian Juzek,Boguslaw Madej,0.5722669714197461,Sebastian Juzek,0.5722669714197461,Lean,False,0.573992828832566,0.5690924964887532,0.5742331743240356,0.5745789624436867,0.5694373950096894,,,,20261004-211715,2026-10-04 21:18:15.232798,,
575504-1,575504,2026-10-06,2026-10-06 17:10:00,Wojciech Pytlas,Rafal Adach,0.7590950323137582,Wojciech Pytlas,0.7590950323137582,Strong,False,0.7468603659680169,0.7586757906492515,0.7538278698921204,0.7606839482175707,0.7754271868418319,,,,20261004-211715,2026-10-04 21:18:15.232798,,
575528-2,575528,2026-10-06,2026-10-06 17:25:00,Adrian Myszewski,Jaroslaw Rolak,0.6474939325546156,Adrian Myszewski,0.6474939325546156,Solid,False,0.6498127335907399,0.6456540356433056,0.6559011936187744,0.6551689196227254,0.6309327802975329,,,,20261004-211715,2026-10-04 21:18:15.232798,,
575530-2,575530,2026-10-06,2026-10-06 17:25:00,Jaroslaw Badura,Mariusz Baron,0.5922009951206834,Jaroslaw Badura,0.5922009951206834,Lean,False,0.6173737684795606,0.5842970321375356,0.5886783003807068,0.5910882569578959,0.5795676176477175,,,,20261004-211715,2026-10-04 21:18:15.232798,,
575532-2,575532,2026-10-06,2026-10-06 17:25:00,Michal Minda,Artur Gromek,0.4645515391452395,Artur Gromek,0.5354484608547605,Coin flip,False,0.4656929921429107,0.4823375437563732,0.4725732803344726,0.444240946273999,0.4579129332184418,,,,20261004-211715,2026-10-04 21:18:15.232798,,
575496-11,575496,2026-10-06,2026-10-06 17:30:00,Maksymilian Rus,Kamil Smolka,0.2860440468345245,Kamil Smolka,0.7139559531654756,Strong,False,0.2878346756735054,0.2891235699131447,0.2855002284049988,0.2913440419015871,0.2764177182793864,,,,20261004-211715,2026-10-04 21:18:15.232798,,
575504-2,575504,2026-10-06,2026-10-06 17:35:00,Mariusz Koczyba,Piotr Kaczynski,0.6389444200572676,Mariusz Koczyba,0.6389444200572676,Solid,False,0.641771162435653,0.645318924444165,0.6404129266738892,0.6342345335790296,0.6329845531536007,,,,20261004-211715,2026-10-04 21:18:15.232798,,
575532-3,575532,2026-10-06,2026-10-06 17:45:00,Lukasz Pietraszko,Dawid Kosmal,0.4651448644738986,Dawid Kosmal,0.5348551355261014,Coin flip,False,0.448901098445363,0.4710863721121668,0.4648617804050445,0.4689254950095905,0.471949576397328,,,,20261004-211715,2026-10-04 21:18:15.232798,,
575528-3,575528,2026-10-06,2026-10-06 17:50:00,Bartlomiej Mrugala,Dariusz Szlubowski,0.3584077215876383,Dariusz Szlubowski,0.6415922784123617,Solid,False,0.3867510645092769,0.3475504862357189,0.3471773564815521,0.3530803874596887,0.3574793132519547,,,,20261004-211715,2026-10-04 21:18:15.232798,,
575530-3,575530,2026-10-06,2026-10-06 17:50:00,Kamil Durak,Pawel Kurek,0.5577022534689601,Kamil Durak,0.5577022534689601,Lean,False,0.51941294584396,0.5677350194338118,0.5562994480133057,0.5707038082803346,0.5743600457733881,,,,20261004-211715,2026-10-04 21:18:15.232798,,
575496-12,575496,2026-10-06,2026-10-06 17:55:00,Michal Jozefiak,Krzysztof Hetnar,0.4094778514129322,Krzysztof Hetnar,0.5905221485870678,Lean,False,0.3706628902602788,0.4411436887999954,0.4159395098686218,0.4198685360485438,0.3997746320872211,,,,20261004-211715,2026-10-04 21:18:15.232798,,
575504-3,575504,2026-10-06,2026-10-06 18:00:00,Marek Tkocz,Grzegorz Jurowicz,0.6637670741267824,Marek Tkocz,0.6637670741267824,Solid,False,0.6987456786836432,0.6640447667268377,0.6521579027175903,0.6366494628435235,0.667237559662317,,,,20261004-211715,2026-10-04 21:18:15.232798,,
575532-4,575532,2026-10-06,2026-10-06 18:05:00,Adam Linek,Michal Minda,0.326190857332066,Michal Minda,0.673809142667934,Solid,False,0.3645011104109844,0.3281635130724639,0.3180185854434967,0.3119862467087276,0.3082848310246571,,,,20261004-211715,2026-10-04 21:18:15.232798,,
575528-4,575528,2026-10-06,2026-10-06 18:15:00,Michal Skorski,Adrian Myszewski,0.4572071799300493,Adrian Myszewski,0.5427928200699508,Coin flip,False,0.4360298404755693,0.4561592922268566,0.4574787616729736,0.4668638297322045,0.4695041755426421,,,,20261004-211715,2026-10-04 21:18:15.232798,,
575530-4,575530,2026-10-06,2026-10-06 18:15:00,Igor Szymanski,Jaroslaw Badura,0.2454944529199472,Jaroslaw Badura,0.7545055470800528,Strong,False,0.2952770064203398,0.2273047390906709,0.2340765595436096,0.2322045011941753,0.2386094583509401,,,,20261004-211715,2026-10-04 21:18:15.232798,,
575496-13,575496,2026-10-06,2026-10-06 18:20:00,Sebastian Juzek,Kamil Smolka,0.3612553615324264,Kamil Smolka,0.6387446384675736,Solid,False,0.3891362309519383,0.3511410271711323,0.3558568060398102,0.3609947831477615,0.3491479603514896,,,,20261004-211715,2026-10-04 21:18:15.232798,,
575504-4,575504,2026-10-06,2026-10-06 18:25:00,Wojciech Pytlas,Mariusz Koczyba,0.4713873536397992,Mariusz Koczyba,0.5286126463602008,Coin flip,False,0.4438292083616874,0.4791620590567426,0.4762961268424988,0.4737808109043267,0.4838685630337406,,,,20261004-211715,2026-10-04 21:18:15.232798,,
575532-5,575532,2026-10-06,2026-10-06 18:30:00,Dawid Kosmal,Przemyslaw Blocho,0.6476535086779991,Dawid Kosmal,0.6476535086779991,Solid,False,0.5718432880381181,0.6742122985947786,0.6556949615478516,0.6626852472505333,0.6738317479587133,,,,20261004-211715,2026-10-04 21:18:15.232798,,
575528-5,575528,2026-10-06,2026-10-06 18:35:00,Dariusz Szlubowski,Kuba Golaszewski,0.6679690107741909,Dariusz Szlubowski,0.6679690107741909,Solid,False,0.6467264333291307,0.6630833546159083,0.6768796443939209,0.6741210832429367,0.6790345382890579,,,,20261004-211715,2026-10-04 21:18:15.232798,,
575530-5,575530,2026-10-06,2026-10-06 18:35:00,Pawel Kurek,Krzysztof Schaniel,0.6536801997226653,Pawel Kurek,0.6536801997226653,Solid,False,0.6291096582876006,0.653385740323061,0.6706897020339966,0.6596831314484196,0.6555327665202492,,,,20261004-211715,2026-10-04 21:18:15.232798,,
575496-14,575496,2026-10-06,2026-10-06 18:40:00,Boguslaw Madej,Krzysztof Hetnar,0.2834657983487694,Krzysztof Hetnar,0.7165342016512306,Strong,False,0.2808436265544998,0.2949759982217113,0.2823966145515442,0.2857310193920234,0.2733817330240681,,,,20261004-211715,2026-10-04 21:18:15.232798,,
575504-5,575504,2026-10-06,2026-10-06 18:50:00,Grzegorz Jurowicz,Rafal Adach,0.6415409525739026,Grzegorz Jurowicz,0.6415409525739026,Solid,False,0.6228701675308648,0.6529930849412937,0.6440582275390625,0.6447517846866486,0.6430314981716432,,,,20261004-211715,2026-10-04 21:18:15.232798,,
575528-6,575528,2026-10-06,2026-10-06 18:55:00,Bartlomiej Mrugala,Jaroslaw Rolak,0.5651100298321949,Bartlomiej Mrugala,0.5651100298321949,Lean,False,0.5459206667166543,0.5698271277246663,0.5723962187767029,0.565641924483295,0.5717642114596558,,,,20261004-211715,2026-10-04 21:18:15.232798,,
575530-6,575530,2026-10-06,2026-10-06 18:55:00,Kamil Durak,Mariusz Baron,0.7393945157742858,Kamil Durak,0.7393945157742858,Strong,False,0.6982362762376093,0.7554182273193096,0.7424546480178833,0.7472535105943771,0.7536099167022496,,,,20261004-211715,2026-10-04 21:18:15.232798,,
575532-6,575532,2026-10-06,2026-10-06 18:55:00,Lukasz Pietraszko,Artur Gromek,0.7029196887448629,Lukasz Pietraszko,0.7029196887448629,Strong,False,0.6404323605210864,0.7249969536597163,0.7113233208656311,0.7268282747975006,0.7110175338803797,,,,20261004-211715,2026-10-04 21:18:15.232798,,
575496-15,575496,2026-10-06,2026-10-06 19:05:00,Maksymilian Rus,Michal Jozefiak,0.3147470785820741,Michal Jozefiak,0.6852529214179259,Solid,False,0.3448598143116745,0.3103826098911831,0.3049494922161102,0.3182253810497262,0.2953180954416765,,,,20261004-211715,2026-10-04 21:18:15.232798,,
575504-6,575504,2026-10-06,2026-10-06 19:10:00,Marek Tkocz,Piotr Kaczynski,0.6232868997343303,Marek Tkocz,0.6232868997343303,Solid,False,0.6315132173602465,0.612431707349011,0.6217056512832642,0.6239946577583135,0.6267892649208161,,,,20261004-211715,2026-10-04 21:18:15.232798,,
575528-7,575528,2026-10-06,2026-10-06 19:20:00,Adrian Myszewski,Kuba Golaszewski,0.6525532559847529,Adrian Myszewski,0.6525532559847529,Solid,False,0.6708400853856599,0.6508136384051932,0.6381555795669556,0.6554615746221519,0.6474954019438042,,,,20261004-211715,2026-10-04 21:18:15.232798,,
575530-7,575530,2026-10-06,2026-10-06 19:20:00,Jaroslaw Badura,Krzysztof Schaniel,0.5194614660308385,Jaroslaw Badura,0.5194614660308385,Coin flip,False,0.5785546845882257,0.5036792148295292,0.4968722462654114,0.5055389862954017,0.5126621981756248,,,,20261004-211715,2026-10-04 21:18:15.232798,,
575532-7,575532,2026-10-06,2026-10-06 19:20:00,Michal Minda,Przemyslaw Blocho,0.4848865443653741,Przemyslaw Blocho,0.5151134556346258,Coin flip,False,0.4265438302851223,0.5047600142594346,0.492955207824707,0.5060358919723954,0.4941377774852111,,,,20261004-211715,2026-10-04 21:18:15.232798,,
575498-1,575498,2026-10-06,2026-10-06 19:30:00,Marian Brunner,Andriej Fomin,0.352997232670464,Andriej Fomin,0.647002767329536,Solid,False,0.3382351537134452,0.3584352325319488,0.3543076813220978,0.3582006475404843,0.355807448244344,,,,20261004-211715,2026-10-04 21:18:15.232798,,
575504-7,575504,2026-10-06,2026-10-06 19:35:00,Mariusz Koczyba,Rafal Adach,0.7514833109173623,Mariusz Koczyba,0.7514833109173623,Strong,False,0.7535462015245564,0.7480330525350114,0.7570462226867676,0.7568036921569329,0.7419873856835427,,,,20261004-211715,2026-10-04 21:18:15.232798,,
575532-8,575532,2026-10-06,2026-10-06 19:40:00,Adam Linek,Lukasz Pietraszko,0.2254614222000071,Lukasz Pietraszko,0.7745385777999929,Strong,False,0.2532487200887639,0.2346794833152181,0.2161552309989929,0.2154641488073069,0.2077595277897537,,,,20261004-211715,2026-10-04 21:18:15.232798,,
575530-8,575530,2026-10-06,2026-10-06 19:45:00,Igor Szymanski,Kamil Durak,0.1289346206384202,Kamil Durak,0.8710653793615798,Strong,False,0.2004331736353038,0.1140103790041749,0.1016322076320648,0.1146536652658262,0.1139436776547312,,,,20261004-211715,2026-10-04 21:18:15.232798,,
575528-8,575528,2026-10-06,2026-10-06 19:45:00,Michal Skorski,Bartlomiej Mrugala,0.513234184558045,Michal Skorski,0.513234184558045,Coin flip,False,0.5533755968342727,0.5134778648525316,0.4983447194099426,0.5088798872361936,0.4920928544572844,,,,20261004-211715,2026-10-04 21:18:15.232798,,
575498-2,575498,2026-10-06,2026-10-06 19:55:00,Michal Machelski,Marcin Zielinski,0.216258354384579,Marcin Zielinski,0.7837416456154209,Strong,False,0.2135466963228537,0.2200500074653902,0.2254070043563842,0.2165324246862874,0.2057556390919794,,,,20261004-211715,2026-10-04 21:18:15.232798,,
575504-8,575504,2026-10-06,2026-10-06 20:00:00,Wojciech Pytlas,Marek Tkocz,0.3205260641530304,Marek Tkocz,0.6794739358469696,Solid,False,0.3390210170884146,0.3079805296253899,0.3117362260818481,0.319213131744831,0.3246794162246681,,,,20261004-211715,2026-10-04 21:18:15.232798,,
575532-9,575532,2026-10-06,2026-10-06 20:05:00,Dawid Kosmal,Artur Gromek,0.7113105585867473,Dawid Kosmal,0.7113105585867473,Strong,False,0.6585291264600981,0.761005471227828,0.716073215007782,0.6981813301710431,0.7227636500669846,,,,20261004-211715,2026-10-04 21:18:15.232798,,
575528-9,575528,2026-10-06,2026-10-06 20:10:00,Dariusz Szlubowski,Jaroslaw Rolak,0.659978720434001,Dariusz Szlubowski,0.659978720434001,Solid,False,0.6666135528884265,0.652450239160384,0.6623315811157227,0.6511608495972331,0.6673373794082389,,,,20261004-211715,2026-10-04 21:18:15.232798,,
575530-9,575530,2026-10-06,2026-10-06 20:10:00,Pawel Kurek,Mariusz Baron,0.6154843113280627,Pawel Kurek,0.6154843113280627,Lean,False,0.6300695944798118,0.6146069919205635,0.6108775734901428,0.6161239499189033,0.605743446830892,,,,20261004-211715,2026-10-04 21:18:15.232798,,
575498-3,575498,2026-10-06,2026-10-06 20:20:00,Dominik Bartosik,Henryk Tkaczyk,0.3739594933373658,Henryk Tkaczyk,0.6260405066626342,Solid,True,0.4139749076863206,0.3738668823360872,0.3740711212158203,0.3490553477737494,0.3588292076748511,,,,20261004-211715,2026-10-04 21:18:15.232798,,
575504-9,575504,2026-10-06,2026-10-06 20:25:00,Grzegorz Jurowicz,Piotr Kaczynski,0.4041514278557234,Piotr Kaczynski,0.5958485721442766,Lean,False,0.4092781831022634,0.4084926211830673,0.4129402637481689,0.3967195322914865,0.3933265389536309,,,,20261004-211715,2026-10-04 21:18:15.232798,,
575530-10,575530,2026-10-06,2026-10-06 20:30:00,Jaroslaw Badura,Kamil Durak,0.3627501654632173,Kamil Durak,0.6372498345367826,Solid,False,0.3760613517900572,0.3555752372089958,0.3616245687007904,0.3623494163546311,0.3581402532616122,,,,20261004-211715,2026-10-04 21:18:15.232798,,
575528-10,575528,2026-10-06,2026-10-06 20:30:00,Adrian Myszewski,Bartlomiej Mrugala,0.5852954770115563,Adrian Myszewski,0.5852954770115563,Lean,False,0.6175136573219184,0.5808634066652928,0.5838670134544373,0.5729126267112759,0.571320680904857,,,,20261004-211715,2026-10-04 21:18:15.232798,,
575532-10,575532,2026-10-06,2026-10-06 20:30:00,Michal Minda,Lukasz Pietraszko,0.3858984610111388,Lukasz Pietraszko,0.6141015389888611,Lean,False,0.3734504782781717,0.3927128896085705,0.3723722696304321,0.3954809737890885,0.395475693749431,,,,20261004-211715,2026-10-04 21:18:15.232798,,
575498-4,575498,2026-10-06,2026-10-06 20:45:00,Marian Brunner,Michal Machelski,0.5883187197774582,Marian Brunner,0.5883187197774582,Lean,False,0.5910448716627258,0.6027539374538473,0.5868353843688965,0.5770466438632662,0.5839127615385551,,,,20261004-211715,2026-10-04 21:18:15.232798,,
575504-10,575504,2026-10-06,2026-10-06 20:45:00,Mariusz Koczyba,Marek Tkocz,0.4830987707620113,Marek Tkocz,0.5169012292379886,Coin flip,False,0.4852907832433902,0.4892861810960972,0.4769042432308197,0.4770937165892617,0.4869189296504878,,,,20261004-211715,2026-10-04 21:18:15.232798,,
575532-11,575532,2026-10-06,2026-10-06 20:50:00,Adam Linek,Dawid Kosmal,0.216756890258898,Dawid Kosmal,0.7832431097411019,Strong,False,0.2603107343027573,0.1833798140318303,0.2132944464683532,0.2081688974661151,0.2186305590254342,,,,20261004-211715,2026-10-04 21:18:15.232798,,
575528-11,575528,2026-10-06,2026-10-06 20:55:00,Michal Skorski,Dariusz Szlubowski,0.4273056192766022,Dariusz Szlubowski,0.5726943807233977,Lean,False,0.4439251872682595,0.4209383433572266,0.4282460212707519,0.4213795733578058,0.4220389711289671,,,,20261004-211715,2026-10-04 21:18:15.232798,,
575530-11,575530,2026-10-06,2026-10-06 20:55:00,Igor Szymanski,Pawel Kurek,0.2171243183035104,Pawel Kurek,0.7828756816964895,Strong,False,0.2567709606707379,0.2060559455208955,0.213118702173233,0.2017086659491158,0.2079673172035698,,,,20261004-211715,2026-10-04 21:18:15.232798,,
575504-11,575504,2026-10-06,2026-10-06 21:10:00,Wojciech Pytlas,Grzegorz Jurowicz,0.5933827161184372,Wojciech Pytlas,0.5933827161184372,Lean,False,0.6008652408799008,0.5862716502036027,0.5978012084960938,0.5906855985829421,0.5912898824296462,,,,20261004-211715,2026-10-04 21:18:15.232798,,
575498-5,575498,2026-10-06,2026-10-06 21:10:00,Henryk Tkaczyk,Andriej Fomin,0.6155468427591817,Henryk Tkaczyk,0.6155468427591817,Lean,False,0.5859907609715648,0.6413283202484652,0.6235244870185852,0.6108074768536779,0.616083168703615,,,,20261004-211715,2026-10-04 21:18:15.232798,,
575532-12,575532,2026-10-06,2026-10-06 21:15:00,Artur Gromek,Przemyslaw Blocho,0.4249373449180033,Przemyslaw Blocho,0.5750626550819967,Lean,False,0.4013769351634302,0.457077065647853,0.4488376379013061,0.438445728390951,0.3789493574864759,,,,20261004-211715,2026-10-04 21:18:15.232798,,
575528-12,575528,2026-10-06,2026-10-06 21:20:00,Jaroslaw Rolak,Kuba Golaszewski,0.4824094112454868,Kuba Golaszewski,0.5175905887545131,Coin flip,False,0.4834688004155552,0.4921021916811502,0.4755696952342987,0.4792798611362318,0.4816265077601986,,,,20261005-003932,2026-10-05 00:39:55.860692,,
575530-12,575530,2026-10-06,2026-10-06 21:20:00,Mariusz Baron,Krzysztof Schaniel,0.4782442278861153,Krzysztof Schaniel,0.5217557721138847,Coin flip,False,0.415271317374795,0.4756758918942519,0.5033466815948486,0.4887824230621088,0.5081448255045719,,,,20261005-003932,2026-10-05 00:39:55.860692,,
575498-6,575498,2026-10-06,2026-10-06 21:30:00,Dominik Bartosik,Marcin Zielinski,0.3715353650165534,Marcin Zielinski,0.6284646349834466,Solid,True,0.3493057295855362,0.3706087713403094,0.3980434536933899,0.3794046051528217,0.3603142653107097,,,,20261005-003932,2026-10-05 00:39:55.860692,,
575504-12,575504,2026-10-06,2026-10-06 21:35:00,Piotr Kaczynski,Rafal Adach,0.7361785920113009,Piotr Kaczynski,0.7361785920113009,Strong,False,0.7092526397580338,0.7305703732783597,0.7418922185897827,0.7427448664650237,0.7564328619653041,,,,20261005-003932,2026-10-05 00:39:55.860692,,
575528-13,575528,2026-10-06,2026-10-06 21:40:00,Adrian Myszewski,Dariusz Szlubowski,0.532266372863691,Adrian Myszewski,0.532266372863691,Coin flip,False,0.5368568188864407,0.5392294790283914,0.5273120403289795,0.5248350181604873,0.5330985079141564,,,,20261005-003932,2026-10-05 00:39:55.860692,,
575530-13,575530,2026-10-06,2026-10-06 21:40:00,Jaroslaw Badura,Pawel Kurek,0.450709446205188,Pawel Kurek,0.549290553794812,Coin flip,False,0.4972016034359398,0.4404296261502251,0.4398987591266632,0.4368185678082088,0.4391986745049033,,,,20261005-003932,2026-10-05 00:39:55.860692,,
575532-13,575532,2026-10-06,2026-10-06 21:40:00,Michal Minda,Dawid Kosmal,0.2823443002957239,Dawid Kosmal,0.717655699704276,Strong,False,0.3367305384198018,0.2725133556185076,0.2751610875129699,0.2546249626956379,0.2726915572317022,,,,20261005-003932,2026-10-05 00:39:55.860692,,
575498-7,575498,2026-10-06,2026-10-06 21:55:00,Michal Machelski,Andriej Fomin,0.297155225454312,Andriej Fomin,0.702844774545688,Strong,False,0.3210728948184524,0.2953783111469766,0.2907536625862121,0.295303975925289,0.28326728279463,,,,20261005-003932,2026-10-05 00:39:55.860692,,
575504-13,575504,2026-10-06,2026-10-06 22:00:00,Mariusz Koczyba,Grzegorz Jurowicz,0.6319612812361828,Mariusz Koczyba,0.6319612812361828,Solid,False,0.6553106557628788,0.6325308090983707,0.6217120885848999,0.6325194233487353,0.6177334293860289,,,,20261005-003932,2026-10-05 00:39:55.860692,,
575528-14,575528,2026-10-06,2026-10-06 22:05:00,Bartlomiej Mrugala,Kuba Golaszewski,0.5550804363750204,Bartlomiej Mrugala,0.5550804363750204,Lean,False,0.5725950138836391,0.5491719717264484,0.5528867244720459,0.54771305256216,0.5530354192308082,,,,20261005-003932,2026-10-05 00:39:55.860692,,
575530-14,575530,2026-10-06,2026-10-06 22:05:00,Kamil Durak,Krzysztof Schaniel,0.7140977509256208,Kamil Durak,0.7140977509256208,Strong,False,0.710433060228079,0.7161942228617054,0.7221211791038513,0.7064411359311883,0.7152991565032796,,,,20261005-003932,2026-10-05 00:39:55.860692,,
575532-14,575532,2026-10-06,2026-10-06 22:05:00,Lukasz Pietraszko,Przemyslaw Blocho,0.5573490095492089,Lukasz Pietraszko,0.5573490095492089,Lean,False,0.5479731937149663,0.5489994200907832,0.5572408437728882,0.563816436229072,0.5687151539383339,,,,20261005-003932,2026-10-05 00:39:55.860692,,
575504-14,575504,2026-10-06,2026-10-06 22:20:00,Marek Tkocz,Rafal Adach,0.8072029194779007,Marek Tkocz,0.8072029194779007,Strong,False,0.7999618076647174,0.807956478513265,0.8158199787139893,0.8032753392088609,0.8090009932886701,,,,20261005-003932,2026-10-05 00:39:55.860692,,
575498-8,575498,2026-10-06,2026-10-06 22:20:00,Marian Brunner,Dominik Bartosik,0.3691420547427211,Dominik Bartosik,0.6308579452572789,Solid,True,0.384281530046564,0.3458614002521701,0.3569560945034027,0.3746702569409731,0.3839409919704956,,,,20261005-003932,2026-10-05 00:39:55.860692,,
575528-15,575528,2026-10-06,2026-10-06 22:30:00,Michal Skorski,Jaroslaw Rolak,0.6287717148264366,Michal Skorski,0.6287717148264366,Solid,False,0.6385759300846918,0.6214780866188871,0.6315510869026184,0.6264782218832479,0.6257752486427375,,,,20261005-003932,2026-10-05 00:39:55.860692,,
575530-15,575530,2026-10-06,2026-10-06 22:30:00,Igor Szymanski,Mariusz Baron,0.3183137974755999,Mariusz Baron,0.6816862025244,Solid,False,0.3638021761719496,0.3056421965681877,0.316704511642456,0.3006362490276493,0.3047838539677568,,,,20261005-003932,2026-10-05 00:39:55.860692,,
575532-15,575532,2026-10-06,2026-10-06 22:30:00,Adam Linek,Artur Gromek,0.3945864931702215,Artur Gromek,0.6054135068297785,Lean,False,0.4302926541707111,0.3617196186496998,0.3788369596004486,0.389011202738923,0.413072030691325,,,,20261005-003932,2026-10-05 00:39:55.860692,,
575498-9,575498,2026-10-06,2026-10-06 22:45:00,Henryk Tkaczyk,Marcin Zielinski,0.4067339976167063,Marcin Zielinski,0.5932660023832936,Lean,False,0.3824899608678448,0.4180613144898022,0.41261687874794,0.4015299223120113,0.4189719116659333,,,,20261005-003932,2026-10-05 00:39:55.860692,,
575504-15,575504,2026-10-06,2026-10-06 22:45:00,Wojciech Pytlas,Piotr Kaczynski,0.5300994132224245,Wojciech Pytlas,0.5300994132224245,Coin flip,False,0.5244889044241491,0.53944380305207,0.5260469317436218,0.5291687703685554,0.531348656523726,,,,20261005-003932,2026-10-05 00:39:55.860692,,
575536-1,575536,2026-10-06,2026-10-06 23:00:00,Pawel Kurek,Krzysztof Schaniel,0.5833776023253352,Pawel Kurek,0.5833776023253352,Lean,False,0.5963672853251835,0.5765038155087319,0.5856505632400513,0.582027651337877,0.5763386962148322,,,,20261005-003932,2026-10-05 00:39:55.860692,,
575743-1,575743,2026-10-06,2026-10-06 23:00:00,Przemyslaw Blocho,Adam Linek,0.6497717454602848,Przemyslaw Blocho,0.6497717454602848,Solid,False,0.6797540592479756,0.654685786777145,0.6385383605957031,0.640059303848799,0.635821216831801,,,,20261005-003932,2026-10-05 00:39:55.860692,,
575534-1,575534,2026-10-06,2026-10-06 23:05:00,Kuba Golaszewski,Jaroslaw Rolak,0.5236668819773325,Kuba Golaszewski,0.5236668819773325,Coin flip,False,0.5134441819627507,0.5149711272013046,0.5330079197883606,0.534276531629471,0.5226346493047757,,,,20261005-003932,2026-10-05 00:39:55.860692,,
575498-10,575498,2026-10-06,2026-10-06 23:05:00,Michal Machelski,Dominik Bartosik,0.351294305180138,Dominik Bartosik,0.648705694819862,Solid,True,0.3356327926901905,0.3450011128680771,0.3436694145202636,0.3755363093333156,0.356631896488843,,,,20261005-003932,2026-10-05 00:39:55.860692,,
575506-1,575506,2026-10-06,2026-10-06 23:10:00,Adrian Burkacki,Jakub Nowak,0.5016638529811416,Adrian Burkacki,0.5016638529811416,Coin flip,False,0.4878077728243414,0.5044502646596556,0.5017821788787842,0.5215188813751379,0.4927601671677886,,,,20261005-003932,2026-10-05 00:39:55.860692,,
575536-2,575536,2026-10-06,2026-10-06 23:20:00,Jaroslaw Badura,Mariusz Baron,0.5367153715694887,Jaroslaw Badura,0.5367153715694887,Coin flip,False,0.602934605604099,0.5219541498767535,0.5255128741264343,0.521788750985302,0.5113864772548546,,,,20261005-003932,2026-10-05 00:39:55.860692,,
575743-2,575743,2026-10-06,2026-10-06 23:25:00,Artur Gromek,Lukasz Pietraszko,0.3708425771376122,Lukasz Pietraszko,0.6291574228623877,Solid,False,0.398744566161513,0.3667909536064304,0.3528529405593872,0.3539005451360948,0.3819238802246357,,,,20261005-003932,2026-10-05 00:39:55.860692,,
575498-11,575498,2026-10-06,2026-10-06 23:30:00,Marian Brunner,Henryk Tkaczyk,0.2814293431575732,Henryk Tkaczyk,0.7185706568424268,Strong,False,0.3076587985341772,0.2801003838504517,0.2880474627017975,0.2746402213762787,0.2566998493251606,,,,20261005-003932,2026-10-05 00:39:55.860692,,
575534-2,575534,2026-10-06,2026-10-06 23:30:00,Michal Skorski,Adrian Myszewski,0.5155591770359665,Michal Skorski,0.5155591770359665,Coin flip,False,0.4548642861316306,0.5181324239607021,0.53166264295578,0.5329003816339603,0.5402361504977594,,,,20261005-003932,2026-10-05 00:39:55.860692,,
575506-2,575506,2026-10-06,2026-10-06 23:35:00,Marek Tkocz,Pawel Adamus,0.6357248663129861,Marek Tkocz,0.6357248663129861,Solid,False,0.6268262275478091,0.6136683686030816,0.6640251278877258,0.6539595388462768,0.6201450686800367,,,,20261005-003932,2026-10-05 00:39:55.860692,,
575536-3,575536,2026-10-06,2026-10-06 23:45:00,Kamil Durak,Igor Szymanski,0.8243186724051813,Kamil Durak,0.8243186724051813,Strong,False,0.7691432421099147,0.8284746299322115,0.8370355367660522,0.8495984989525913,0.8373414542651362,,,,20261005-003932,2026-10-05 00:39:55.860692,,
575743-3,575743,2026-10-06,2026-10-06 23:50:00,Artur Gromek,Konrad Staszczyk,0.2948139931198378,Konrad Staszczyk,0.7051860068801621,Strong,False,0.4049562590167326,0.2695281288452533,0.2698484063148498,0.2686398049714089,0.2610973664509445,,,,20261005-003932,2026-10-05 00:39:55.860692,,
575498-12,575498,2026-10-06,2026-10-06 23:55:00,Marcin Zielinski,Andriej Fomin,0.6452534863798178,Marcin Zielinski,0.6452534863798178,Solid,False,0.636278353365725,0.6377688464309866,0.6476039886474609,0.6606691027521857,0.6439471407027306,,,,20261005-003932,2026-10-05 00:39:55.860692,,
575534-3,575534,2026-10-06,2026-10-06 23:55:00,Michal Skorski,Bartlomiej Mrugala,0.5697915469118924,Michal Skorski,0.5697915469118924,Lean,False,0.5613918596117937,0.5669084297298705,0.5721117258071899,0.5820921735526354,0.5664535458579718,,,,20261005-003932,2026-10-05 00:39:55.860692,,
575506-3,575506,2026-10-06,2026-10-07 00:00:00,Mariusz Adamus,Grzegorz Jurowicz,0.4767966205701215,Grzegorz Jurowicz,0.5232033794298785,Coin flip,False,0.4537736989355843,0.4802734588328493,0.48000168800354,0.4942547402468698,0.4756795168317643,,,,20261005-003932,2026-10-05 00:39:55.860692,,
575536-4,575536,2026-10-06,2026-10-07 00:10:00,Pawel Kurek,Jaroslaw Badura,0.513737744936569,Pawel Kurek,0.513737744936569,Coin flip,False,0.4923153098735295,0.519033971872678,0.517877459526062,0.5168031354495555,0.5226588479610195,,,,20261005-003932,2026-10-05 00:39:55.860692,,
575743-4,575743,2026-10-06,2026-10-07 00:10:00,Adam Linek,Lukasz Pietraszko,0.2451692953496467,Lukasz Pietraszko,0.7548307046503533,Strong,False,0.2710705941803747,0.2389447679499621,0.2349624931812286,0.227661327373848,0.2532072940628201,,,,20261005-003932,2026-10-05 00:39:55.860692,,
575534-4,575534,2026-10-06,2026-10-07 00:15:00,Jaroslaw Rolak,Adrian Myszewski,0.3329686765352835,Adrian Myszewski,0.6670313234647165,Solid,False,0.354585898279026,0.3223655343396566,0.3225760757923126,0.3215429828043427,0.3437728914610793,,,,20261005-003932,2026-10-05 00:39:55.860692,,
575498-13,575498,2026-10-06,2026-10-07 00:20:00,Michal Machelski,Henryk Tkaczyk,0.1510076004694205,Henryk Tkaczyk,0.8489923995305795,Strong,False,0.2295185971196287,0.1380495411568898,0.1266466677188873,0.128716275301457,0.1321069210502397,,,,20261005-003932,2026-10-05 00:39:55.860692,,
575506-4,575506,2026-10-06,2026-10-07 00:25:00,Adrian Burkacki,Marek Tkocz,0.2592674079874027,Marek Tkocz,0.7407325920125973,Strong,False,0.3025495726235638,0.2452135626190963,0.2527651488780975,0.2375630768482533,0.2582456789680026,,,,20261005-003932,2026-10-05 00:39:55.860692,,
575536-5,575536,2026-10-06,2026-10-07 00:35:00,Igor Szymanski,Krzysztof Schaniel,0.3858953358440489,Krzysztof Schaniel,0.6141046641559511,Lean,False,0.3708701300047363,0.3777885338440193,0.3922763764858246,0.3857888566330348,0.4027527822526295,,,,20261005-003932,2026-10-05 00:39:55.860692,,
575534-5,575534,2026-10-06,2026-10-07 00:35:00,Bartlomiej Mrugala,Jaroslaw Rolak,0.5301748000333548,Bartlomiej Mrugala,0.5301748000333548,Coin flip,False,0.5367354656897103,0.5331901180633448,0.5312677621841431,0.5261597418540758,0.5235209123754999,,,,20261005-003932,2026-10-05 00:39:55.860692,,
575743-5,575743,2026-10-06,2026-10-07 00:35:00,Konrad Staszczyk,Adam Linek,0.7359543894780151,Konrad Staszczyk,0.7359543894780151,Strong,False,0.7057183256762577,0.7789370721492035,0.7501378655433655,0.7280489545155306,0.7169297295057179,,,,20261005-003932,2026-10-05 00:39:55.860692,,
575498-14,575498,2026-10-06,2026-10-07 00:40:00,Dominik Bartosik,Andriej Fomin,0.4490247914043637,Andriej Fomin,0.5509752085956363,Lean,True,0.48294927730630655,0.3998627696811404,0.4216481149196625,0.40745812511400725,0.38824988518389525,,,,20261005-064155,2026-10-05 06:42:32.357285,,
575506-5,575506,2026-10-06,2026-10-07 00:50:00,Grzegorz Jurowicz,Jakub Nowak,0.5134473356750402,Grzegorz Jurowicz,0.5134473356750402,Coin flip,False,0.5684196828406992,0.4878601574360408,0.5171759128570557,0.5065286027252329,0.5198655457329125,,,,20261005-064155,2026-10-05 06:42:32.357285,,
575534-6,575534,2026-10-06,2026-10-07 00:55:00,Kuba Golaszewski,Adrian Myszewski,0.3769352358552828,Adrian Myszewski,0.6230647641447171,Solid,False,0.34271482116280927,0.29769247294153334,0.3106626272201538,0.30356535849149524,0.32340726644291756,,,,20261005-064155,2026-10-05 06:42:32.357285,,
575536-6,575536,2026-10-06,2026-10-07 00:55:00,Kamil Durak,Mariusz Baron,0.6547181702093264,Kamil Durak,0.6547181702093264,Solid,False,0.6916173283257468,0.7358952344532301,0.7319408655166626,0.7381489610133335,0.7479305381650823,,,,20261005-064155,2026-10-05 06:42:32.357285,,
575743-6,575743,2026-10-06,2026-10-07 00:55:00,Przemyslaw Blocho,Lukasz Pietraszko,0.42291312435063616,Lukasz Pietraszko,0.5770868756493639,Lean,False,0.4484189033956723,0.36995980379742854,0.3663471043109894,0.3559111184559752,0.3652272068729177,,,,20261005-064155,2026-10-05 06:42:32.357285,,
575498-15,575498,2026-10-06,2026-10-07 01:05:00,Marian Brunner,Marcin Zielinski,0.30532287442411593,Marcin Zielinski,0.6946771255758841,Solid,False,0.25183062996763883,0.21436212765895818,0.20783475041389465,0.21551701191173733,0.2076098991798634,,,,20261005-064155,2026-10-05 06:42:32.357285,,
575506-6,575506,2026-10-06,2026-10-07 01:10:00,Mariusz Adamus,Pawel Adamus,0.41280141909474166,Pawel Adamus,0.5871985809052583,Lean,False,0.3347283373090577,0.37503793618111786,0.3828645646572113,0.38164823861412484,0.36614258002841593,,,,20261005-064155,2026-10-05 06:42:32.357285,,
575534-7,575534,2026-10-06,2026-10-07 01:20:00,Michal Skorski,Jaroslaw Rolak,0.5703650275775726,Michal Skorski,0.5703650275775726,Lean,False,0.6362178962683767,0.5956071704439294,0.597632110118866,0.5995760968653765,0.6052773663125723,,,,20261005-064155,2026-10-05 06:42:32.357285,,
575536-7,575536,2026-10-06,2026-10-07 01:20:00,Jaroslaw Badura,Krzysztof Schaniel,0.5425371865516738,Jaroslaw Badura,0.5425371865516738,Coin flip,False,0.6323692349229085,0.5400341889462946,0.5517115592956543,0.5458720371628043,0.5490990454140295,,,,20261005-064155,2026-10-05 06:42:32.357285,,
575743-7,575743,2026-10-06,2026-10-07 01:20:00,Artur Gromek,Adam Linek,0.5504222443333444,Artur Gromek,0.5504222443333444,Lean,False,0.6000744530275421,0.5643228801453025,0.5754214525222778,0.5823190773777794,0.5603708895515429,,,,20261005-064155,2026-10-05 06:42:32.357285,,
575506-7,575506,2026-10-06,2026-10-07 01:35:00,Marek Tkocz,Jakub Nowak,0.6683236751262224,Marek Tkocz,0.6683236751262224,Solid,False,0.7775798742973763,0.729232926196378,0.7391953468322754,0.7406301734825165,0.7411494746274339,,,,20261005-064155,2026-10-05 06:42:32.357285,,
575534-8,575534,2026-10-06,2026-10-07 01:45:00,Kuba Golaszewski,Bartlomiej Mrugala,0.45760704270518804,Bartlomiej Mrugala,0.542392957294812,Coin flip,False,0.4315878086615011,0.4380865096504394,0.43274298310279846,0.43780227717994363,0.4352090414349697,,,,20261005-064155,2026-10-05 06:42:32.357285,,
575536-8,575536,2026-10-06,2026-10-07 01:45:00,Pawel Kurek,Kamil Durak,0.41475603128874433,Kamil Durak,0.5852439687112556,Lean,False,0.4163659712925401,0.3643925294371755,0.35559913516044617,0.34585981249878633,0.36641141162462443,,,,20261005-064155,2026-10-05 06:42:32.357285,,
575743-8,575743,2026-10-06,2026-10-07 01:45:00,Przemyslaw Blocho,Konrad Staszczyk,0.42582608156987456,Konrad Staszczyk,0.5741739184301254,Lean,False,0.4537100462158005,0.3568731384417167,0.3671654462814331,0.37455111938663804,0.377413624869912,,,,20261005-064155,2026-10-05 06:42:32.357285,,
575506-8,575506,2026-10-06,2026-10-07 02:00:00,Adrian Burkacki,Mariusz Adamus,0.46404530609098593,Mariusz Adamus,0.5359546939090141,Coin flip,False,0.4916073792841324,0.4214109133375874,0.4441031515598297,0.42210768272302834,0.44014430453787107,,,,20261005-064155,2026-10-05 06:42:32.357285,,
575534-9,575534,2026-10-06,2026-10-07 02:10:00,Michal Skorski,Kuba Golaszewski,0.5369304551809333,Michal Skorski,0.5369304551809333,Coin flip,False,0.5999045997002854,0.5558788961869374,0.5403855443000793,0.5424786265841479,0.5392157951294765,,,,20261005-064155,2026-10-05 06:42:32.357285,,
575536-9,575536,2026-10-06,2026-10-07 02:10:00,Igor Szymanski,Mariusz Baron,0.4258952282236233,Mariusz Baron,0.5741047717763768,Lean,False,0.39784685310543966,0.38368345252190267,0.3736138641834259,0.39624671668148265,0.3841205290987672,,,,20261005-064155,2026-10-05 06:42:32.357285,,
575743-9,575743,2026-10-06,2026-10-07 02:10:00,Artur Gromek,Przemyslaw Blocho,0.4356460138724262,Przemyslaw Blocho,0.5643539861275738,Lean,False,0.4327189090204513,0.3811804089472607,0.4151075482368469,0.39817279729412314,0.37494169026427787,,,,20261005-064155,2026-10-05 06:42:32.357285,,
575506-9,575506,2026-10-06,2026-10-07 02:25:00,Grzegorz Jurowicz,Pawel Adamus,0.4237514807510253,Pawel Adamus,0.5762485192489747,Lean,False,0.3796286695586998,0.3901108079156183,0.38331538438796997,0.3854215987580749,0.3810644273526259,,,,20261005-064155,2026-10-05 06:42:32.357285,,
575534-10,575534,2026-10-06,2026-10-07 02:35:00,Bartlomiej Mrugala,Adrian Myszewski,0.4613192116056395,Adrian Myszewski,0.5386807883943605,Coin flip,False,0.39375979680279594,0.4394910906729817,0.45188188552856445,0.45511728508994176,0.4709064619109785,,,,20261005-064155,2026-10-05 06:42:32.357285,,
575536-10,575536,2026-10-06,2026-10-07 02:35:00,Jaroslaw Badura,Kamil Durak,0.4643299722274659,Kamil Durak,0.5356700277725341,Coin flip,False,0.45717771553409636,0.4485694248247649,0.4415028691291809,0.4444251870953447,0.43187802981889784,,,,20261005-064155,2026-10-05 06:42:32.357285,,
575743-10,575743,2026-10-06,2026-10-07 02:35:00,Konrad Staszczyk,Lukasz Pietraszko,0.5026559995152938,Konrad Staszczyk,0.5026559995152938,Coin flip,False,0.5198913325018926,0.49231657363906356,0.5086344480514526,0.49820625029438526,0.4992415771299703,,,,20261005-064155,2026-10-05 06:42:32.357285,,
575506-10,575506,2026-10-06,2026-10-07 02:45:00,Marek Tkocz,Mariusz Adamus,0.6199967372438132,Marek Tkocz,0.6199967372438132,Lean,False,0.7097216497687084,0.6665052529329545,0.6735316514968872,0.6733912174931393,0.6732415235948918,,,,20261005-064155,2026-10-05 06:42:32.357285,,
575536-11,575536,2026-10-06,2026-10-07 03:00:00,Pawel Kurek,Igor Szymanski,0.6485195162611762,Pawel Kurek,0.6485195162611762,Solid,False,0.7187336596634842,0.7210452837599168,0.7244890332221985,0.7211905112212611,0.7110939936277237,,,,20261005-064155,2026-10-05 06:42:32.357285,,
575506-11,575506,2026-10-06,2026-10-07 03:10:00,Adrian Burkacki,Grzegorz Jurowicz,0.47422474842189505,Grzegorz Jurowicz,0.5257752515781049,Coin flip,False,0.4718060667677545,0.4499677864148328,0.4606027603149414,0.45604234165252006,0.46305602849829886,,,,20261005-064155,2026-10-05 06:42:32.357285,,
575536-12,575536,2026-10-06,2026-10-07 03:25:00,Mariusz Baron,Krzysztof Schaniel,0.48036698048550386,Krzysztof Schaniel,0.5196330195144961,Coin flip,False,0.3966660617728656,0.46192917704526465,0.49605005979537964,0.5053960464080346,0.4990502621129189,,,,20261005-064155,2026-10-05 06:42:32.357285,,
575506-12,575506,2026-10-06,2026-10-07 03:35:00,Pawel Adamus,Jakub Nowak,0.6372467974089907,Pawel Adamus,0.6372467974089907,Solid,False,0.69100902201728,0.6917385449615938,0.7073192596435547,0.7120873223194498,0.7222152863905296,,,,20261005-064155,2026-10-05 06:42:32.357285,,
575536-13,575536,2026-10-06,2026-10-07 03:45:00,Jaroslaw Badura,Igor Szymanski,0.6647223384060456,Jaroslaw Badura,0.6647223384060456,Solid,False,0.7359447855455248,0.7495729535409669,0.7421497106552124,0.7465836922970956,0.7314965514282215,,,,20261005-064155,2026-10-05 06:42:32.357285,,
575506-13,575506,2026-10-06,2026-10-07 04:00:00,Marek Tkocz,Grzegorz Jurowicz,0.560294291702167,Marek Tkocz,0.560294291702167,Lean,False,0.6603867531333626,0.5870378652180469,0.5637118816375732,0.572133612560345,0.5698178252107471,,,,20261005-064155,2026-10-05 06:42:32.357285,,
575536-14,575536,2026-10-06,2026-10-07 04:10:00,Kamil Durak,Krzysztof Schaniel,0.6171579579316364,Kamil Durak,0.6171579579316364,Lean,False,0.6878946772323133,0.6866031562488475,0.6651996374130249,0.6712640885538099,0.6659634401703431,,,,20261005-064155,2026-10-05 06:42:32.357285,,
575506-14,575506,2026-10-06,2026-10-07 04:20:00,Mariusz Adamus,Jakub Nowak,0.4735869032569336,Jakub Nowak,0.5264130967430665,Coin flip,False,0.5456492531545696,0.44061010039726317,0.4437559247016907,0.426826511407792,0.4291874670899087,,,,20261005-064155,2026-10-05 06:42:32.357285,,
575536-15,575536,2026-10-06,2026-10-07 04:35:00,Pawel Kurek,Mariusz Baron,0.5759970728634521,Pawel Kurek,0.5759970728634521,Lean,False,0.6355115080421052,0.6091925556169049,0.618452250957489,0.6083078038834258,0.6034686594463534,,,,20261005-064155,2026-10-05 06:42:32.357285,,
575506-15,575506,2026-10-06,2026-10-07 04:45:00,Adrian Burkacki,Pawel Adamus,0.38581526063707916,Pawel Adamus,0.6141847393629208,Lean,False,0.3482675688196106,0.3278239427390095,0.3277447521686554,0.3203856517581699,0.31412031809843466,,,,20261005-064155,2026-10-05 06:42:32.357285,,
