post_id,seq,date,session,venue,order,start_time,player_a,player_b,sets_a,sets_b,match_id,finished,winner
575302,5837,2026-10-05,night,HSC,1,2026-10-05 23:00:00,Jakub Glanowski,Mateusz Trela,,,575302-1,False,
575302,5837,2026-10-05,night,HSC,2,2026-10-05 23:25:00,Adam Linek,Artur Gromek,,,575302-2,False,
575302,5837,2026-10-05,night,HSC,3,2026-10-05 23:50:00,Adam Linek,Konrad Staszczyk,,,575302-3,False,
575302,5837,2026-10-05,night,HSC,4,2026-10-05 00:10:00,Mateusz Trela,Artur Gromek,,,575302-4,False,
575302,5837,2026-10-05,night,HSC,5,2026-10-05 00:35:00,Konrad Staszczyk,Mateusz Trela,,,575302-5,False,
575302,5837,2026-10-05,night,HSC,6,2026-10-05 00:55:00,Jakub Glanowski,Artur Gromek,,,575302-6,False,
575302,5837,2026-10-05,night,HSC,7,2026-10-05 01:20:00,Adam Linek,Mateusz Trela,,,575302-7,False,
575302,5837,2026-10-05,night,HSC,8,2026-10-05 01:45:00,Jakub Glanowski,Konrad Staszczyk,,,575302-8,False,
575302,5837,2026-10-05,night,HSC,9,2026-10-05 02:10:00,Adam Linek,Jakub Glanowski,,,575302-9,False,
575302,5837,2026-10-05,night,HSC,10,2026-10-05 02:35:00,Konrad Staszczyk,Artur Gromek,,,575302-10,False,
575043,5836,2026-10-05,night,OSP,1,2026-10-05 23:00:00,Marcin Zielinski,Henryk Tkaczyk,,,575043-1,False,
575043,5836,2026-10-05,night,OSP,2,2026-10-05 23:20:00,Michal Kumor,Andrzej Krezel,,,575043-2,False,
575043,5836,2026-10-05,night,OSP,3,2026-10-05 23:45:00,Mariusz Leczycki,Miroslaw Lewczuk,,,575043-3,False,
575043,5836,2026-10-05,night,OSP,4,2026-10-05 00:10:00,Marcin Zielinski,Michal Kumor,,,575043-4,False,
575043,5836,2026-10-05,night,OSP,5,2026-10-05 00:30:00,Miroslaw Lewczuk,Henryk Tkaczyk,,,575043-5,False,
575043,5836,2026-10-05,night,OSP,6,2026-10-05 00:50:00,Mariusz Leczycki,Andrzej Krezel,,,575043-6,False,
575043,5836,2026-10-05,night,OSP,7,2026-10-05 01:10:00,Michal Kumor,Henryk Tkaczyk,,,575043-7,False,
575043,5836,2026-10-05,night,OSP,8,2026-10-05 01:30:00,Marcin Zielinski,Mariusz Leczycki,,,575043-8,False,
575043,5836,2026-10-05,night,OSP,9,2026-10-05 01:50:00,Miroslaw Lewczuk,Andrzej Krezel,,,575043-9,False,
575043,5836,2026-10-05,night,OSP,10,2026-10-05 02:10:00,Michal Kumor,Mariusz Leczycki,,,575043-10,False,
575043,5836,2026-10-05,night,OSP,11,2026-10-05 02:30:00,Marcin Zielinski,Miroslaw Lewczuk,,,575043-11,False,
575043,5836,2026-10-05,night,OSP,12,2026-10-05 02:50:00,Andrzej Krezel,Henryk Tkaczyk,,,575043-12,False,
575043,5836,2026-10-05,night,OSP,13,2026-10-05 03:10:00,Michal Kumor,Miroslaw Lewczuk,,,575043-13,False,
575043,5836,2026-10-05,night,OSP,14,2026-10-05 03:30:00,Mariusz Leczycki,Henryk Tkaczyk,,,575043-14,False,
575043,5836,2026-10-05,night,OSP,15,2026-10-05 03:50:00,Marcin Zielinski,Andrzej Krezel,,,575043-15,False,
575041,5835,2026-10-05,night,OSP,1,2026-10-05 23:05:00,Karol Sulkowski,Marcin Kowalczyk,,,575041-1,False,
575041,5835,2026-10-05,night,OSP,2,2026-10-05 23:30:00,Bartosz Kwodawski,Kuba Golaszewski,,,575041-2,False,
575041,5835,2026-10-05,night,OSP,3,2026-10-05 23:55:00,Bartosz Kwodawski,Jacek Przewlocki,,,575041-3,False,
575041,5835,2026-10-05,night,OSP,4,2026-10-05 00:15:00,Marcin Kowalczyk,Kuba Golaszewski,,,575041-4,False,
575041,5835,2026-10-05,night,OSP,5,2026-10-05 00:35:00,Jacek Przewlocki,Marcin Kowalczyk,,,575041-5,False,
575041,5835,2026-10-05,night,OSP,6,2026-10-05 00:55:00,Karol Sulkowski,Kuba Golaszewski,,,575041-6,False,
575041,5835,2026-10-05,night,OSP,7,2026-10-05 01:20:00,Bartosz Kwodawski,Marcin Kowalczyk,,,575041-7,False,
575041,5835,2026-10-05,night,OSP,8,2026-10-05 01:45:00,Karol Sulkowski,Jacek Przewlocki,,,575041-8,False,
575041,5835,2026-10-05,night,OSP,9,2026-10-05 02:10:00,Bartosz Kwodawski,Karol Sulkowski,,,575041-9,False,
575041,5835,2026-10-05,night,OSP,10,2026-10-05 02:35:00,Jacek Przewlocki,Kuba Golaszewski,,,575041-10,False,
575039,5834,2026-10-05,evening,HSC,1,2026-10-05 17:00:00,Kamil Rudomina,Jakub Glanowski,,,575039-1,False,
575039,5834,2026-10-05,evening,HSC,2,2026-10-05 17:25:00,Rafal Stapor,Adam Linek,,,575039-2,False,
575039,5834,2026-10-05,evening,HSC,3,2026-10-05 17:45:00,Artur Gromek,Mateusz Trela,,,575039-3,False,
575039,5834,2026-10-05,evening,HSC,4,2026-10-05 18:05:00,Kamil Rudomina,Rafal Stapor,,,575039-4,False,
575039,5834,2026-10-05,evening,HSC,5,2026-10-05 18:30:00,Mateusz Trela,Jakub Glanowski,,,575039-5,False,
575039,5834,2026-10-05,evening,HSC,6,2026-10-05 18:55:00,Artur Gromek,Adam Linek,,,575039-6,False,
575039,5834,2026-10-05,evening,HSC,7,2026-10-05 19:20:00,Rafal Stapor,Jakub Glanowski,,,575039-7,False,
575039,5834,2026-10-05,evening,HSC,8,2026-10-05 19:40:00,Kamil Rudomina,Artur Gromek,,,575039-8,False,
575039,5834,2026-10-05,evening,HSC,9,2026-10-05 20:05:00,Mateusz Trela,Adam Linek,,,575039-9,False,
575039,5834,2026-10-05,evening,HSC,10,2026-10-05 20:30:00,Rafal Stapor,Artur Gromek,,,575039-10,False,
575039,5834,2026-10-05,evening,HSC,11,2026-10-05 20:50:00,Kamil Rudomina,Mateusz Trela,,,575039-11,False,
575039,5834,2026-10-05,evening,HSC,12,2026-10-05 21:15:00,Adam Linek,Jakub Glanowski,,,575039-12,False,
575039,5834,2026-10-05,evening,HSC,13,2026-10-05 21:40:00,Rafal Stapor,Mateusz Trela,,,575039-13,False,
575039,5834,2026-10-05,evening,HSC,14,2026-10-05 22:05:00,Artur Gromek,Jakub Glanowski,,,575039-14,False,
575039,5834,2026-10-05,evening,HSC,15,2026-10-05 22:30:00,Kamil Rudomina,Adam Linek,,,575039-15,False,
575037,5833,2026-10-05,evening,OSP,1,2026-10-05 17:00:00,Miroslaw Lewczuk,Henryk Tkaczyk,,,575037-1,False,
575037,5833,2026-10-05,evening,OSP,2,2026-10-05 17:25:00,Michal Kumor,Andrzej Krezel,,,575037-2,False,
575037,5833,2026-10-05,evening,OSP,3,2026-10-05 17:50:00,Mariusz Leczycki,Marcin Zielinski,,,575037-3,False,
575037,5833,2026-10-05,evening,OSP,4,2026-10-05 18:15:00,Miroslaw Lewczuk,Michal Kumor,,,575037-4,False,
575037,5833,2026-10-05,evening,OSP,5,2026-10-05 18:35:00,Marcin Zielinski,Henryk Tkaczyk,,,575037-5,False,
575037,5833,2026-10-05,evening,OSP,6,2026-10-05 18:55:00,Mariusz Leczycki,Andrzej Krezel,,,575037-6,False,
575037,5833,2026-10-05,evening,OSP,7,2026-10-05 19:20:00,Michal Kumor,Henryk Tkaczyk,,,575037-7,False,
575037,5833,2026-10-05,evening,OSP,8,2026-10-05 19:45:00,Miroslaw Lewczuk,Mariusz Leczycki,,,575037-8,False,
575037,5833,2026-10-05,evening,OSP,9,2026-10-05 20:10:00,Marcin Zielinski,Andrzej Krezel,,,575037-9,False,
575037,5833,2026-10-05,evening,OSP,10,2026-10-05 20:30:00,Michal Kumor,Mariusz Leczycki,,,575037-10,False,
575037,5833,2026-10-05,evening,OSP,11,2026-10-05 20:55:00,Miroslaw Lewczuk,Marcin Zielinski,,,575037-11,False,
575037,5833,2026-10-05,evening,OSP,12,2026-10-05 21:20:00,Andrzej Krezel,Henryk Tkaczyk,,,575037-12,False,
575037,5833,2026-10-05,evening,OSP,13,2026-10-05 21:40:00,Michal Kumor,Marcin Zielinski,,,575037-13,False,
575037,5833,2026-10-05,evening,OSP,14,2026-10-05 22:05:00,Mariusz Leczycki,Henryk Tkaczyk,,,575037-14,False,
575037,5833,2026-10-05,evening,OSP,15,2026-10-05 22:30:00,Miroslaw Lewczuk,Andrzej Krezel,,,575037-15,False,
575035,5832,2026-10-05,evening,OSP,1,2026-10-05 17:00:00,Bartosz Kwodawski,Karol Sulkowski,,,575035-1,False,
575035,5832,2026-10-05,evening,OSP,2,2026-10-05 17:25:00,Jacek Przewlocki,Marcin Kowalczyk,,,575035-2,False,
575035,5832,2026-10-05,evening,OSP,3,2026-10-05 17:50:00,Kuba Golaszewski,Piotr Strus,,,575035-3,False,
575035,5832,2026-10-05,evening,OSP,4,2026-10-05 18:15:00,Bartosz Kwodawski,Jacek Przewlocki,,,575035-4,False,
575035,5832,2026-10-05,evening,OSP,5,2026-10-05 18:35:00,Piotr Strus,Karol Sulkowski,,,575035-5,False,
575035,5832,2026-10-05,evening,OSP,6,2026-10-05 18:55:00,Kuba Golaszewski,Marcin Kowalczyk,,,575035-6,False,
575035,5832,2026-10-05,evening,OSP,7,2026-10-05 19:20:00,Jacek Przewlocki,Karol Sulkowski,,,575035-7,False,
575035,5832,2026-10-05,evening,OSP,8,2026-10-05 19:45:00,Bartosz Kwodawski,Kuba Golaszewski,,,575035-8,False,
575035,5832,2026-10-05,evening,OSP,9,2026-10-05 20:10:00,Piotr Strus,Marcin Kowalczyk,,,575035-9,False,
575035,5832,2026-10-05,evening,OSP,10,2026-10-05 20:30:00,Jacek Przewlocki,Kuba Golaszewski,,,575035-10,False,
575035,5832,2026-10-05,evening,OSP,11,2026-10-05 20:55:00,Bartosz Kwodawski,Piotr Strus,,,575035-11,False,
575035,5832,2026-10-05,evening,OSP,12,2026-10-05 21:20:00,Marcin Kowalczyk,Karol Sulkowski,,,575035-12,False,
575035,5832,2026-10-05,evening,OSP,13,2026-10-05 21:40:00,Jacek Przewlocki,Piotr Strus,,,575035-13,False,
575035,5832,2026-10-05,evening,OSP,14,2026-10-05 22:05:00,Kuba Golaszewski,Karol Sulkowski,,,575035-14,False,
575035,5832,2026-10-05,evening,OSP,15,2026-10-05 22:30:00,Bartosz Kwodawski,Marcin Kowalczyk,,,575035-15,False,
575033,5831,2026-10-05,afternoon,HSC,1,2026-10-05 11:00:00,Grzegorz Felkel,Jakub Kuzmicz,,,575033-1,False,
575033,5831,2026-10-05,afternoon,HSC,2,2026-10-05 11:20:00,Petr David,Jakub Kosowski,,,575033-2,False,
575033,5831,2026-10-05,afternoon,HSC,3,2026-10-05 11:40:00,Krystian Kolodziej,Adrian Wiecek,,,575033-3,False,
575033,5831,2026-10-05,afternoon,HSC,4,2026-10-05 12:00:00,Grzegorz Felkel,Petr David,,,575033-4,False,
575033,5831,2026-10-05,afternoon,HSC,5,2026-10-05 12:25:00,Adrian Wiecek,Jakub Kuzmicz,,,575033-5,False,
575033,5831,2026-10-05,afternoon,HSC,6,2026-10-05 12:50:00,Krystian Kolodziej,Jakub Kosowski,,,575033-6,False,
575033,5831,2026-10-05,afternoon,HSC,7,2026-10-05 13:15:00,Petr David,Jakub Kuzmicz,,,575033-7,False,
575033,5831,2026-10-05,afternoon,HSC,8,2026-10-05 13:40:00,Grzegorz Felkel,Krystian Kolodziej,,,575033-8,False,
575033,5831,2026-10-05,afternoon,HSC,9,2026-10-05 14:05:00,Adrian Wiecek,Jakub Kosowski,,,575033-9,False,
575033,5831,2026-10-05,afternoon,HSC,10,2026-10-05 14:30:00,Petr David,Krystian Kolodziej,,,575033-10,False,
575033,5831,2026-10-05,afternoon,HSC,11,2026-10-05 14:55:00,Grzegorz Felkel,Adrian Wiecek,,,575033-11,False,
575033,5831,2026-10-05,afternoon,HSC,12,2026-10-05 15:20:00,Jakub Kosowski,Jakub Kuzmicz,,,575033-12,False,
575033,5831,2026-10-05,afternoon,HSC,13,2026-10-05 15:45:00,Petr David,Adrian Wiecek,,,575033-13,False,
575033,5831,2026-10-05,afternoon,HSC,14,2026-10-05 16:10:00,Krystian Kolodziej,Jakub Kuzmicz,,,575033-14,False,
575033,5831,2026-10-05,afternoon,HSC,15,2026-10-05 16:35:00,Grzegorz Felkel,Jakub Kosowski,,,575033-15,False,
575030,5830,2026-10-05,afternoon,OSP,1,2026-10-05 11:00:00,Oliver Vincenec,Kacper Slawinski,,,575030-1,False,
575030,5830,2026-10-05,afternoon,OSP,2,2026-10-05 11:25:00,Sebastian Szostok,Jakub Pruszkowski,,,575030-2,False,
575030,5830,2026-10-05,afternoon,OSP,3,2026-10-05 11:50:00,Jaroslaw Badura,Piotr Przewlocki,,,575030-3,False,
575030,5830,2026-10-05,afternoon,OSP,4,2026-10-05 12:10:00,Oliver Vincenec,Sebastian Szostok,,,575030-4,False,
575030,5830,2026-10-05,afternoon,OSP,5,2026-10-05 12:35:00,Piotr Przewlocki,Kacper Slawinski,,,575030-5,False,
575030,5830,2026-10-05,afternoon,OSP,6,2026-10-05 13:00:00,Jaroslaw Badura,Jakub Pruszkowski,,,575030-6,False,
575030,5830,2026-10-05,afternoon,OSP,7,2026-10-05 13:25:00,Sebastian Szostok,Kacper Slawinski,,,575030-7,False,
575030,5830,2026-10-05,afternoon,OSP,8,2026-10-05 13:50:00,Oliver Vincenec,Jaroslaw Badura,,,575030-8,False,
575030,5830,2026-10-05,afternoon,OSP,9,2026-10-05 14:15:00,Piotr Przewlocki,Jakub Pruszkowski,,,575030-9,False,
575030,5830,2026-10-05,afternoon,OSP,10,2026-10-05 14:40:00,Sebastian Szostok,Jaroslaw Badura,,,575030-10,False,
575030,5830,2026-10-05,afternoon,OSP,11,2026-10-05 15:05:00,Oliver Vincenec,Piotr Przewlocki,,,575030-11,False,
575030,5830,2026-10-05,afternoon,OSP,12,2026-10-05 15:30:00,Jakub Pruszkowski,Kacper Slawinski,,,575030-12,False,
575030,5830,2026-10-05,afternoon,OSP,13,2026-10-05 15:55:00,Sebastian Szostok,Piotr Przewlocki,,,575030-13,False,
575030,5830,2026-10-05,afternoon,OSP,14,2026-10-05 16:20:00,Jaroslaw Badura,Kacper Slawinski,,,575030-14,False,
575030,5830,2026-10-05,afternoon,OSP,15,2026-10-05 16:40:00,Oliver Vincenec,Jakub Pruszkowski,,,575030-15,False,
575026,5829,2026-10-05,afternoon,HSC,1,2026-10-05 11:00:00,Michal Malachowski,Daniel Kostal,,,575026-1,False,
575026,5829,2026-10-05,afternoon,HSC,2,2026-10-05 11:20:00,Grzegorz Poliniewicz,Michal Olbrycht,,,575026-2,False,
575026,5829,2026-10-05,afternoon,HSC,3,2026-10-05 11:45:00,Mateusz Rutkowski,Miroslav Sklensky,,,575026-3,False,
575026,5829,2026-10-05,afternoon,HSC,4,2026-10-05 12:05:00,Michal Malachowski,Grzegorz Poliniewicz,,,575026-4,False,
575026,5829,2026-10-05,afternoon,HSC,5,2026-10-05 12:30:00,Miroslav Sklensky,Daniel Kostal,,,575026-5,False,
575026,5829,2026-10-05,afternoon,HSC,6,2026-10-05 12:55:00,Mateusz Rutkowski,Michal Olbrycht,,,575026-6,False,
575026,5829,2026-10-05,afternoon,HSC,7,2026-10-05 13:20:00,Grzegorz Poliniewicz,Daniel Kostal,,,575026-7,False,
575026,5829,2026-10-05,afternoon,HSC,8,2026-10-05 13:45:00,Michal Malachowski,Mateusz Rutkowski,,,575026-8,False,
575026,5829,2026-10-05,afternoon,HSC,9,2026-10-05 14:10:00,Miroslav Sklensky,Michal Olbrycht,,,575026-9,False,
575026,5829,2026-10-05,afternoon,HSC,10,2026-10-05 14:35:00,Grzegorz Poliniewicz,Mateusz Rutkowski,,,575026-10,False,
575026,5829,2026-10-05,afternoon,HSC,11,2026-10-05 15:00:00,Michal Malachowski,Miroslav Sklensky,,,575026-11,False,
575026,5829,2026-10-05,afternoon,HSC,12,2026-10-05 15:25:00,Michal Olbrycht,Daniel Kostal,,,575026-12,False,
575026,5829,2026-10-05,afternoon,HSC,13,2026-10-05 15:50:00,Grzegorz Poliniewicz,Miroslav Sklensky,,,575026-13,False,
575026,5829,2026-10-05,afternoon,HSC,14,2026-10-05 16:15:00,Mateusz Rutkowski,Daniel Kostal,,,575026-14,False,
575026,5829,2026-10-05,afternoon,HSC,15,2026-10-05 16:35:00,Michal Malachowski,Michal Olbrycht,,,575026-15,False,
575024,5828,2026-10-05,afternoon,OSP,1,2026-10-05 11:00:00,Artur Sobel,Dominik Solilo,,,575024-1,False,
575024,5828,2026-10-05,afternoon,OSP,2,2026-10-05 11:25:00,Mariusz Zwolinski,Bartek Sulkowski,,,575024-2,False,
575024,5828,2026-10-05,afternoon,OSP,3,2026-10-05 11:50:00,Maciej Kolek,Jakub Zochniak,,,575024-3,False,
575024,5828,2026-10-05,afternoon,OSP,4,2026-10-05 12:10:00,Artur Sobel,Mariusz Zwolinski,,,575024-4,False,
575024,5828,2026-10-05,afternoon,OSP,5,2026-10-05 12:35:00,Jakub Zochniak,Dominik Solilo,,,575024-5,False,
575024,5828,2026-10-05,afternoon,OSP,6,2026-10-05 13:00:00,Maciej Kolek,Bartek Sulkowski,,,575024-6,False,
575024,5828,2026-10-05,afternoon,OSP,7,2026-10-05 13:25:00,Mariusz Zwolinski,Dominik Solilo,,,575024-7,False,
575024,5828,2026-10-05,afternoon,OSP,8,2026-10-05 13:50:00,Artur Sobel,Maciej Kolek,,,575024-8,False,
575024,5828,2026-10-05,afternoon,OSP,9,2026-10-05 14:15:00,Jakub Zochniak,Bartek Sulkowski,,,575024-9,False,
575024,5828,2026-10-05,afternoon,OSP,10,2026-10-05 14:40:00,Mariusz Zwolinski,Maciej Kolek,,,575024-10,False,
575024,5828,2026-10-05,afternoon,OSP,11,2026-10-05 15:05:00,Artur Sobel,Jakub Zochniak,,,575024-11,False,
575024,5828,2026-10-05,afternoon,OSP,12,2026-10-05 15:30:00,Bartek Sulkowski,Dominik Solilo,,,575024-12,False,
575024,5828,2026-10-05,afternoon,OSP,13,2026-10-05 15:55:00,Mariusz Zwolinski,Jakub Zochniak,,,575024-13,False,
575024,5828,2026-10-05,afternoon,OSP,14,2026-10-05 16:20:00,Maciej Kolek,Dominik Solilo,,,575024-14,False,
575024,5828,2026-10-05,afternoon,OSP,15,2026-10-05 16:40:00,Artur Sobel,Bartek Sulkowski,,,575024-15,False,
575022,5827,2026-10-05,morning,HSC,1,2026-10-05 05:00:00,Petr David,Krzysztof Wloczko,,,575022-1,False,
575022,5827,2026-10-05,morning,HSC,2,2026-10-05 05:25:00,Jakub Kosowski,Adrian Wiecek,,,575022-2,False,
575022,5827,2026-10-05,morning,HSC,3,2026-10-05 05:45:00,Grzegorz Felkel,Marcin Jadczyk,,,575022-3,False,
575022,5827,2026-10-05,morning,HSC,4,2026-10-05 06:10:00,Petr David,Jakub Kosowski,,,575022-4,False,
575022,5827,2026-10-05,morning,HSC,5,2026-10-05 06:30:00,Marcin Jadczyk,Krzysztof Wloczko,,,575022-5,False,
575022,5827,2026-10-05,morning,HSC,6,2026-10-05 06:55:00,Grzegorz Felkel,Adrian Wiecek,,,575022-6,False,
575022,5827,2026-10-05,morning,HSC,7,2026-10-05 07:15:00,Jakub Kosowski,Krzysztof Wloczko,,,575022-7,False,
575022,5827,2026-10-05,morning,HSC,8,2026-10-05 07:40:00,Petr David,Grzegorz Felkel,,,575022-8,False,
575022,5827,2026-10-05,morning,HSC,9,2026-10-05 08:05:00,Marcin Jadczyk,Adrian Wiecek,,,575022-9,False,
575022,5827,2026-10-05,morning,HSC,10,2026-10-05 08:30:00,Jakub Kosowski,Grzegorz Felkel,,,575022-10,False,
575022,5827,2026-10-05,morning,HSC,11,2026-10-05 08:55:00,Petr David,Marcin Jadczyk,,,575022-11,False,
575022,5827,2026-10-05,morning,HSC,12,2026-10-05 09:20:00,Adrian Wiecek,Krzysztof Wloczko,,,575022-12,False,
575022,5827,2026-10-05,morning,HSC,13,2026-10-05 09:45:00,Jakub Kosowski,Marcin Jadczyk,,,575022-13,False,
575022,5827,2026-10-05,morning,HSC,14,2026-10-05 10:05:00,Grzegorz Felkel,Krzysztof Wloczko,,,575022-14,False,
575022,5827,2026-10-05,morning,HSC,15,2026-10-05 10:30:00,Petr David,Adrian Wiecek,,,575022-15,False,
575020,5826,2026-10-05,morning,OSP,1,2026-10-05 05:00:00,Piotr Przewlocki,Sebastian Szostok,,,575020-1,False,
575020,5826,2026-10-05,morning,OSP,2,2026-10-05 05:25:00,Kacper Slawinski,Jakub Pruszkowski,,,575020-2,False,
575020,5826,2026-10-05,morning,OSP,3,2026-10-05 05:50:00,Jaroslaw Badura,Oliver Vincenec,,,575020-3,False,
575020,5826,2026-10-05,morning,OSP,4,2026-10-05 06:10:00,Piotr Przewlocki,Kacper Slawinski,,,575020-4,False,
575020,5826,2026-10-05,morning,OSP,5,2026-10-05 06:30:00,Oliver Vincenec,Sebastian Szostok,,,575020-5,False,
575020,5826,2026-10-05,morning,OSP,6,2026-10-05 06:55:00,Jaroslaw Badura,Jakub Pruszkowski,,,575020-6,False,
575020,5826,2026-10-05,morning,OSP,7,2026-10-05 07:15:00,Kacper Slawinski,Sebastian Szostok,,,575020-7,False,
575020,5826,2026-10-05,morning,OSP,8,2026-10-05 07:40:00,Piotr Przewlocki,Jaroslaw Badura,,,575020-8,False,
575020,5826,2026-10-05,morning,OSP,9,2026-10-05 08:05:00,Oliver Vincenec,Jakub Pruszkowski,,,575020-9,False,
575020,5826,2026-10-05,morning,OSP,10,2026-10-05 08:30:00,Kacper Slawinski,Jaroslaw Badura,,,575020-10,False,
575020,5826,2026-10-05,morning,OSP,11,2026-10-05 08:55:00,Piotr Przewlocki,Oliver Vincenec,,,575020-11,False,
575020,5826,2026-10-05,morning,OSP,12,2026-10-05 09:20:00,Jakub Pruszkowski,Sebastian Szostok,,,575020-12,False,
575020,5826,2026-10-05,morning,OSP,13,2026-10-05 09:45:00,Kacper Slawinski,Oliver Vincenec,,,575020-13,False,
575020,5826,2026-10-05,morning,OSP,14,2026-10-05 10:10:00,Jaroslaw Badura,Sebastian Szostok,,,575020-14,False,
575020,5826,2026-10-05,morning,OSP,15,2026-10-05 10:35:00,Piotr Przewlocki,Jakub Pruszkowski,,,575020-15,False,
575018,5825,2026-10-05,morning,HSC,1,2026-10-05 05:00:00,Grzegorz Poliniewicz,Krzysztof Kapik,,,575018-1,False,
575018,5825,2026-10-05,morning,HSC,2,2026-10-05 05:20:00,Daniel Kostal,Miroslav Sklensky,,,575018-2,False,
575018,5825,2026-10-05,morning,HSC,3,2026-10-05 05:40:00,Michal Malachowski,Michal Olbrycht,,,575018-3,False,
575018,5825,2026-10-05,morning,HSC,4,2026-10-05 06:00:00,Grzegorz Poliniewicz,Daniel Kostal,,,575018-4,False,
575018,5825,2026-10-05,morning,HSC,5,2026-10-05 06:25:00,Michal Olbrycht,Krzysztof Kapik,,,575018-5,False,
575018,5825,2026-10-05,morning,HSC,6,2026-10-05 06:50:00,Michal Malachowski,Miroslav Sklensky,,,575018-6,False,
575018,5825,2026-10-05,morning,HSC,7,2026-10-05 07:15:00,Daniel Kostal,Krzysztof Kapik,,,575018-7,False,
575018,5825,2026-10-05,morning,HSC,8,2026-10-05 07:35:00,Grzegorz Poliniewicz,Michal Malachowski,,,575018-8,False,
575018,5825,2026-10-05,morning,HSC,9,2026-10-05 08:00:00,Michal Olbrycht,Miroslav Sklensky,,,575018-9,False,
575018,5825,2026-10-05,morning,HSC,10,2026-10-05 08:25:00,Daniel Kostal,Michal Malachowski,,,575018-10,False,
575018,5825,2026-10-05,morning,HSC,11,2026-10-05 08:50:00,Grzegorz Poliniewicz,Michal Olbrycht,,,575018-11,False,
575018,5825,2026-10-05,morning,HSC,12,2026-10-05 09:15:00,Miroslav Sklensky,Krzysztof Kapik,,,575018-12,False,
575018,5825,2026-10-05,morning,HSC,13,2026-10-05 09:40:00,Daniel Kostal,Michal Olbrycht,,,575018-13,False,
575018,5825,2026-10-05,morning,HSC,14,2026-10-05 10:05:00,Michal Malachowski,Krzysztof Kapik,,,575018-14,False,
575018,5825,2026-10-05,morning,HSC,15,2026-10-05 10:30:00,Grzegorz Poliniewicz,Miroslav Sklensky,,,575018-15,False,
575016,5824,2026-10-05,morning,OSP,1,2026-10-05 05:00:00,Mariusz Zwolinski,Mikolaj Lukaszewski,,,575016-1,False,
575016,5824,2026-10-05,morning,OSP,2,2026-10-05 05:25:00,Bartlomiej Wisniewski,Maciej Kolek,,,575016-2,False,
575016,5824,2026-10-05,morning,OSP,3,2026-10-05 05:50:00,Blazej Warpas,Artur Sobel,,,575016-3,False,
575016,5824,2026-10-05,morning,OSP,4,2026-10-05 06:10:00,Mariusz Zwolinski,Bartlomiej Wisniewski,,,575016-4,False,
575016,5824,2026-10-05,morning,OSP,5,2026-10-05 06:30:00,Artur Sobel,Mikolaj Lukaszewski,,,575016-5,False,
575016,5824,2026-10-05,morning,OSP,6,2026-10-05 06:55:00,Blazej Warpas,Maciej Kolek,,,575016-6,False,
575016,5824,2026-10-05,morning,OSP,7,2026-10-05 07:15:00,Bartlomiej Wisniewski,Mikolaj Lukaszewski,,,575016-7,False,
575016,5824,2026-10-05,morning,OSP,8,2026-10-05 07:40:00,Mariusz Zwolinski,Blazej Warpas,,,575016-8,False,
575016,5824,2026-10-05,morning,OSP,9,2026-10-05 08:05:00,Artur Sobel,Maciej Kolek,,,575016-9,False,
575016,5824,2026-10-05,morning,OSP,10,2026-10-05 08:30:00,Bartlomiej Wisniewski,Blazej Warpas,,,575016-10,False,
575016,5824,2026-10-05,morning,OSP,11,2026-10-05 08:55:00,Mariusz Zwolinski,Artur Sobel,,,575016-11,False,
575016,5824,2026-10-05,morning,OSP,12,2026-10-05 09:20:00,Maciej Kolek,Mikolaj Lukaszewski,,,575016-12,False,
575016,5824,2026-10-05,morning,OSP,13,2026-10-05 09:40:00,Bartlomiej Wisniewski,Artur Sobel,,,575016-13,False,
575016,5824,2026-10-05,morning,OSP,14,2026-10-05 10:10:00,Blazej Warpas,Mikolaj Lukaszewski,,,575016-14,False,
575016,5824,2026-10-05,morning,OSP,15,2026-10-05 10:35:00,Mariusz Zwolinski,Maciej Kolek,,,575016-15,False,
575013,5823,2026-10-05,night,BLACHOWNIA,1,2026-10-05 23:10:00,Michal Machelski,Artur Kubiak,,,575013-1,False,
575013,5823,2026-10-05,night,BLACHOWNIA,2,2026-10-05 23:35:00,Jakub Cyndera,Adam Staniczek,,,575013-2,False,
575013,5823,2026-10-05,night,BLACHOWNIA,3,2026-10-05 00:00:00,Jerzy Michalik,Artur Zmijewski,,,575013-3,False,
575013,5823,2026-10-05,night,BLACHOWNIA,4,2026-10-05 00:25:00,Michal Machelski,Jakub Cyndera,,,575013-4,False,
575013,5823,2026-10-05,night,BLACHOWNIA,5,2026-10-05 00:50:00,Artur Zmijewski,Artur Kubiak,,,575013-5,False,
575013,5823,2026-10-05,night,BLACHOWNIA,6,2026-10-05 01:10:00,Jerzy Michalik,Adam Staniczek,,,575013-6,False,
575013,5823,2026-10-05,night,BLACHOWNIA,7,2026-10-05 01:35:00,Jakub Cyndera,Artur Kubiak,,,575013-7,False,
575013,5823,2026-10-05,night,BLACHOWNIA,8,2026-10-05 02:00:00,Michal Machelski,Jerzy Michalik,,,575013-8,False,
575013,5823,2026-10-05,night,BLACHOWNIA,9,2026-10-05 02:25:00,Artur Zmijewski,Adam Staniczek,,,575013-9,False,
575013,5823,2026-10-05,night,BLACHOWNIA,10,2026-10-05 02:45:00,Jakub Cyndera,Jerzy Michalik,,,575013-10,False,
575013,5823,2026-10-05,night,BLACHOWNIA,11,2026-10-05 03:10:00,Michal Machelski,Artur Zmijewski,,,575013-11,False,
575013,5823,2026-10-05,night,BLACHOWNIA,12,2026-10-05 03:35:00,Adam Staniczek,Artur Kubiak,,,575013-12,False,
575013,5823,2026-10-05,night,BLACHOWNIA,13,2026-10-05 04:00:00,Jakub Cyndera,Artur Zmijewski,,,575013-13,False,
575013,5823,2026-10-05,night,BLACHOWNIA,14,2026-10-05 04:20:00,Jerzy Michalik,Artur Kubiak,,,575013-14,False,
575013,5823,2026-10-05,night,BLACHOWNIA,15,2026-10-05 04:45:00,Michal Machelski,Adam Staniczek,,,575013-15,False,
575011,5822,2026-10-05,evening,BLACHOWNIA,1,2026-10-05 17:10:00,Artur Zmijewski,Artur Kubiak,,,575011-1,False,
575011,5822,2026-10-05,evening,BLACHOWNIA,2,2026-10-05 17:35:00,Jakub Cyndera,Adam Staniczek,,,575011-2,False,
575011,5822,2026-10-05,evening,BLACHOWNIA,3,2026-10-05 18:00:00,Piotr Gesiarz,Dariusz Maszczynski,,,575011-3,False,
575011,5822,2026-10-05,evening,BLACHOWNIA,4,2026-10-05 18:25:00,Artur Zmijewski,Jakub Cyndera,,,575011-4,False,
575011,5822,2026-10-05,evening,BLACHOWNIA,5,2026-10-05 18:50:00,Dariusz Maszczynski,Artur Kubiak,,,575011-5,False,
575011,5822,2026-10-05,evening,BLACHOWNIA,6,2026-10-05 19:10:00,Piotr Gesiarz,Adam Staniczek,,,575011-6,False,
575011,5822,2026-10-05,evening,BLACHOWNIA,7,2026-10-05 19:35:00,Jakub Cyndera,Artur Kubiak,,,575011-7,False,
575011,5822,2026-10-05,evening,BLACHOWNIA,8,2026-10-05 20:00:00,Artur Zmijewski,Piotr Gesiarz,,,575011-8,False,
575011,5822,2026-10-05,evening,BLACHOWNIA,9,2026-10-05 20:25:00,Dariusz Maszczynski,Adam Staniczek,,,575011-9,False,
575011,5822,2026-10-05,evening,BLACHOWNIA,10,2026-10-05 20:45:00,Jakub Cyndera,Piotr Gesiarz,,,575011-10,False,
575011,5822,2026-10-05,evening,BLACHOWNIA,11,2026-10-05 21:10:00,Artur Zmijewski,Dariusz Maszczynski,,,575011-11,False,
575011,5822,2026-10-05,evening,BLACHOWNIA,12,2026-10-05 21:35:00,Adam Staniczek,Artur Kubiak,,,575011-12,False,
575011,5822,2026-10-05,evening,BLACHOWNIA,13,2026-10-05 22:00:00,Jakub Cyndera,Dariusz Maszczynski,,,575011-13,False,
575011,5822,2026-10-05,evening,BLACHOWNIA,14,2026-10-05 22:20:00,Piotr Gesiarz,Artur Kubiak,,,575011-14,False,
575011,5822,2026-10-05,evening,BLACHOWNIA,15,2026-10-05 22:45:00,Artur Zmijewski,Adam Staniczek,,,575011-15,False,
575009,5821,2026-10-05,morning,BLACHOWNIA,1,2026-10-05 05:10:00,Michal Wolny,Witold Stechly,,,575009-1,False,
575009,5821,2026-10-05,morning,BLACHOWNIA,2,2026-10-05 05:35:00,Slawomir Janus,Tomasz Kordaszewski,,,575009-2,False,
575009,5821,2026-10-05,morning,BLACHOWNIA,3,2026-10-05 06:00:00,Maciej Lamer,Dariusz Maszczynski,,,575009-3,False,
575009,5821,2026-10-05,morning,BLACHOWNIA,4,2026-10-05 06:25:00,Michal Wolny,Slawomir Janus,,,575009-4,False,
575009,5821,2026-10-05,morning,BLACHOWNIA,5,2026-10-05 06:50:00,Dariusz Maszczynski,Witold Stechly,,,575009-5,False,
575009,5821,2026-10-05,morning,BLACHOWNIA,6,2026-10-05 07:10:00,Maciej Lamer,Tomasz Kordaszewski,,,575009-6,False,
575009,5821,2026-10-05,morning,BLACHOWNIA,7,2026-10-05 07:35:00,Slawomir Janus,Witold Stechly,,,575009-7,False,
575009,5821,2026-10-05,morning,BLACHOWNIA,8,2026-10-05 08:00:00,Michal Wolny,Maciej Lamer,,,575009-8,False,
575009,5821,2026-10-05,morning,BLACHOWNIA,9,2026-10-05 08:25:00,Dariusz Maszczynski,Tomasz Kordaszewski,,,575009-9,False,
575009,5821,2026-10-05,morning,BLACHOWNIA,10,2026-10-05 08:45:00,Slawomir Janus,Maciej Lamer,,,575009-10,False,
575009,5821,2026-10-05,morning,BLACHOWNIA,11,2026-10-05 09:10:00,Michal Wolny,Dariusz Maszczynski,,,575009-11,False,
575009,5821,2026-10-05,morning,BLACHOWNIA,12,2026-10-05 09:35:00,Tomasz Kordaszewski,Witold Stechly,,,575009-12,False,
575009,5821,2026-10-05,morning,BLACHOWNIA,13,2026-10-05 10:00:00,Slawomir Janus,Dariusz Maszczynski,,,575009-13,False,
575009,5821,2026-10-05,morning,BLACHOWNIA,14,2026-10-05 10:20:00,Maciej Lamer,Witold Stechly,,,575009-14,False,
575009,5821,2026-10-05,morning,BLACHOWNIA,15,2026-10-05 10:45:00,Michal Wolny,Tomasz Kordaszewski,,,575009-15,False,
575006,5820,2026-10-05,evening,POCZESNA,1,2026-10-05 19:30:00,Lukasz Oracz,Wojciech Urban,,,575006-1,False,
575006,5820,2026-10-05,evening,POCZESNA,2,2026-10-05 19:55:00,Kacper Adamus,Piotr Gumulinski,,,575006-2,False,
575006,5820,2026-10-05,evening,POCZESNA,3,2026-10-05 20:20:00,Kamil Kowalski,Dawid Dytko,,,575006-3,False,
575006,5820,2026-10-05,evening,POCZESNA,4,2026-10-05 20:45:00,Lukasz Oracz,Kacper Adamus,,,575006-4,False,
575006,5820,2026-10-05,evening,POCZESNA,5,2026-10-05 21:10:00,Dawid Dytko,Wojciech Urban,,,575006-5,False,
575006,5820,2026-10-05,evening,POCZESNA,6,2026-10-05 21:30:00,Kamil Kowalski,Piotr Gumulinski,,,575006-6,False,
575006,5820,2026-10-05,evening,POCZESNA,7,2026-10-05 21:55:00,Kacper Adamus,Wojciech Urban,,,575006-7,False,
575006,5820,2026-10-05,evening,POCZESNA,8,2026-10-05 22:20:00,Lukasz Oracz,Kamil Kowalski,,,575006-8,False,
575006,5820,2026-10-05,evening,POCZESNA,9,2026-10-05 22:45:00,Dawid Dytko,Piotr Gumulinski,,,575006-9,False,
575006,5820,2026-10-05,evening,POCZESNA,10,2026-10-05 23:05:00,Kacper Adamus,Kamil Kowalski,,,575006-10,False,
575006,5820,2026-10-05,evening,POCZESNA,11,2026-10-05 23:30:00,Lukasz Oracz,Dawid Dytko,,,575006-11,False,
575006,5820,2026-10-05,evening,POCZESNA,12,2026-10-05 23:55:00,Piotr Gumulinski,Wojciech Urban,,,575006-12,False,
575006,5820,2026-10-05,evening,POCZESNA,13,2026-10-05 00:20:00,Kacper Adamus,Dawid Dytko,,,575006-13,False,
575006,5820,2026-10-05,evening,POCZESNA,14,2026-10-05 00:40:00,Kamil Kowalski,Wojciech Urban,,,575006-14,False,
575006,5820,2026-10-05,evening,POCZESNA,15,2026-10-05 01:05:00,Lukasz Oracz,Piotr Gumulinski,,,575006-15,False,
575004,5819,2026-10-05,afternoon,POCZESNA,1,2026-10-05 13:30:00,Jerzy Pelka,Pawel Polok,,,575004-1,False,
575004,5819,2026-10-05,afternoon,POCZESNA,2,2026-10-05 13:55:00,Yurij Fomin,Jakub Kaczmarek,,,575004-2,False,
575004,5819,2026-10-05,afternoon,POCZESNA,3,2026-10-05 14:20:00,Rafal Skotniczny,Grzegorz Wichowski,,,575004-3,False,
575004,5819,2026-10-05,afternoon,POCZESNA,4,2026-10-05 14:45:00,Jerzy Pelka,Yurij Fomin,,,575004-4,False,
575004,5819,2026-10-05,afternoon,POCZESNA,5,2026-10-05 15:10:00,Grzegorz Wichowski,Pawel Polok,,,575004-5,False,
575004,5819,2026-10-05,afternoon,POCZESNA,6,2026-10-05 15:30:00,Rafal Skotniczny,Jakub Kaczmarek,,,575004-6,False,
575004,5819,2026-10-05,afternoon,POCZESNA,7,2026-10-05 15:55:00,Yurij Fomin,Pawel Polok,,,575004-7,False,
575004,5819,2026-10-05,afternoon,POCZESNA,8,2026-10-05 16:20:00,Jerzy Pelka,Rafal Skotniczny,,,575004-8,False,
575004,5819,2026-10-05,afternoon,POCZESNA,9,2026-10-05 16:45:00,Grzegorz Wichowski,Jakub Kaczmarek,,,575004-9,False,
575004,5819,2026-10-05,afternoon,POCZESNA,10,2026-10-05 17:05:00,Yurij Fomin,Rafal Skotniczny,,,575004-10,False,
575004,5819,2026-10-05,afternoon,POCZESNA,11,2026-10-05 17:30:00,Jerzy Pelka,Grzegorz Wichowski,,,575004-11,False,
575004,5819,2026-10-05,afternoon,POCZESNA,12,2026-10-05 17:55:00,Jakub Kaczmarek,Pawel Polok,,,575004-12,False,
575004,5819,2026-10-05,afternoon,POCZESNA,13,2026-10-05 18:20:00,Yurij Fomin,Grzegorz Wichowski,,,575004-13,False,
575004,5819,2026-10-05,afternoon,POCZESNA,14,2026-10-05 18:40:00,Rafal Skotniczny,Pawel Polok,,,575004-14,False,
575004,5819,2026-10-05,afternoon,POCZESNA,15,2026-10-05 19:05:00,Jerzy Pelka,Jakub Kaczmarek,,,575004-15,False,
575001,5818,2026-10-05,morning,POCZESNA,1,2026-10-05 07:30:00,Grzegorz Wichowski,Pawel Polok,,,575001-1,False,
575001,5818,2026-10-05,morning,POCZESNA,2,2026-10-05 07:55:00,Yurij Fomin,Jakub Kaczmarek,,,575001-2,False,
575001,5818,2026-10-05,morning,POCZESNA,3,2026-10-05 08:20:00,Rafal Skotniczny,Jerzy Pelka,,,575001-3,False,
575001,5818,2026-10-05,morning,POCZESNA,4,2026-10-05 08:45:00,Grzegorz Wichowski,Yurij Fomin,,,575001-4,False,
575001,5818,2026-10-05,morning,POCZESNA,5,2026-10-05 09:10:00,Jerzy Pelka,Pawel Polok,,,575001-5,False,
575001,5818,2026-10-05,morning,POCZESNA,6,2026-10-05 09:30:00,Rafal Skotniczny,Jakub Kaczmarek,,,575001-6,False,
575001,5818,2026-10-05,morning,POCZESNA,7,2026-10-05 09:55:00,Yurij Fomin,Pawel Polok,,,575001-7,False,
575001,5818,2026-10-05,morning,POCZESNA,8,2026-10-05 10:20:00,Grzegorz Wichowski,Rafal Skotniczny,,,575001-8,False,
575001,5818,2026-10-05,morning,POCZESNA,9,2026-10-05 10:45:00,Jerzy Pelka,Jakub Kaczmarek,,,575001-9,False,
575001,5818,2026-10-05,morning,POCZESNA,10,2026-10-05 11:05:00,Yurij Fomin,Rafal Skotniczny,,,575001-10,False,
575001,5818,2026-10-05,morning,POCZESNA,11,2026-10-05 11:30:00,Grzegorz Wichowski,Jerzy Pelka,,,575001-11,False,
575001,5818,2026-10-05,morning,POCZESNA,12,2026-10-05 11:55:00,Jakub Kaczmarek,Pawel Polok,,,575001-12,False,
575001,5818,2026-10-05,morning,POCZESNA,13,2026-10-05 12:20:00,Yurij Fomin,Jerzy Pelka,,,575001-13,False,
575001,5818,2026-10-05,morning,POCZESNA,14,2026-10-05 12:40:00,Rafal Skotniczny,Pawel Polok,,,575001-14,False,
575001,5818,2026-10-05,morning,POCZESNA,15,2026-10-05 13:05:00,Grzegorz Wichowski,Jakub Kaczmarek,,,575001-15,False,
574999,5817,2026-10-04,night,POCZESNA,1,2026-10-04 01:30:00,Dawid Dytko,Wojciech Urban,,,574999-1,False,
574999,5817,2026-10-04,night,POCZESNA,2,2026-10-04 01:55:00,Jakub Nowak,Piotr Gumulinski,,,574999-2,False,
574999,5817,2026-10-04,night,POCZESNA,3,2026-10-04 02:20:00,Kamil Kowalski,Pawel Kurek,,,574999-3,False,
574999,5817,2026-10-04,night,POCZESNA,4,2026-10-04 02:45:00,Dawid Dytko,Jakub Nowak,,,574999-4,False,
574999,5817,2026-10-04,night,POCZESNA,5,2026-10-04 03:10:00,Pawel Kurek,Wojciech Urban,,,574999-5,False,
574999,5817,2026-10-04,night,POCZESNA,6,2026-10-04 03:30:00,Kamil Kowalski,Piotr Gumulinski,,,574999-6,False,
574999,5817,2026-10-04,night,POCZESNA,7,2026-10-04 03:55:00,Jakub Nowak,Wojciech Urban,,,574999-7,False,
574999,5817,2026-10-04,night,POCZESNA,8,2026-10-04 04:20:00,Dawid Dytko,Kamil Kowalski,,,574999-8,False,
574999,5817,2026-10-04,night,POCZESNA,9,2026-10-04 04:45:00,Pawel Kurek,Piotr Gumulinski,,,574999-9,False,
574999,5817,2026-10-04,night,POCZESNA,10,2026-10-04 05:05:00,Jakub Nowak,Kamil Kowalski,,,574999-10,False,
574999,5817,2026-10-04,night,POCZESNA,11,2026-10-04 05:30:00,Dawid Dytko,Pawel Kurek,,,574999-11,False,
574999,5817,2026-10-04,night,POCZESNA,12,2026-10-04 05:55:00,Piotr Gumulinski,Wojciech Urban,,,574999-12,False,
574999,5817,2026-10-04,night,POCZESNA,13,2026-10-04 06:20:00,Jakub Nowak,Pawel Kurek,,,574999-13,False,
574999,5817,2026-10-04,night,POCZESNA,14,2026-10-04 06:40:00,Kamil Kowalski,Wojciech Urban,,,574999-14,False,
574999,5817,2026-10-04,night,POCZESNA,15,2026-10-04 07:05:00,Dawid Dytko,Piotr Gumulinski,,,574999-15,False,
574765,5816,2026-10-04,night,HSC,1,2026-10-04 23:00:00,Bartek Sulkowski,Lukasz Pietraszko,,,574765-1,False,
574765,5816,2026-10-04,night,HSC,2,2026-10-04 23:25:00,Szymon Brud,Jakub Nadolny,,,574765-2,False,
574765,5816,2026-10-04,night,HSC,3,2026-10-04 23:50:00,Szymon Brud,Milosz Kukawka,,,574765-3,False,
574765,5816,2026-10-04,night,HSC,4,2026-10-04 00:10:00,Lukasz Pietraszko,Jakub Nadolny,,,574765-4,False,
574765,5816,2026-10-04,night,HSC,5,2026-10-04 00:35:00,Milosz Kukawka,Lukasz Pietraszko,,,574765-5,False,
574765,5816,2026-10-04,night,HSC,6,2026-10-04 00:55:00,Bartek Sulkowski,Jakub Nadolny,,,574765-6,False,
574765,5816,2026-10-04,night,HSC,7,2026-10-04 01:20:00,Szymon Brud,Lukasz Pietraszko,,,574765-7,False,
574765,5816,2026-10-04,night,HSC,8,2026-10-04 01:45:00,Bartek Sulkowski,Milosz Kukawka,,,574765-8,False,
574765,5816,2026-10-04,night,HSC,9,2026-10-04 02:10:00,Szymon Brud,Bartek Sulkowski,,,574765-9,False,
574765,5816,2026-10-04,night,HSC,10,2026-10-04 02:35:00,Milosz Kukawka,Jakub Nadolny,,,574765-10,False,
574537,5815,2026-10-04,night,OSP,1,2026-10-04 23:00:00,Jerzy Michalik,Andrzej Szurgot,,,574537-1,False,
574537,5815,2026-10-04,night,OSP,2,2026-10-04 23:20:00,Zbigniew Nocun,Adam Staniczek,,,574537-2,False,
574537,5815,2026-10-04,night,OSP,3,2026-10-04 23:45:00,Grzegorz Mucha,Kacper Kwiatkowski,,,574537-3,False,
574537,5815,2026-10-04,night,OSP,4,2026-10-04 00:10:00,Jerzy Michalik,Zbigniew Nocun,,,574537-4,False,
574537,5815,2026-10-04,night,OSP,5,2026-10-04 00:35:00,Kacper Kwiatkowski,Andrzej Szurgot,,,574537-5,False,
574537,5815,2026-10-04,night,OSP,6,2026-10-04 00:55:00,Grzegorz Mucha,Adam Staniczek,,,574537-6,False,
574537,5815,2026-10-04,night,OSP,7,2026-10-04 01:20:00,Zbigniew Nocun,Andrzej Szurgot,,,574537-7,False,
574537,5815,2026-10-04,night,OSP,8,2026-10-04 01:45:00,Jerzy Michalik,Grzegorz Mucha,,,574537-8,False,
574537,5815,2026-10-04,night,OSP,9,2026-10-04 02:10:00,Kacper Kwiatkowski,Adam Staniczek,,,574537-9,False,
574537,5815,2026-10-04,night,OSP,10,2026-10-04 02:35:00,Zbigniew Nocun,Grzegorz Mucha,,,574537-10,False,
574537,5815,2026-10-04,night,OSP,11,2026-10-04 03:00:00,Jerzy Michalik,Kacper Kwiatkowski,,,574537-11,False,
574537,5815,2026-10-04,night,OSP,12,2026-10-04 03:25:00,Adam Staniczek,Andrzej Szurgot,,,574537-12,False,
574537,5815,2026-10-04,night,OSP,13,2026-10-04 03:45:00,Zbigniew Nocun,Kacper Kwiatkowski,,,574537-13,False,
574537,5815,2026-10-04,night,OSP,14,2026-10-04 04:10:00,Grzegorz Mucha,Andrzej Szurgot,,,574537-14,False,
574537,5815,2026-10-04,night,OSP,15,2026-10-04 04:35:00,Jerzy Michalik,Adam Staniczek,,,574537-15,False,
574535,5814,2026-10-04,night,OSP,1,2026-10-04 23:05:00,Jakub Glanowski,Kamil Rudomina,,,574535-1,False,
574535,5814,2026-10-04,night,OSP,2,2026-10-04 23:30:00,Rafal Stapor,Karol Sulkowski,,,574535-2,False,
574535,5814,2026-10-04,night,OSP,3,2026-10-04 23:55:00,Rafal Stapor,Adam Linek,,,574535-3,False,
574535,5814,2026-10-04,night,OSP,4,2026-10-04 00:15:00,Kamil Rudomina,Karol Sulkowski,,,574535-4,False,
574535,5814,2026-10-04,night,OSP,5,2026-10-04 00:35:00,Adam Linek,Kamil Rudomina,,,574535-5,False,
574535,5814,2026-10-04,night,OSP,6,2026-10-04 00:55:00,Jakub Glanowski,Karol Sulkowski,,,574535-6,False,
574535,5814,2026-10-04,night,OSP,7,2026-10-04 01:20:00,Rafal Stapor,Kamil Rudomina,,,574535-7,False,
574535,5814,2026-10-04,night,OSP,8,2026-10-04 01:45:00,Jakub Glanowski,Adam Linek,,,574535-8,False,
574535,5814,2026-10-04,night,OSP,9,2026-10-04 02:10:00,Rafal Stapor,Jakub Glanowski,,,574535-9,False,
574535,5814,2026-10-04,night,OSP,10,2026-10-04 02:35:00,Adam Linek,Karol Sulkowski,,,574535-10,False,
574532,5813,2026-10-04,evening,HSC,1,2026-10-04 17:00:00,Lukasz Pietraszko,Bartek Sulkowski,,,574532-1,False,
574532,5813,2026-10-04,evening,HSC,2,2026-10-04 17:25:00,Krzysztof Kapik,Szymon Brud,,,574532-2,False,
574532,5813,2026-10-04,evening,HSC,3,2026-10-04 17:45:00,Jakub Zochniak,Jakub Nadolny,,,574532-3,False,
574532,5813,2026-10-04,evening,HSC,4,2026-10-04 18:05:00,Lukasz Pietraszko,Krzysztof Kapik,,,574532-4,False,
574532,5813,2026-10-04,evening,HSC,5,2026-10-04 18:30:00,Jakub Nadolny,Bartek Sulkowski,,,574532-5,False,
574532,5813,2026-10-04,evening,HSC,6,2026-10-04 18:55:00,Jakub Zochniak,Szymon Brud,,,574532-6,False,
574532,5813,2026-10-04,evening,HSC,7,2026-10-04 19:20:00,Krzysztof Kapik,Bartek Sulkowski,,,574532-7,False,
574532,5813,2026-10-04,evening,HSC,8,2026-10-04 19:40:00,Lukasz Pietraszko,Jakub Zochniak,,,574532-8,False,
574532,5813,2026-10-04,evening,HSC,9,2026-10-04 20:05:00,Jakub Nadolny,Szymon Brud,,,574532-9,False,
574532,5813,2026-10-04,evening,HSC,10,2026-10-04 20:30:00,Krzysztof Kapik,Jakub Zochniak,,,574532-10,False,
574532,5813,2026-10-04,evening,HSC,11,2026-10-04 20:50:00,Lukasz Pietraszko,Jakub Nadolny,,,574532-11,False,
574532,5813,2026-10-04,evening,HSC,12,2026-10-04 21:15:00,Szymon Brud,Bartek Sulkowski,,,574532-12,False,
574532,5813,2026-10-04,evening,HSC,13,2026-10-04 21:40:00,Krzysztof Kapik,Jakub Nadolny,,,574532-13,False,
574532,5813,2026-10-04,evening,HSC,14,2026-10-04 22:05:00,Jakub Zochniak,Bartek Sulkowski,,,574532-14,False,
574532,5813,2026-10-04,evening,HSC,15,2026-10-04 22:30:00,Lukasz Pietraszko,Szymon Brud,,,574532-15,False,
574529,5812,2026-10-04,evening,OSP,1,2026-10-04 17:00:00,Kacper Kwiatkowski,Andrzej Szurgot,,,574529-1,False,
574529,5812,2026-10-04,evening,OSP,2,2026-10-04 17:25:00,Zbigniew Nocun,Adam Staniczek,,,574529-2,False,
574529,5812,2026-10-04,evening,OSP,3,2026-10-04 17:50:00,Grzegorz Mucha,Henryk Tkaczyk,,,574529-3,False,
574529,5812,2026-10-04,evening,OSP,4,2026-10-04 18:15:00,Kacper Kwiatkowski,Zbigniew Nocun,,,574529-4,False,
574529,5812,2026-10-04,evening,OSP,5,2026-10-04 18:35:00,Henryk Tkaczyk,Andrzej Szurgot,,,574529-5,False,
574529,5812,2026-10-04,evening,OSP,6,2026-10-04 18:55:00,Grzegorz Mucha,Adam Staniczek,,,574529-6,False,
574529,5812,2026-10-04,evening,OSP,7,2026-10-04 19:20:00,Zbigniew Nocun,Andrzej Szurgot,,,574529-7,False,
574529,5812,2026-10-04,evening,OSP,8,2026-10-04 19:45:00,Kacper Kwiatkowski,Grzegorz Mucha,,,574529-8,False,
574529,5812,2026-10-04,evening,OSP,9,2026-10-04 20:10:00,Henryk Tkaczyk,Adam Staniczek,,,574529-9,False,
574529,5812,2026-10-04,evening,OSP,10,2026-10-04 20:30:00,Zbigniew Nocun,Grzegorz Mucha,,,574529-10,False,
574529,5812,2026-10-04,evening,OSP,11,2026-10-04 20:55:00,Kacper Kwiatkowski,Henryk Tkaczyk,,,574529-11,False,
574529,5812,2026-10-04,evening,OSP,12,2026-10-04 21:20:00,Adam Staniczek,Andrzej Szurgot,,,574529-12,False,
574529,5812,2026-10-04,evening,OSP,13,2026-10-04 21:40:00,Zbigniew Nocun,Henryk Tkaczyk,,,574529-13,False,
574529,5812,2026-10-04,evening,OSP,14,2026-10-04 22:05:00,Grzegorz Mucha,Andrzej Szurgot,,,574529-14,False,
574529,5812,2026-10-04,evening,OSP,15,2026-10-04 22:30:00,Kacper Kwiatkowski,Adam Staniczek,,,574529-15,False,
574527,5811,2026-10-04,evening,OSP,1,2026-10-04 17:00:00,Kamil Rudomina,Jakub Glanowski,,,574527-1,False,
574527,5811,2026-10-04,evening,OSP,2,2026-10-04 17:25:00,Milosz Kukawka,Rafal Stapor,,,574527-2,False,
574527,5811,2026-10-04,evening,OSP,3,2026-10-04 17:50:00,Adam Linek,Karol Sulkowski,,,574527-3,False,
574527,5811,2026-10-04,evening,OSP,4,2026-10-04 18:15:00,Kamil Rudomina,Milosz Kukawka,,,574527-4,False,
574527,5811,2026-10-04,evening,OSP,5,2026-10-04 18:35:00,Karol Sulkowski,Jakub Glanowski,,,574527-5,False,
574527,5811,2026-10-04,evening,OSP,6,2026-10-04 18:55:00,Adam Linek,Rafal Stapor,,,574527-6,False,
574527,5811,2026-10-04,evening,OSP,7,2026-10-04 19:20:00,Milosz Kukawka,Jakub Glanowski,,,574527-7,False,
574527,5811,2026-10-04,evening,OSP,8,2026-10-04 19:45:00,Kamil Rudomina,Adam Linek,,,574527-8,False,
574527,5811,2026-10-04,evening,OSP,9,2026-10-04 20:10:00,Karol Sulkowski,Rafal Stapor,,,574527-9,False,
574527,5811,2026-10-04,evening,OSP,10,2026-10-04 20:30:00,Milosz Kukawka,Adam Linek,,,574527-10,False,
574527,5811,2026-10-04,evening,OSP,11,2026-10-04 20:55:00,Kamil Rudomina,Karol Sulkowski,,,574527-11,False,
574527,5811,2026-10-04,evening,OSP,12,2026-10-04 21:20:00,Rafal Stapor,Jakub Glanowski,,,574527-12,False,
574527,5811,2026-10-04,evening,OSP,13,2026-10-04 21:40:00,Milosz Kukawka,Karol Sulkowski,,,574527-13,False,
574527,5811,2026-10-04,evening,OSP,14,2026-10-04 22:05:00,Adam Linek,Jakub Glanowski,,,574527-14,False,
574527,5811,2026-10-04,evening,OSP,15,2026-10-04 22:30:00,Kamil Rudomina,Rafal Stapor,,,574527-15,False,
574525,5810,2026-10-04,afternoon,HSC,1,2026-10-04 11:00:00,Petr David,Karol Wisniewski,,,574525-1,False,
574525,5810,2026-10-04,afternoon,HSC,2,2026-10-04 11:20:00,Krystian Kolodziej,Krzysztof Kapik,,,574525-2,False,
574525,5810,2026-10-04,afternoon,HSC,3,2026-10-04 11:40:00,Daniel Kostal,Marcin Jadczyk,,,574525-3,False,
574525,5810,2026-10-04,afternoon,HSC,4,2026-10-04 12:00:00,Petr David,Krystian Kolodziej,,,574525-4,False,
574525,5810,2026-10-04,afternoon,HSC,5,2026-10-04 12:25:00,Marcin Jadczyk,Karol Wisniewski,,,574525-5,False,
574525,5810,2026-10-04,afternoon,HSC,6,2026-10-04 12:50:00,Daniel Kostal,Krzysztof Kapik,,,574525-6,False,
574525,5810,2026-10-04,afternoon,HSC,7,2026-10-04 13:15:00,Krystian Kolodziej,Karol Wisniewski,,,574525-7,False,
574525,5810,2026-10-04,afternoon,HSC,8,2026-10-04 13:40:00,Petr David,Daniel Kostal,,,574525-8,False,
574525,5810,2026-10-04,afternoon,HSC,9,2026-10-04 14:05:00,Marcin Jadczyk,Krzysztof Kapik,,,574525-9,False,
574525,5810,2026-10-04,afternoon,HSC,10,2026-10-04 14:30:00,Krystian Kolodziej,Daniel Kostal,,,574525-10,False,
574525,5810,2026-10-04,afternoon,HSC,11,2026-10-04 14:55:00,Petr David,Marcin Jadczyk,,,574525-11,False,
574525,5810,2026-10-04,afternoon,HSC,12,2026-10-04 15:20:00,Krzysztof Kapik,Karol Wisniewski,,,574525-12,False,
574525,5810,2026-10-04,afternoon,HSC,13,2026-10-04 15:45:00,Krystian Kolodziej,Marcin Jadczyk,,,574525-13,False,
574525,5810,2026-10-04,afternoon,HSC,14,2026-10-04 16:10:00,Daniel Kostal,Karol Wisniewski,,,574525-14,False,
574525,5810,2026-10-04,afternoon,HSC,15,2026-10-04 16:35:00,Petr David,Krzysztof Kapik,,,574525-15,False,
574523,5809,2026-10-04,afternoon,OSP,1,2026-10-04 11:00:00,Pawel Polok,Witold Buczynski,,,574523-1,False,
574523,5809,2026-10-04,afternoon,OSP,2,2026-10-04 11:25:00,Wojciech Wojtaszczyk,Jakub Jesiek,,,574523-2,False,
574523,5809,2026-10-04,afternoon,OSP,3,2026-10-04 11:50:00,Rafal Idaczyk,Dariusz Swider,,,574523-3,False,
574523,5809,2026-10-04,afternoon,OSP,4,2026-10-04 12:10:00,Pawel Polok,Wojciech Wojtaszczyk,,,574523-4,False,
574523,5809,2026-10-04,afternoon,OSP,5,2026-10-04 12:35:00,Dariusz Swider,Witold Buczynski,,,574523-5,False,
574523,5809,2026-10-04,afternoon,OSP,6,2026-10-04 13:00:00,Rafal Idaczyk,Jakub Jesiek,,,574523-6,False,
574523,5809,2026-10-04,afternoon,OSP,7,2026-10-04 13:25:00,Wojciech Wojtaszczyk,Witold Buczynski,,,574523-7,False,
574523,5809,2026-10-04,afternoon,OSP,8,2026-10-04 13:50:00,Pawel Polok,Rafal Idaczyk,,,574523-8,False,
574523,5809,2026-10-04,afternoon,OSP,9,2026-10-04 14:15:00,Dariusz Swider,Jakub Jesiek,,,574523-9,False,
574523,5809,2026-10-04,afternoon,OSP,10,2026-10-04 14:40:00,Wojciech Wojtaszczyk,Rafal Idaczyk,,,574523-10,False,
574523,5809,2026-10-04,afternoon,OSP,11,2026-10-04 15:05:00,Pawel Polok,Dariusz Swider,,,574523-11,False,
574523,5809,2026-10-04,afternoon,OSP,12,2026-10-04 15:30:00,Jakub Jesiek,Witold Buczynski,,,574523-12,False,
574523,5809,2026-10-04,afternoon,OSP,13,2026-10-04 15:55:00,Wojciech Wojtaszczyk,Dariusz Swider,,,574523-13,False,
574523,5809,2026-10-04,afternoon,OSP,14,2026-10-04 16:20:00,Rafal Idaczyk,Witold Buczynski,,,574523-14,False,
574523,5809,2026-10-04,afternoon,OSP,15,2026-10-04 16:40:00,Pawel Polok,Jakub Jesiek,,,574523-15,False,
574521,5808,2026-10-04,afternoon,HSC,1,2026-10-04 11:00:00,Mateusz Zagajewski,Piotr Staniszewski,,,574521-1,False,
574521,5808,2026-10-04,afternoon,HSC,2,2026-10-04 11:20:00,Marcin Marchlewski,Kacper Szurlej,,,574521-2,False,
574521,5808,2026-10-04,afternoon,HSC,3,2026-10-04 11:45:00,Kacper Makowski,Piotr Maruszak,,,574521-3,False,
574521,5808,2026-10-04,afternoon,HSC,4,2026-10-04 12:05:00,Mateusz Zagajewski,Marcin Marchlewski,,,574521-4,False,
574521,5808,2026-10-04,afternoon,HSC,5,2026-10-04 12:30:00,Piotr Maruszak,Piotr Staniszewski,,,574521-5,False,
574521,5808,2026-10-04,afternoon,HSC,6,2026-10-04 12:55:00,Kacper Makowski,Kacper Szurlej,,,574521-6,False,
574521,5808,2026-10-04,afternoon,HSC,7,2026-10-04 13:20:00,Marcin Marchlewski,Piotr Staniszewski,,,574521-7,False,
574521,5808,2026-10-04,afternoon,HSC,8,2026-10-04 13:45:00,Mateusz Zagajewski,Kacper Makowski,,,574521-8,False,
574521,5808,2026-10-04,afternoon,HSC,9,2026-10-04 14:10:00,Piotr Maruszak,Kacper Szurlej,,,574521-9,False,
574521,5808,2026-10-04,afternoon,HSC,10,2026-10-04 14:35:00,Marcin Marchlewski,Kacper Makowski,,,574521-10,False,
574521,5808,2026-10-04,afternoon,HSC,11,2026-10-04 15:00:00,Mateusz Zagajewski,Piotr Maruszak,,,574521-11,False,
574521,5808,2026-10-04,afternoon,HSC,12,2026-10-04 15:25:00,Kacper Szurlej,Piotr Staniszewski,,,574521-12,False,
574521,5808,2026-10-04,afternoon,HSC,13,2026-10-04 15:50:00,Marcin Marchlewski,Piotr Maruszak,,,574521-13,False,
574521,5808,2026-10-04,afternoon,HSC,14,2026-10-04 16:15:00,Kacper Makowski,Piotr Staniszewski,,,574521-14,False,
574521,5808,2026-10-04,afternoon,HSC,15,2026-10-04 16:35:00,Mateusz Zagajewski,Kacper Szurlej,,,574521-15,False,
574519,5807,2026-10-04,afternoon,OSP,1,2026-10-04 11:00:00,Bartlomiej Wisniewski,Piotr Krukar,,,574519-1,False,
574519,5807,2026-10-04,afternoon,OSP,2,2026-10-04 11:25:00,Artur Szoltysek,Wojciech Iwasyszyn,,,574519-2,False,
574519,5807,2026-10-04,afternoon,OSP,3,2026-10-04 11:50:00,Tadeusz Piotrowski,Adrian Eliasz,,,574519-3,False,
574519,5807,2026-10-04,afternoon,OSP,4,2026-10-04 12:10:00,Bartlomiej Wisniewski,Artur Szoltysek,,,574519-4,False,
574519,5807,2026-10-04,afternoon,OSP,5,2026-10-04 12:35:00,Adrian Eliasz,Piotr Krukar,,,574519-5,False,
574519,5807,2026-10-04,afternoon,OSP,6,2026-10-04 13:00:00,Tadeusz Piotrowski,Wojciech Iwasyszyn,,,574519-6,False,
574519,5807,2026-10-04,afternoon,OSP,7,2026-10-04 13:25:00,Artur Szoltysek,Piotr Krukar,,,574519-7,False,
574519,5807,2026-10-04,afternoon,OSP,8,2026-10-04 13:50:00,Bartlomiej Wisniewski,Tadeusz Piotrowski,,,574519-8,False,
574519,5807,2026-10-04,afternoon,OSP,9,2026-10-04 14:15:00,Adrian Eliasz,Wojciech Iwasyszyn,,,574519-9,False,
574519,5807,2026-10-04,afternoon,OSP,10,2026-10-04 14:40:00,Artur Szoltysek,Tadeusz Piotrowski,,,574519-10,False,
574519,5807,2026-10-04,afternoon,OSP,11,2026-10-04 15:05:00,Bartlomiej Wisniewski,Adrian Eliasz,,,574519-11,False,
574519,5807,2026-10-04,afternoon,OSP,12,2026-10-04 15:30:00,Wojciech Iwasyszyn,Piotr Krukar,,,574519-12,False,
574519,5807,2026-10-04,afternoon,OSP,13,2026-10-04 15:55:00,Artur Szoltysek,Adrian Eliasz,,,574519-13,False,
574519,5807,2026-10-04,afternoon,OSP,14,2026-10-04 16:20:00,Tadeusz Piotrowski,Piotr Krukar,,,574519-14,False,
574519,5807,2026-10-04,afternoon,OSP,15,2026-10-04 16:40:00,Bartlomiej Wisniewski,Wojciech Iwasyszyn,,,574519-15,False,
574517,5806,2026-10-04,morning,HSC,1,2026-10-04 05:00:00,Krystian Kolodziej,Karol Wisniewski,,,574517-1,False,
574517,5806,2026-10-04,morning,HSC,2,2026-10-04 05:25:00,Kacper Szurlej,Daniel Kostal,,,574517-2,False,
574517,5806,2026-10-04,morning,HSC,3,2026-10-04 05:45:00,Petr David,Marcin Jadczyk,,,574517-3,False,
574517,5806,2026-10-04,morning,HSC,4,2026-10-04 06:10:00,Krystian Kolodziej,Kacper Szurlej,,,574517-4,False,
574517,5806,2026-10-04,morning,HSC,5,2026-10-04 06:30:00,Marcin Jadczyk,Karol Wisniewski,,,574517-5,False,
574517,5806,2026-10-04,morning,HSC,6,2026-10-04 06:55:00,Petr David,Daniel Kostal,,,574517-6,False,
574517,5806,2026-10-04,morning,HSC,7,2026-10-04 07:15:00,Kacper Szurlej,Karol Wisniewski,,,574517-7,False,
574517,5806,2026-10-04,morning,HSC,8,2026-10-04 07:40:00,Krystian Kolodziej,Petr David,,,574517-8,False,
574517,5806,2026-10-04,morning,HSC,9,2026-10-04 08:05:00,Marcin Jadczyk,Daniel Kostal,,,574517-9,False,
574517,5806,2026-10-04,morning,HSC,10,2026-10-04 08:30:00,Kacper Szurlej,Petr David,,,574517-10,False,
574517,5806,2026-10-04,morning,HSC,11,2026-10-04 08:55:00,Krystian Kolodziej,Marcin Jadczyk,,,574517-11,False,
574517,5806,2026-10-04,morning,HSC,12,2026-10-04 09:20:00,Daniel Kostal,Karol Wisniewski,,,574517-12,False,
574517,5806,2026-10-04,morning,HSC,13,2026-10-04 09:45:00,Kacper Szurlej,Marcin Jadczyk,,,574517-13,False,
574517,5806,2026-10-04,morning,HSC,14,2026-10-04 10:05:00,Petr David,Karol Wisniewski,,,574517-14,False,
574517,5806,2026-10-04,morning,HSC,15,2026-10-04 10:30:00,Krystian Kolodziej,Daniel Kostal,,,574517-15,False,
574515,5805,2026-10-04,morning,OSP,1,2026-10-04 05:00:00,Dariusz Swider,Witold Buczynski,,,574515-1,False,
574515,5805,2026-10-04,morning,OSP,2,2026-10-04 05:25:00,Wojciech Wojtaszczyk,Jakub Jesiek,,,574515-2,False,
574515,5805,2026-10-04,morning,OSP,3,2026-10-04 05:50:00,Rafal Idaczyk,Pawel Polok,,,574515-3,False,
574515,5805,2026-10-04,morning,OSP,4,2026-10-04 06:10:00,Dariusz Swider,Wojciech Wojtaszczyk,,,574515-4,False,
574515,5805,2026-10-04,morning,OSP,5,2026-10-04 06:30:00,Pawel Polok,Witold Buczynski,,,574515-5,False,
574515,5805,2026-10-04,morning,OSP,6,2026-10-04 06:55:00,Rafal Idaczyk,Jakub Jesiek,,,574515-6,False,
574515,5805,2026-10-04,morning,OSP,7,2026-10-04 07:15:00,Wojciech Wojtaszczyk,Witold Buczynski,,,574515-7,False,
574515,5805,2026-10-04,morning,OSP,8,2026-10-04 07:40:00,Dariusz Swider,Rafal Idaczyk,,,574515-8,False,
574515,5805,2026-10-04,morning,OSP,9,2026-10-04 08:05:00,Pawel Polok,Jakub Jesiek,,,574515-9,False,
574515,5805,2026-10-04,morning,OSP,10,2026-10-04 08:30:00,Wojciech Wojtaszczyk,Rafal Idaczyk,,,574515-10,False,
574515,5805,2026-10-04,morning,OSP,11,2026-10-04 08:55:00,Dariusz Swider,Pawel Polok,,,574515-11,False,
574515,5805,2026-10-04,morning,OSP,12,2026-10-04 09:20:00,Jakub Jesiek,Witold Buczynski,,,574515-12,False,
574515,5805,2026-10-04,morning,OSP,13,2026-10-04 09:45:00,Wojciech Wojtaszczyk,Pawel Polok,,,574515-13,False,
574515,5805,2026-10-04,morning,OSP,14,2026-10-04 10:10:00,Rafal Idaczyk,Witold Buczynski,,,574515-14,False,
574515,5805,2026-10-04,morning,OSP,15,2026-10-04 10:35:00,Dariusz Swider,Jakub Jesiek,,,574515-15,False,
574513,5804,2026-10-04,morning,HSC,1,2026-10-04 05:00:00,Marcin Marchlewski,Kacper Makowski,,,574513-1,False,
574513,5804,2026-10-04,morning,HSC,2,2026-10-04 05:20:00,Tadeusz Piotrowski,Piotr Maruszak,,,574513-2,False,
574513,5804,2026-10-04,morning,HSC,3,2026-10-04 05:40:00,Piotr Staniszewski,Mateusz Zagajewski,,,574513-3,False,
574513,5804,2026-10-04,morning,HSC,4,2026-10-04 06:00:00,Marcin Marchlewski,Tadeusz Piotrowski,,,574513-4,False,
574513,5804,2026-10-04,morning,HSC,5,2026-10-04 06:25:00,Mateusz Zagajewski,Kacper Makowski,,,574513-5,False,
574513,5804,2026-10-04,morning,HSC,6,2026-10-04 06:50:00,Piotr Staniszewski,Piotr Maruszak,,,574513-6,False,
574513,5804,2026-10-04,morning,HSC,7,2026-10-04 07:15:00,Tadeusz Piotrowski,Kacper Makowski,,,574513-7,False,
574513,5804,2026-10-04,morning,HSC,8,2026-10-04 07:35:00,Marcin Marchlewski,Piotr Staniszewski,,,574513-8,False,
574513,5804,2026-10-04,morning,HSC,9,2026-10-04 08:00:00,Mateusz Zagajewski,Piotr Maruszak,,,574513-9,False,
574513,5804,2026-10-04,morning,HSC,10,2026-10-04 08:25:00,Tadeusz Piotrowski,Piotr Staniszewski,,,574513-10,False,
574513,5804,2026-10-04,morning,HSC,11,2026-10-04 08:50:00,Marcin Marchlewski,Mateusz Zagajewski,,,574513-11,False,
574513,5804,2026-10-04,morning,HSC,12,2026-10-04 09:15:00,Piotr Maruszak,Kacper Makowski,,,574513-12,False,
574513,5804,2026-10-04,morning,HSC,13,2026-10-04 09:40:00,Tadeusz Piotrowski,Mateusz Zagajewski,,,574513-13,False,
574513,5804,2026-10-04,morning,HSC,14,2026-10-04 10:05:00,Piotr Staniszewski,Kacper Makowski,,,574513-14,False,
574513,5804,2026-10-04,morning,HSC,15,2026-10-04 10:30:00,Marcin Marchlewski,Piotr Maruszak,,,574513-15,False,
574511,5803,2026-10-04,morning,OSP,1,2026-10-04 05:00:00,Artur Szoltysek,Piotr Krukar,,,574511-1,False,
574511,5803,2026-10-04,morning,OSP,2,2026-10-04 05:25:00,Mikolaj Lukaszewski,Adrian Eliasz,,,574511-2,False,
574511,5803,2026-10-04,morning,OSP,3,2026-10-04 05:50:00,Wojciech Iwasyszyn,Bartlomiej Wisniewski,,,574511-3,False,
574511,5803,2026-10-04,morning,OSP,4,2026-10-04 06:10:00,Artur Szoltysek,Mikolaj Lukaszewski,,,574511-4,False,
574511,5803,2026-10-04,morning,OSP,5,2026-10-04 06:30:00,Bartlomiej Wisniewski,Piotr Krukar,,,574511-5,False,
574511,5803,2026-10-04,morning,OSP,6,2026-10-04 06:55:00,Wojciech Iwasyszyn,Adrian Eliasz,,,574511-6,False,
574511,5803,2026-10-04,morning,OSP,7,2026-10-04 07:15:00,Mikolaj Lukaszewski,Piotr Krukar,,,574511-7,False,
574511,5803,2026-10-04,morning,OSP,8,2026-10-04 07:40:00,Artur Szoltysek,Wojciech Iwasyszyn,,,574511-8,False,
574511,5803,2026-10-04,morning,OSP,9,2026-10-04 08:05:00,Bartlomiej Wisniewski,Adrian Eliasz,,,574511-9,False,
574511,5803,2026-10-04,morning,OSP,10,2026-10-04 08:30:00,Mikolaj Lukaszewski,Wojciech Iwasyszyn,,,574511-10,False,
574511,5803,2026-10-04,morning,OSP,11,2026-10-04 08:55:00,Artur Szoltysek,Bartlomiej Wisniewski,,,574511-11,False,
574511,5803,2026-10-04,morning,OSP,12,2026-10-04 09:20:00,Adrian Eliasz,Piotr Krukar,,,574511-12,False,
574511,5803,2026-10-04,morning,OSP,13,2026-10-04 09:40:00,Mikolaj Lukaszewski,Bartlomiej Wisniewski,,,574511-13,False,
574511,5803,2026-10-04,morning,OSP,14,2026-10-04 10:10:00,Wojciech Iwasyszyn,Piotr Krukar,,,574511-14,False,
574511,5803,2026-10-04,morning,OSP,15,2026-10-04 10:35:00,Artur Szoltysek,Adrian Eliasz,,,574511-15,False,
574505,5802,2026-10-04,night,BLACHOWNIA,1,2026-10-04 23:10:00,Michal Guzik,Adam Ruszkiewicz,,,574505-1,False,
574505,5802,2026-10-04,night,BLACHOWNIA,2,2026-10-04 23:35:00,Grzegorz Sawicki,Piotr Ostachowski,,,574505-2,False,
574505,5802,2026-10-04,night,BLACHOWNIA,3,2026-10-04 00:00:00,Mateusz Sikon,Mariusz Adamus,,,574505-3,False,
574505,5802,2026-10-04,night,BLACHOWNIA,4,2026-10-04 00:25:00,Michal Guzik,Grzegorz Sawicki,,,574505-4,False,
574505,5802,2026-10-04,night,BLACHOWNIA,5,2026-10-04 00:50:00,Mariusz Adamus,Adam Ruszkiewicz,,,574505-5,False,
574505,5802,2026-10-04,night,BLACHOWNIA,6,2026-10-04 01:10:00,Mateusz Sikon,Piotr Ostachowski,,,574505-6,False,
574505,5802,2026-10-04,night,BLACHOWNIA,7,2026-10-04 01:35:00,Grzegorz Sawicki,Adam Ruszkiewicz,,,574505-7,False,
574505,5802,2026-10-04,night,BLACHOWNIA,8,2026-10-04 02:00:00,Michal Guzik,Mateusz Sikon,,,574505-8,False,
574505,5802,2026-10-04,night,BLACHOWNIA,9,2026-10-04 02:25:00,Mariusz Adamus,Piotr Ostachowski,,,574505-9,False,
574505,5802,2026-10-04,night,BLACHOWNIA,10,2026-10-04 02:45:00,Grzegorz Sawicki,Mateusz Sikon,,,574505-10,False,
574505,5802,2026-10-04,night,BLACHOWNIA,11,2026-10-04 03:10:00,Michal Guzik,Mariusz Adamus,,,574505-11,False,
574505,5802,2026-10-04,night,BLACHOWNIA,12,2026-10-04 03:35:00,Piotr Ostachowski,Adam Ruszkiewicz,,,574505-12,False,
574505,5802,2026-10-04,night,BLACHOWNIA,13,2026-10-04 04:00:00,Grzegorz Sawicki,Mariusz Adamus,,,574505-13,False,
574505,5802,2026-10-04,night,BLACHOWNIA,14,2026-10-04 04:20:00,Mateusz Sikon,Adam Ruszkiewicz,,,574505-14,False,
574505,5802,2026-10-04,night,BLACHOWNIA,15,2026-10-04 04:45:00,Michal Guzik,Piotr Ostachowski,,,574505-15,False,
574503,5801,2026-10-04,evening,BLACHOWNIA,1,2026-10-04 17:10:00,Mateusz Sikon,Adam Ruszkiewicz,,,574503-1,False,
574503,5801,2026-10-04,evening,BLACHOWNIA,2,2026-10-04 17:35:00,Grzegorz Sawicki,Piotr Ostachowski,,,574503-2,False,
574503,5801,2026-10-04,evening,BLACHOWNIA,3,2026-10-04 18:00:00,Mariusz Adamus,Michal Guzik,,,574503-3,False,
574503,5801,2026-10-04,evening,BLACHOWNIA,4,2026-10-04 18:25:00,Mateusz Sikon,Grzegorz Sawicki,,,574503-4,False,
574503,5801,2026-10-04,evening,BLACHOWNIA,5,2026-10-04 18:50:00,Michal Guzik,Adam Ruszkiewicz,,,574503-5,False,
574503,5801,2026-10-04,evening,BLACHOWNIA,6,2026-10-04 19:10:00,Mariusz Adamus,Piotr Ostachowski,,,574503-6,False,
574503,5801,2026-10-04,evening,BLACHOWNIA,7,2026-10-04 19:35:00,Grzegorz Sawicki,Adam Ruszkiewicz,,,574503-7,False,
574503,5801,2026-10-04,evening,BLACHOWNIA,8,2026-10-04 20:00:00,Mateusz Sikon,Mariusz Adamus,,,574503-8,False,
574503,5801,2026-10-04,evening,BLACHOWNIA,9,2026-10-04 20:25:00,Michal Guzik,Piotr Ostachowski,,,574503-9,False,
574503,5801,2026-10-04,evening,BLACHOWNIA,10,2026-10-04 20:45:00,Grzegorz Sawicki,Mariusz Adamus,,,574503-10,False,
574503,5801,2026-10-04,evening,BLACHOWNIA,11,2026-10-04 21:10:00,Mateusz Sikon,Michal Guzik,,,574503-11,False,
574503,5801,2026-10-04,evening,BLACHOWNIA,12,2026-10-04 21:35:00,Piotr Ostachowski,Adam Ruszkiewicz,,,574503-12,False,
574503,5801,2026-10-04,evening,BLACHOWNIA,13,2026-10-04 22:00:00,Grzegorz Sawicki,Michal Guzik,,,574503-13,False,
574503,5801,2026-10-04,evening,BLACHOWNIA,14,2026-10-04 22:20:00,Mariusz Adamus,Adam Ruszkiewicz,,,574503-14,False,
574503,5801,2026-10-04,evening,BLACHOWNIA,15,2026-10-04 22:45:00,Mateusz Sikon,Piotr Ostachowski,,,574503-15,False,
574501,5800,2026-10-04,morning,BLACHOWNIA,1,2026-10-04 05:10:00,Wojciech Pytlas,Piotr Zemla,,,574501-1,False,
574501,5800,2026-10-04,morning,BLACHOWNIA,2,2026-10-04 05:35:00,Waldemar Jozala,Krzysztof Juszczyk,,,574501-2,False,
574501,5800,2026-10-04,morning,BLACHOWNIA,3,2026-10-04 06:00:00,Mariusz Koczyba,Henryk Tkaczyk,,,574501-3,False,
574501,5800,2026-10-04,morning,BLACHOWNIA,4,2026-10-04 06:25:00,Wojciech Pytlas,Waldemar Jozala,,,574501-4,False,
574501,5800,2026-10-04,morning,BLACHOWNIA,5,2026-10-04 06:50:00,Henryk Tkaczyk,Piotr Zemla,,,574501-5,False,
574501,5800,2026-10-04,morning,BLACHOWNIA,6,2026-10-04 07:10:00,Mariusz Koczyba,Krzysztof Juszczyk,,,574501-6,False,
574501,5800,2026-10-04,morning,BLACHOWNIA,7,2026-10-04 07:35:00,Waldemar Jozala,Piotr Zemla,,,574501-7,False,
574501,5800,2026-10-04,morning,BLACHOWNIA,8,2026-10-04 08:00:00,Wojciech Pytlas,Mariusz Koczyba,,,574501-8,False,
574501,5800,2026-10-04,morning,BLACHOWNIA,9,2026-10-04 08:25:00,Henryk Tkaczyk,Krzysztof Juszczyk,,,574501-9,False,
574501,5800,2026-10-04,morning,BLACHOWNIA,10,2026-10-04 08:45:00,Waldemar Jozala,Mariusz Koczyba,,,574501-10,False,
574501,5800,2026-10-04,morning,BLACHOWNIA,11,2026-10-04 09:10:00,Wojciech Pytlas,Henryk Tkaczyk,,,574501-11,False,
574501,5800,2026-10-04,morning,BLACHOWNIA,12,2026-10-04 09:35:00,Krzysztof Juszczyk,Piotr Zemla,,,574501-12,False,
574501,5800,2026-10-04,morning,BLACHOWNIA,13,2026-10-04 10:00:00,Waldemar Jozala,Henryk Tkaczyk,,,574501-13,False,
574501,5800,2026-10-04,morning,BLACHOWNIA,14,2026-10-04 10:20:00,Mariusz Koczyba,Piotr Zemla,,,574501-14,False,
574501,5800,2026-10-04,morning,BLACHOWNIA,15,2026-10-04 10:45:00,Wojciech Pytlas,Krzysztof Juszczyk,,,574501-15,False,
574499,5799,2026-10-04,evening,POCZESNA,1,2026-10-04 19:30:00,Pawel Kurek,Wojciech Urban,,,574499-1,False,
574499,5799,2026-10-04,evening,POCZESNA,2,2026-10-04 19:55:00,Jakub Nowak,Piotr Gumulinski,,,574499-2,False,
574499,5799,2026-10-04,evening,POCZESNA,3,2026-10-04 20:20:00,Kamil Kowalski,Dawid Dytko,,,574499-3,False,
574499,5799,2026-10-04,evening,POCZESNA,4,2026-10-04 20:45:00,Pawel Kurek,Jakub Nowak,,,574499-4,False,
574499,5799,2026-10-04,evening,POCZESNA,5,2026-10-04 21:10:00,Dawid Dytko,Wojciech Urban,,,574499-5,False,
574499,5799,2026-10-04,evening,POCZESNA,6,2026-10-04 21:30:00,Kamil Kowalski,Piotr Gumulinski,,,574499-6,False,
574499,5799,2026-10-04,evening,POCZESNA,7,2026-10-04 21:55:00,Jakub Nowak,Wojciech Urban,,,574499-7,False,
574499,5799,2026-10-04,evening,POCZESNA,8,2026-10-04 22:20:00,Pawel Kurek,Kamil Kowalski,,,574499-8,False,
574499,5799,2026-10-04,evening,POCZESNA,9,2026-10-04 22:45:00,Dawid Dytko,Piotr Gumulinski,,,574499-9,False,
574499,5799,2026-10-04,evening,POCZESNA,10,2026-10-04 23:05:00,Jakub Nowak,Kamil Kowalski,,,574499-10,False,
574499,5799,2026-10-04,evening,POCZESNA,11,2026-10-04 23:30:00,Pawel Kurek,Dawid Dytko,,,574499-11,False,
574499,5799,2026-10-04,evening,POCZESNA,12,2026-10-04 23:55:00,Piotr Gumulinski,Wojciech Urban,,,574499-12,False,
574499,5799,2026-10-04,evening,POCZESNA,13,2026-10-04 00:20:00,Jakub Nowak,Dawid Dytko,,,574499-13,False,
574499,5799,2026-10-04,evening,POCZESNA,14,2026-10-04 00:40:00,Kamil Kowalski,Wojciech Urban,,,574499-14,False,
574499,5799,2026-10-04,evening,POCZESNA,15,2026-10-04 01:05:00,Pawel Kurek,Piotr Gumulinski,,,574499-15,False,
574497,5798,2026-10-04,afternoon,POCZESNA,1,2026-10-04 13:30:00,Sebastian Szostok,Michal Oracz,,,574497-1,False,
574497,5798,2026-10-04,afternoon,POCZESNA,2,2026-10-04 13:55:00,Lukasz Oracz,Igor Szymanski,,,574497-2,False,
574497,5798,2026-10-04,afternoon,POCZESNA,3,2026-10-04 14:20:00,Maciej Malecha,Patryk Jedrzejak,,,574497-3,False,
574497,5798,2026-10-04,afternoon,POCZESNA,4,2026-10-04 14:45:00,Sebastian Szostok,Lukasz Oracz,,,574497-4,False,
574497,5798,2026-10-04,afternoon,POCZESNA,5,2026-10-04 15:10:00,Patryk Jedrzejak,Michal Oracz,,,574497-5,False,
574497,5798,2026-10-04,afternoon,POCZESNA,6,2026-10-04 15:30:00,Maciej Malecha,Igor Szymanski,,,574497-6,False,
574497,5798,2026-10-04,afternoon,POCZESNA,7,2026-10-04 15:55:00,Lukasz Oracz,Michal Oracz,,,574497-7,False,
574497,5798,2026-10-04,afternoon,POCZESNA,8,2026-10-04 16:20:00,Sebastian Szostok,Maciej Malecha,,,574497-8,False,
574497,5798,2026-10-04,afternoon,POCZESNA,9,2026-10-04 16:45:00,Patryk Jedrzejak,Igor Szymanski,,,574497-9,False,
574497,5798,2026-10-04,afternoon,POCZESNA,10,2026-10-04 17:05:00,Lukasz Oracz,Maciej Malecha,,,574497-10,False,
574497,5798,2026-10-04,afternoon,POCZESNA,11,2026-10-04 17:30:00,Sebastian Szostok,Patryk Jedrzejak,,,574497-11,False,
574497,5798,2026-10-04,afternoon,POCZESNA,12,2026-10-04 17:55:00,Igor Szymanski,Michal Oracz,,,574497-12,False,
574497,5798,2026-10-04,afternoon,POCZESNA,13,2026-10-04 18:20:00,Lukasz Oracz,Patryk Jedrzejak,,,574497-13,False,
574497,5798,2026-10-04,afternoon,POCZESNA,14,2026-10-04 18:40:00,Maciej Malecha,Michal Oracz,,,574497-14,False,
574497,5798,2026-10-04,afternoon,POCZESNA,15,2026-10-04 19:05:00,Sebastian Szostok,Igor Szymanski,,,574497-15,False,
574495,5797,2026-10-04,morning,POCZESNA,1,2026-10-04 07:30:00,Patryk Jedrzejak,Michal Oracz,,,574495-1,False,
574495,5797,2026-10-04,morning,POCZESNA,2,2026-10-04 07:55:00,Lukasz Oracz,Igor Szymanski,,,574495-2,False,
574495,5797,2026-10-04,morning,POCZESNA,3,2026-10-04 08:20:00,Maciej Malecha,Sebastian Szostok,,,574495-3,False,
574495,5797,2026-10-04,morning,POCZESNA,4,2026-10-04 08:45:00,Patryk Jedrzejak,Lukasz Oracz,,,574495-4,False,
574495,5797,2026-10-04,morning,POCZESNA,5,2026-10-04 09:10:00,Sebastian Szostok,Michal Oracz,,,574495-5,False,
574495,5797,2026-10-04,morning,POCZESNA,6,2026-10-04 09:30:00,Maciej Malecha,Igor Szymanski,,,574495-6,False,
574495,5797,2026-10-04,morning,POCZESNA,7,2026-10-04 09:55:00,Lukasz Oracz,Michal Oracz,,,574495-7,False,
574495,5797,2026-10-04,morning,POCZESNA,8,2026-10-04 10:20:00,Patryk Jedrzejak,Maciej Malecha,,,574495-8,False,
574495,5797,2026-10-04,morning,POCZESNA,9,2026-10-04 10:45:00,Sebastian Szostok,Igor Szymanski,,,574495-9,False,
574495,5797,2026-10-04,morning,POCZESNA,10,2026-10-04 11:05:00,Lukasz Oracz,Maciej Malecha,,,574495-10,False,
574495,5797,2026-10-04,morning,POCZESNA,11,2026-10-04 11:30:00,Patryk Jedrzejak,Sebastian Szostok,,,574495-11,False,
574495,5797,2026-10-04,morning,POCZESNA,12,2026-10-04 11:55:00,Igor Szymanski,Michal Oracz,,,574495-12,False,
574495,5797,2026-10-04,morning,POCZESNA,13,2026-10-04 12:20:00,Lukasz Oracz,Sebastian Szostok,,,574495-13,False,
574495,5797,2026-10-04,morning,POCZESNA,14,2026-10-04 12:40:00,Maciej Malecha,Michal Oracz,,,574495-14,False,
574495,5797,2026-10-04,morning,POCZESNA,15,2026-10-04 13:05:00,Patryk Jedrzejak,Igor Szymanski,,,574495-15,False,
574490,5796,2026-10-03,night,POCZESNA,1,2026-10-03 01:30:00,Michal Durda,Mateusz Sikon,3.0,1.0,574490-1,True,a
574490,5796,2026-10-03,night,POCZESNA,2,2026-10-03 01:55:00,Robert Szymik,Jaroslaw Badura,,,574490-2,False,
574490,5796,2026-10-03,night,POCZESNA,3,2026-10-03 02:20:00,Grzegorz Sawicki,Roman Wiza,,,574490-3,False,
574490,5796,2026-10-03,night,POCZESNA,4,2026-10-03 02:45:00,Michal Durda,Robert Szymik,,,574490-4,False,
574490,5796,2026-10-03,night,POCZESNA,5,2026-10-03 03:10:00,Roman Wiza,Mateusz Sikon,,,574490-5,False,
574490,5796,2026-10-03,night,POCZESNA,6,2026-10-03 03:30:00,Grzegorz Sawicki,Jaroslaw Badura,,,574490-6,False,
574490,5796,2026-10-03,night,POCZESNA,7,2026-10-03 03:55:00,Robert Szymik,Mateusz Sikon,,,574490-7,False,
574490,5796,2026-10-03,night,POCZESNA,8,2026-10-03 04:20:00,Michal Durda,Grzegorz Sawicki,,,574490-8,False,
574490,5796,2026-10-03,night,POCZESNA,9,2026-10-03 04:45:00,Roman Wiza,Jaroslaw Badura,,,574490-9,False,
574490,5796,2026-10-03,night,POCZESNA,10,2026-10-03 05:05:00,Robert Szymik,Grzegorz Sawicki,,,574490-10,False,
574490,5796,2026-10-03,night,POCZESNA,11,2026-10-03 05:30:00,Michal Durda,Roman Wiza,,,574490-11,False,
574490,5796,2026-10-03,night,POCZESNA,12,2026-10-03 05:55:00,Jaroslaw Badura,Mateusz Sikon,,,574490-12,False,
574490,5796,2026-10-03,night,POCZESNA,13,2026-10-03 06:20:00,Robert Szymik,Roman Wiza,,,574490-13,False,
574490,5796,2026-10-03,night,POCZESNA,14,2026-10-03 06:40:00,Grzegorz Sawicki,Mateusz Sikon,,,574490-14,False,
574490,5796,2026-10-03,night,POCZESNA,15,2026-10-03 07:05:00,Michal Durda,Jaroslaw Badura,,,574490-15,False,
574233,5795,2026-10-03,night,HSC,1,2026-10-03 23:00:00,Maciej Kolek,Maciej Makajew,3.0,1.0,574233-1,True,a
574233,5795,2026-10-03,night,HSC,2,2026-10-03 23:25:00,Milosz Kukawka,Szymon Brud,0.0,3.0,574233-2,True,b
574233,5795,2026-10-03,night,HSC,3,2026-10-03 23:50:00,Milosz Kukawka,Bartek Sulkowski,3.0,0.0,574233-3,True,a
574233,5795,2026-10-03,night,HSC,4,2026-10-03 00:10:00,Maciej Makajew,Szymon Brud,3.0,1.0,574233-4,True,a
574233,5795,2026-10-03,night,HSC,5,2026-10-03 00:35:00,Bartek Sulkowski,Maciej Makajew,1.0,3.0,574233-5,True,b
574233,5795,2026-10-03,night,HSC,6,2026-10-03 00:55:00,Maciej Kolek,Szymon Brud,1.0,3.0,574233-6,True,b
574233,5795,2026-10-03,night,HSC,7,2026-10-03 01:20:00,Milosz Kukawka,Maciej Makajew,0.0,3.0,574233-7,True,b
574233,5795,2026-10-03,night,HSC,8,2026-10-03 01:45:00,Maciej Kolek,Bartek Sulkowski,3.0,1.0,574233-8,True,a
574233,5795,2026-10-03,night,HSC,9,2026-10-03 02:10:00,Milosz Kukawka,Maciej Kolek,,,574233-9,False,
574233,5795,2026-10-03,night,HSC,10,2026-10-03 02:35:00,Bartek Sulkowski,Szymon Brud,,,574233-10,False,
574067,5794,2026-10-03,night,OSP,1,2026-10-03 23:00:00,Dawid Pyrek,Mateusz Karpiuk,0.0,3.0,574067-1,True,b
574067,5794,2026-10-03,night,OSP,2,2026-10-03 23:20:00,Piotr Gesiarz,Andriej Fomin,0.0,3.0,574067-2,True,b
574067,5794,2026-10-03,night,OSP,3,2026-10-03 23:45:00,Dariusz Maszczynski,Grzegorz Mucha,3.0,1.0,574067-3,True,a
574067,5794,2026-10-03,night,OSP,4,2026-10-03 00:10:00,Dawid Pyrek,Piotr Gesiarz,3.0,1.0,574067-4,True,a
574067,5794,2026-10-03,night,OSP,5,2026-10-03 00:35:00,Grzegorz Mucha,Mateusz Karpiuk,3.0,2.0,574067-5,True,a
574067,5794,2026-10-03,night,OSP,6,2026-10-03 00:55:00,Dariusz Maszczynski,Andriej Fomin,0.0,3.0,574067-6,True,b
574067,5794,2026-10-03,night,OSP,7,2026-10-03 01:20:00,Piotr Gesiarz,Mateusz Karpiuk,3.0,1.0,574067-7,True,a
574067,5794,2026-10-03,night,OSP,8,2026-10-03 01:45:00,Dawid Pyrek,Dariusz Maszczynski,2.0,3.0,574067-8,True,b
574067,5794,2026-10-03,night,OSP,9,2026-10-03 02:10:00,Grzegorz Mucha,Andriej Fomin,,,574067-9,False,
574067,5794,2026-10-03,night,OSP,10,2026-10-03 02:35:00,Piotr Gesiarz,Dariusz Maszczynski,,,574067-10,False,
574067,5794,2026-10-03,night,OSP,11,2026-10-03 03:00:00,Dawid Pyrek,Grzegorz Mucha,,,574067-11,False,
574067,5794,2026-10-03,night,OSP,12,2026-10-03 03:25:00,Andriej Fomin,Mateusz Karpiuk,,,574067-12,False,
574067,5794,2026-10-03,night,OSP,13,2026-10-03 03:45:00,Piotr Gesiarz,Grzegorz Mucha,,,574067-13,False,
574067,5794,2026-10-03,night,OSP,14,2026-10-03 04:10:00,Dariusz Maszczynski,Mateusz Karpiuk,,,574067-14,False,
574067,5794,2026-10-03,night,OSP,15,2026-10-03 04:35:00,Dawid Pyrek,Andriej Fomin,,,574067-15,False,
574065,5793,2026-10-03,night,OSP,1,2026-10-03 23:05:00,Mateusz Trela,Arkadiusz Mugowski,3.0,0.0,574065-1,True,a
574065,5793,2026-10-03,night,OSP,2,2026-10-03 23:30:00,Karol Sulkowski,Dawid Poloszczanski,0.0,3.0,574065-2,True,b
574065,5793,2026-10-03,night,OSP,3,2026-10-03 23:55:00,Karol Sulkowski,Rafal Stapor,3.0,2.0,574065-3,True,a
574065,5793,2026-10-03,night,OSP,4,2026-10-03 00:15:00,Arkadiusz Mugowski,Dawid Poloszczanski,1.0,3.0,574065-4,True,b
574065,5793,2026-10-03,night,OSP,5,2026-10-03 00:35:00,Rafal Stapor,Arkadiusz Mugowski,3.0,1.0,574065-5,True,a
574065,5793,2026-10-03,night,OSP,6,2026-10-03 00:55:00,Mateusz Trela,Dawid Poloszczanski,2.0,3.0,574065-6,True,b
574065,5793,2026-10-03,night,OSP,7,2026-10-03 01:20:00,Karol Sulkowski,Arkadiusz Mugowski,0.0,3.0,574065-7,True,b
574065,5793,2026-10-03,night,OSP,8,2026-10-03 01:45:00,Mateusz Trela,Rafal Stapor,3.0,1.0,574065-8,True,a
574065,5793,2026-10-03,night,OSP,9,2026-10-03 02:10:00,Karol Sulkowski,Mateusz Trela,,,574065-9,False,
574065,5793,2026-10-03,night,OSP,10,2026-10-03 02:35:00,Rafal Stapor,Dawid Poloszczanski,,,574065-10,False,
574063,5792,2026-10-03,evening,HSC,1,2026-10-03 17:00:00,Maciej Makajew,Rafal Stapor,3,1,574063-1,True,a
574063,5792,2026-10-03,evening,HSC,2,2026-10-03 17:25:00,Milosz Kukawka,Maciej Kolek,1,3,574063-2,True,b
574063,5792,2026-10-03,evening,HSC,3,2026-10-03 17:45:00,Szymon Brud,Bartek Sulkowski,3,0,574063-3,True,a
574063,5792,2026-10-03,evening,HSC,4,2026-10-03 18:05:00,Maciej Makajew,Milosz Kukawka,1,3,574063-4,True,b
574063,5792,2026-10-03,evening,HSC,5,2026-10-03 18:30:00,Bartek Sulkowski,Rafal Stapor,2,3,574063-5,True,b
574063,5792,2026-10-03,evening,HSC,6,2026-10-03 18:55:00,Szymon Brud,Maciej Kolek,1,3,574063-6,True,b
574063,5792,2026-10-03,evening,HSC,7,2026-10-03 19:20:00,Milosz Kukawka,Rafal Stapor,3,0,574063-7,True,a
574063,5792,2026-10-03,evening,HSC,8,2026-10-03 19:40:00,Maciej Makajew,Szymon Brud,2,3,574063-8,True,b
574063,5792,2026-10-03,evening,HSC,9,2026-10-03 20:05:00,Bartek Sulkowski,Maciej Kolek,0,3,574063-9,True,b
574063,5792,2026-10-03,evening,HSC,10,2026-10-03 20:30:00,Milosz Kukawka,Szymon Brud,2,3,574063-10,True,b
574063,5792,2026-10-03,evening,HSC,11,2026-10-03 20:50:00,Maciej Makajew,Bartek Sulkowski,2,3,574063-11,True,b
574063,5792,2026-10-03,evening,HSC,12,2026-10-03 21:15:00,Maciej Kolek,Rafal Stapor,3,2,574063-12,True,a
574063,5792,2026-10-03,evening,HSC,13,2026-10-03 21:40:00,Milosz Kukawka,Bartek Sulkowski,3,1,574063-13,True,a
574063,5792,2026-10-03,evening,HSC,14,2026-10-03 22:05:00,Szymon Brud,Rafal Stapor,3,2,574063-14,True,a
574063,5792,2026-10-03,evening,HSC,15,2026-10-03 22:30:00,Maciej Makajew,Maciej Kolek,1,3,574063-15,True,b
574061,5791,2026-10-03,evening,OSP,1,2026-10-03 17:00:00,Grzegorz Mucha,Mateusz Karpiuk,3,2,574061-1,True,a
574061,5791,2026-10-03,evening,OSP,2,2026-10-03 17:25:00,Piotr Gesiarz,Andriej Fomin,1,3,574061-2,True,b
574061,5791,2026-10-03,evening,OSP,3,2026-10-03 17:50:00,Dariusz Maszczynski,Dawid Pyrek,2,3,574061-3,True,b
574061,5791,2026-10-03,evening,OSP,4,2026-10-03 18:15:00,Grzegorz Mucha,Piotr Gesiarz,2,3,574061-4,True,b
574061,5791,2026-10-03,evening,OSP,5,2026-10-03 18:35:00,Dawid Pyrek,Mateusz Karpiuk,3,2,574061-5,True,a
574061,5791,2026-10-03,evening,OSP,6,2026-10-03 18:55:00,Dariusz Maszczynski,Andriej Fomin,2,3,574061-6,True,b
574061,5791,2026-10-03,evening,OSP,7,2026-10-03 19:20:00,Piotr Gesiarz,Mateusz Karpiuk,2,3,574061-7,True,b
574061,5791,2026-10-03,evening,OSP,8,2026-10-03 19:45:00,Grzegorz Mucha,Dariusz Maszczynski,2,3,574061-8,True,b
574061,5791,2026-10-03,evening,OSP,9,2026-10-03 20:10:00,Dawid Pyrek,Andriej Fomin,2,3,574061-9,True,b
574061,5791,2026-10-03,evening,OSP,10,2026-10-03 20:30:00,Piotr Gesiarz,Dariusz Maszczynski,3,0,574061-10,True,a
574061,5791,2026-10-03,evening,OSP,11,2026-10-03 20:55:00,Grzegorz Mucha,Dawid Pyrek,3,0,574061-11,True,a
574061,5791,2026-10-03,evening,OSP,12,2026-10-03 21:20:00,Andriej Fomin,Mateusz Karpiuk,3,2,574061-12,True,a
574061,5791,2026-10-03,evening,OSP,13,2026-10-03 21:40:00,Piotr Gesiarz,Dawid Pyrek,1,3,574061-13,True,b
574061,5791,2026-10-03,evening,OSP,14,2026-10-03 22:05:00,Dariusz Maszczynski,Mateusz Karpiuk,2,3,574061-14,True,b
574061,5791,2026-10-03,evening,OSP,15,2026-10-03 22:30:00,Grzegorz Mucha,Andriej Fomin,3,0,574061-15,True,a
574058,5790,2026-10-03,evening,OSP,1,2026-10-03 17:00:00,Karol Sulkowski,Mateusz Trela,3,2,574058-1,True,a
574058,5790,2026-10-03,evening,OSP,2,2026-10-03 17:25:00,Adrian Eliasz,Arkadiusz Mugowski,3,1,574058-2,True,a
574058,5790,2026-10-03,evening,OSP,3,2026-10-03 17:50:00,Dawid Poloszczanski,Michal Skorski,1,3,574058-3,True,b
574058,5790,2026-10-03,evening,OSP,4,2026-10-03 18:15:00,Karol Sulkowski,Adrian Eliasz,1,3,574058-4,True,b
574058,5790,2026-10-03,evening,OSP,5,2026-10-03 18:35:00,Michal Skorski,Mateusz Trela,3,0,574058-5,True,a
574058,5790,2026-10-03,evening,OSP,6,2026-10-03 18:55:00,Dawid Poloszczanski,Arkadiusz Mugowski,1,3,574058-6,True,b
574058,5790,2026-10-03,evening,OSP,7,2026-10-03 19:20:00,Adrian Eliasz,Mateusz Trela,0,3,574058-7,True,b
574058,5790,2026-10-03,evening,OSP,8,2026-10-03 19:45:00,Karol Sulkowski,Dawid Poloszczanski,3,0,574058-8,True,a
574058,5790,2026-10-03,evening,OSP,9,2026-10-03 20:10:00,Michal Skorski,Arkadiusz Mugowski,0,3,574058-9,True,b
574058,5790,2026-10-03,evening,OSP,10,2026-10-03 20:30:00,Adrian Eliasz,Dawid Poloszczanski,3,2,574058-10,True,a
574058,5790,2026-10-03,evening,OSP,11,2026-10-03 20:55:00,Karol Sulkowski,Michal Skorski,3,1,574058-11,True,a
574058,5790,2026-10-03,evening,OSP,12,2026-10-03 21:20:00,Arkadiusz Mugowski,Mateusz Trela,3,1,574058-12,True,a
574058,5790,2026-10-03,evening,OSP,13,2026-10-03 21:40:00,Adrian Eliasz,Michal Skorski,3,0,574058-13,True,a
574058,5790,2026-10-03,evening,OSP,14,2026-10-03 22:05:00,Dawid Poloszczanski,Mateusz Trela,1,3,574058-14,True,b
574058,5790,2026-10-03,evening,OSP,15,2026-10-03 22:30:00,Karol Sulkowski,Arkadiusz Mugowski,0,3,574058-15,True,b
574056,5789,2026-10-03,afternoon,HSC,1,2026-10-03 11:00:00,Marcin Marchlewski,Adam Linek,2,3,574056-1,True,b
574056,5789,2026-10-03,afternoon,HSC,2,2026-10-03 11:20:00,Igor Dabrowski,Mateusz Misiak,3,2,574056-2,True,a
574056,5789,2026-10-03,afternoon,HSC,3,2026-10-03 11:40:00,Adrian Myszewski,Bartlomiej Mleczko,3,2,574056-3,True,a
574056,5789,2026-10-03,afternoon,HSC,4,2026-10-03 12:00:00,Marcin Marchlewski,Igor Dabrowski,3,2,574056-4,True,a
574056,5789,2026-10-03,afternoon,HSC,5,2026-10-03 12:25:00,Bartlomiej Mleczko,Adam Linek,2,3,574056-5,True,b
574056,5789,2026-10-03,afternoon,HSC,6,2026-10-03 12:50:00,Adrian Myszewski,Mateusz Misiak,3,1,574056-6,True,a
574056,5789,2026-10-03,afternoon,HSC,7,2026-10-03 13:15:00,Igor Dabrowski,Adam Linek,3,1,574056-7,True,a
574056,5789,2026-10-03,afternoon,HSC,8,2026-10-03 13:40:00,Marcin Marchlewski,Adrian Myszewski,3,0,574056-8,True,a
574056,5789,2026-10-03,afternoon,HSC,9,2026-10-03 14:05:00,Bartlomiej Mleczko,Mateusz Misiak,3,2,574056-9,True,a
574056,5789,2026-10-03,afternoon,HSC,10,2026-10-03 14:30:00,Igor Dabrowski,Adrian Myszewski,3,1,574056-10,True,a
574056,5789,2026-10-03,afternoon,HSC,11,2026-10-03 14:55:00,Marcin Marchlewski,Bartlomiej Mleczko,1,3,574056-11,True,b
574056,5789,2026-10-03,afternoon,HSC,12,2026-10-03 15:20:00,Mateusz Misiak,Adam Linek,0,3,574056-12,True,b
574056,5789,2026-10-03,afternoon,HSC,13,2026-10-03 15:45:00,Igor Dabrowski,Bartlomiej Mleczko,0,3,574056-13,True,b
574056,5789,2026-10-03,afternoon,HSC,14,2026-10-03 16:10:00,Adrian Myszewski,Adam Linek,3,1,574056-14,True,a
574056,5789,2026-10-03,afternoon,HSC,15,2026-10-03 16:35:00,Marcin Marchlewski,Mateusz Misiak,0,3,574056-15,True,b
574054,5788,2026-10-03,afternoon,OSP,1,2026-10-03 11:00:00,Stanislaw Sojka,Jakub Jesiek,1,3,574054-1,True,b
574054,5788,2026-10-03,afternoon,OSP,2,2026-10-03 11:25:00,Lukasz Bernacki,Oskar Sokolowski,3,2,574054-2,True,a
574054,5788,2026-10-03,afternoon,OSP,3,2026-10-03 11:50:00,Pawel Polok,Wojciech Wojtaszczyk,3,2,574054-3,True,a
574054,5788,2026-10-03,afternoon,OSP,4,2026-10-03 12:10:00,Stanislaw Sojka,Lukasz Bernacki,3,0,574054-4,True,a
574054,5788,2026-10-03,afternoon,OSP,5,2026-10-03 12:35:00,Wojciech Wojtaszczyk,Jakub Jesiek,2,3,574054-5,True,b
574054,5788,2026-10-03,afternoon,OSP,6,2026-10-03 13:00:00,Pawel Polok,Oskar Sokolowski,3,2,574054-6,True,a
574054,5788,2026-10-03,afternoon,OSP,7,2026-10-03 13:25:00,Lukasz Bernacki,Jakub Jesiek,0,3,574054-7,True,b
574054,5788,2026-10-03,afternoon,OSP,8,2026-10-03 13:50:00,Stanislaw Sojka,Pawel Polok,1,3,574054-8,True,b
574054,5788,2026-10-03,afternoon,OSP,9,2026-10-03 14:15:00,Wojciech Wojtaszczyk,Oskar Sokolowski,3,0,574054-9,True,a
574054,5788,2026-10-03,afternoon,OSP,10,2026-10-03 14:40:00,Lukasz Bernacki,Pawel Polok,1,3,574054-10,True,b
574054,5788,2026-10-03,afternoon,OSP,11,2026-10-03 15:05:00,Stanislaw Sojka,Wojciech Wojtaszczyk,3,1,574054-11,True,a
574054,5788,2026-10-03,afternoon,OSP,12,2026-10-03 15:30:00,Oskar Sokolowski,Jakub Jesiek,1,3,574054-12,True,b
574054,5788,2026-10-03,afternoon,OSP,13,2026-10-03 15:55:00,Lukasz Bernacki,Wojciech Wojtaszczyk,1,3,574054-13,True,b
574054,5788,2026-10-03,afternoon,OSP,14,2026-10-03 16:20:00,Pawel Polok,Jakub Jesiek,3,1,574054-14,True,a
574054,5788,2026-10-03,afternoon,OSP,15,2026-10-03 16:40:00,Stanislaw Sojka,Oskar Sokolowski,3,0,574054-15,True,a
574052,5787,2026-10-03,afternoon,HSC,1,2026-10-03 11:00:00,Kacper Makowski,Michal Skorski,3,1,574052-1,True,a
574052,5787,2026-10-03,afternoon,HSC,2,2026-10-03 11:20:00,Tadeusz Piotrowski,Piotr Maruszak,2,3,574052-2,True,b
574052,5787,2026-10-03,afternoon,HSC,3,2026-10-03 11:45:00,Mikolaj Lukaszewski,Maciej Sinicki,3,0,574052-3,True,a
574052,5787,2026-10-03,afternoon,HSC,4,2026-10-03 12:05:00,Kacper Makowski,Tadeusz Piotrowski,0,3,574052-4,True,b
574052,5787,2026-10-03,afternoon,HSC,5,2026-10-03 12:30:00,Maciej Sinicki,Michal Skorski,3,2,574052-5,True,a
574052,5787,2026-10-03,afternoon,HSC,6,2026-10-03 12:55:00,Mikolaj Lukaszewski,Piotr Maruszak,0,3,574052-6,True,b
574052,5787,2026-10-03,afternoon,HSC,7,2026-10-03 13:20:00,Tadeusz Piotrowski,Michal Skorski,3,0,574052-7,True,a
574052,5787,2026-10-03,afternoon,HSC,8,2026-10-03 13:45:00,Kacper Makowski,Mikolaj Lukaszewski,0,3,574052-8,True,b
574052,5787,2026-10-03,afternoon,HSC,9,2026-10-03 14:10:00,Maciej Sinicki,Piotr Maruszak,3,2,574052-9,True,a
574052,5787,2026-10-03,afternoon,HSC,10,2026-10-03 14:35:00,Tadeusz Piotrowski,Mikolaj Lukaszewski,3,0,574052-10,True,a
574052,5787,2026-10-03,afternoon,HSC,11,2026-10-03 15:00:00,Kacper Makowski,Maciej Sinicki,3,1,574052-11,True,a
574052,5787,2026-10-03,afternoon,HSC,12,2026-10-03 15:25:00,Piotr Maruszak,Michal Skorski,3,2,574052-12,True,a
574052,5787,2026-10-03,afternoon,HSC,13,2026-10-03 15:50:00,Tadeusz Piotrowski,Maciej Sinicki,3,0,574052-13,True,a
574052,5787,2026-10-03,afternoon,HSC,14,2026-10-03 16:15:00,Mikolaj Lukaszewski,Michal Skorski,1,3,574052-14,True,b
574052,5787,2026-10-03,afternoon,HSC,15,2026-10-03 16:35:00,Kacper Makowski,Piotr Maruszak,1,3,574052-15,True,b
574050,5786,2026-10-03,afternoon,OSP,1,2026-10-03 11:00:00,Mariusz Zwolinski,Piotr Krukar,3.0,2.0,574050-1,True,a
574050,5786,2026-10-03,afternoon,OSP,2,2026-10-03 11:25:00,Jaroslaw Rolak,Adrian Eliasz,1.0,3.0,574050-2,True,b
574050,5786,2026-10-03,afternoon,OSP,3,2026-10-03 11:50:00,Michal Durda,Waclaw Suchecki,,,574050-3,False,
574050,5786,2026-10-03,afternoon,OSP,4,2026-10-03 12:10:00,Mariusz Zwolinski,Jaroslaw Rolak,3.0,2.0,574050-4,True,a
574050,5786,2026-10-03,afternoon,OSP,5,2026-10-03 12:35:00,Waclaw Suchecki,Piotr Krukar,0.0,3.0,574050-5,True,b
574050,5786,2026-10-03,afternoon,OSP,6,2026-10-03 14:15:00,Michal Durda,Adrian Eliasz,1.0,3.0,574050-6,True,b
574050,5786,2026-10-03,afternoon,OSP,7,2026-10-03 13:25:00,Jaroslaw Rolak,Piotr Krukar,3.0,1.0,574050-7,True,a
574050,5786,2026-10-03,afternoon,OSP,8,2026-10-03 15:30:00,Mariusz Zwolinski,Michal Durda,3.0,2.0,574050-8,True,a
574050,5786,2026-10-03,afternoon,OSP,9,2026-10-03 13:00:00,Waclaw Suchecki,Adrian Eliasz,3.0,1.0,574050-9,True,a
574050,5786,2026-10-03,afternoon,OSP,10,2026-10-03 14:40:00,Jaroslaw Rolak,Michal Durda,2.0,3.0,574050-10,True,b
574050,5786,2026-10-03,afternoon,OSP,11,2026-10-03 15:05:00,Mariusz Zwolinski,Waclaw Suchecki,3.0,2.0,574050-11,True,a
574050,5786,2026-10-03,afternoon,OSP,12,2026-10-03 13:50:00,Adrian Eliasz,Piotr Krukar,3.0,2.0,574050-12,True,a
574050,5786,2026-10-03,afternoon,OSP,13,2026-10-03 15:55:00,Jaroslaw Rolak,Waclaw Suchecki,1.0,3.0,574050-13,True,b
574050,5786,2026-10-03,afternoon,OSP,14,2026-10-03 16:20:00,Michal Durda,Piotr Krukar,3.0,1.0,574050-14,True,a
574050,5786,2026-10-03,afternoon,OSP,15,2026-10-03 16:40:00,Mariusz Zwolinski,Adrian Eliasz,1.0,3.0,574050-15,True,b
574048,5785,2026-10-03,morning,HSC,1,2026-10-03 05:00:00,Igor Dabrowski,Adam Linek,3,1,574048-1,True,a
574048,5785,2026-10-03,morning,HSC,2,2026-10-03 05:25:00,Karol Kufel,Bartlomiej Mleczko,3,1,574048-2,True,a
574048,5785,2026-10-03,morning,HSC,3,2026-10-03 05:45:00,Mateusz Misiak,Marcin Marchlewski,1,3,574048-3,True,b
574048,5785,2026-10-03,morning,HSC,4,2026-10-03 06:10:00,Igor Dabrowski,Karol Kufel,0,3,574048-4,True,b
574048,5785,2026-10-03,morning,HSC,5,2026-10-03 06:30:00,Marcin Marchlewski,Adam Linek,3,1,574048-5,True,a
574048,5785,2026-10-03,morning,HSC,6,2026-10-03 06:55:00,Mateusz Misiak,Bartlomiej Mleczko,1,3,574048-6,True,b
574048,5785,2026-10-03,morning,HSC,7,2026-10-03 07:15:00,Karol Kufel,Adam Linek,2,3,574048-7,True,b
574048,5785,2026-10-03,morning,HSC,8,2026-10-03 07:40:00,Igor Dabrowski,Mateusz Misiak,3,2,574048-8,True,a
574048,5785,2026-10-03,morning,HSC,9,2026-10-03 08:05:00,Marcin Marchlewski,Bartlomiej Mleczko,3,2,574048-9,True,a
574048,5785,2026-10-03,morning,HSC,10,2026-10-03 08:30:00,Karol Kufel,Mateusz Misiak,3,1,574048-10,True,a
574048,5785,2026-10-03,morning,HSC,11,2026-10-03 08:55:00,Igor Dabrowski,Marcin Marchlewski,1,3,574048-11,True,b
574048,5785,2026-10-03,morning,HSC,12,2026-10-03 09:20:00,Bartlomiej Mleczko,Adam Linek,0,3,574048-12,True,b
574048,5785,2026-10-03,morning,HSC,13,2026-10-03 09:45:00,Karol Kufel,Marcin Marchlewski,3,2,574048-13,True,a
574048,5785,2026-10-03,morning,HSC,14,2026-10-03 10:05:00,Mateusz Misiak,Adam Linek,0,3,574048-14,True,b
574048,5785,2026-10-03,morning,HSC,15,2026-10-03 10:30:00,Igor Dabrowski,Bartlomiej Mleczko,2,3,574048-15,True,b
574046,5784,2026-10-03,morning,OSP,1,2026-10-03 05:00:00,Wojciech Wojtaszczyk,Jakub Jesiek,3,1,574046-1,True,a
574046,5784,2026-10-03,morning,OSP,2,2026-10-03 05:25:00,Grzegorz Sawicki,Oskar Sokolowski,3,2,574046-2,True,a
574046,5784,2026-10-03,morning,OSP,3,2026-10-03 05:50:00,Lukasz Bernacki,Stanislaw Sojka,1,3,574046-3,True,b
574046,5784,2026-10-03,morning,OSP,4,2026-10-03 06:10:00,Wojciech Wojtaszczyk,Grzegorz Sawicki,3,2,574046-4,True,a
574046,5784,2026-10-03,morning,OSP,5,2026-10-03 06:30:00,Stanislaw Sojka,Jakub Jesiek,3,2,574046-5,True,a
574046,5784,2026-10-03,morning,OSP,6,2026-10-03 06:55:00,Lukasz Bernacki,Oskar Sokolowski,3,1,574046-6,True,a
574046,5784,2026-10-03,morning,OSP,7,2026-10-03 07:15:00,Grzegorz Sawicki,Jakub Jesiek,1,3,574046-7,True,b
574046,5784,2026-10-03,morning,OSP,8,2026-10-03 07:40:00,Wojciech Wojtaszczyk,Lukasz Bernacki,3,2,574046-8,True,a
574046,5784,2026-10-03,morning,OSP,9,2026-10-03 08:05:00,Stanislaw Sojka,Oskar Sokolowski,3,0,574046-9,True,a
574046,5784,2026-10-03,morning,OSP,10,2026-10-03 08:30:00,Grzegorz Sawicki,Lukasz Bernacki,0,3,574046-10,True,b
574046,5784,2026-10-03,morning,OSP,11,2026-10-03 08:55:00,Wojciech Wojtaszczyk,Stanislaw Sojka,1,3,574046-11,True,b
574046,5784,2026-10-03,morning,OSP,12,2026-10-03 09:20:00,Oskar Sokolowski,Jakub Jesiek,3,1,574046-12,True,a
574046,5784,2026-10-03,morning,OSP,13,2026-10-03 09:45:00,Grzegorz Sawicki,Stanislaw Sojka,0,3,574046-13,True,b
574046,5784,2026-10-03,morning,OSP,14,2026-10-03 10:10:00,Lukasz Bernacki,Jakub Jesiek,0,3,574046-14,True,b
574046,5784,2026-10-03,morning,OSP,15,2026-10-03 10:35:00,Wojciech Wojtaszczyk,Oskar Sokolowski,1,3,574046-15,True,b
574044,5783,2026-10-03,morning,HSC,1,2026-10-03 05:00:00,Tadeusz Piotrowski,Adrian Myszewski,2,3,574044-1,True,b
574044,5783,2026-10-03,morning,HSC,2,2026-10-03 05:20:00,Dariusz Wrobel,Maciej Sinicki,3,1,574044-2,True,a
574044,5783,2026-10-03,morning,HSC,3,2026-10-03 05:40:00,Kacper Makowski,Piotr Maruszak,2,3,574044-3,True,b
574044,5783,2026-10-03,morning,HSC,4,2026-10-03 06:00:00,Tadeusz Piotrowski,Dariusz Wrobel,3,1,574044-4,True,a
574044,5783,2026-10-03,morning,HSC,5,2026-10-03 06:25:00,Piotr Maruszak,Adrian Myszewski,1,3,574044-5,True,b
574044,5783,2026-10-03,morning,HSC,6,2026-10-03 06:50:00,Kacper Makowski,Maciej Sinicki,3,0,574044-6,True,a
574044,5783,2026-10-03,morning,HSC,7,2026-10-03 07:15:00,Dariusz Wrobel,Adrian Myszewski,1,3,574044-7,True,b
574044,5783,2026-10-03,morning,HSC,8,2026-10-03 07:35:00,Tadeusz Piotrowski,Kacper Makowski,3,0,574044-8,True,a
574044,5783,2026-10-03,morning,HSC,9,2026-10-03 08:00:00,Piotr Maruszak,Maciej Sinicki,3,1,574044-9,True,a
574044,5783,2026-10-03,morning,HSC,10,2026-10-03 08:25:00,Dariusz Wrobel,Kacper Makowski,1,3,574044-10,True,b
574044,5783,2026-10-03,morning,HSC,11,2026-10-03 08:50:00,Tadeusz Piotrowski,Piotr Maruszak,3,1,574044-11,True,a
574044,5783,2026-10-03,morning,HSC,12,2026-10-03 09:15:00,Maciej Sinicki,Adrian Myszewski,3,2,574044-12,True,a
574044,5783,2026-10-03,morning,HSC,13,2026-10-03 09:40:00,Dariusz Wrobel,Piotr Maruszak,0,3,574044-13,True,b
574044,5783,2026-10-03,morning,HSC,14,2026-10-03 10:05:00,Kacper Makowski,Adrian Myszewski,3,2,574044-14,True,a
574044,5783,2026-10-03,morning,HSC,15,2026-10-03 10:30:00,Tadeusz Piotrowski,Maciej Sinicki,3,1,574044-15,True,a
574042,5782,2026-10-03,morning,OSP,1,2026-10-03 05:00:00,Waclaw Suchecki,Piotr Krukar,3,2,574042-1,True,a
574042,5782,2026-10-03,morning,OSP,2,2026-10-03 05:25:00,Mikolaj Lukaszewski,Jaroslaw Rolak,1,3,574042-2,True,b
574042,5782,2026-10-03,morning,OSP,3,2026-10-03 05:50:00,Dawid Poloszczanski,Mariusz Zwolinski,3,2,574042-3,True,a
574042,5782,2026-10-03,morning,OSP,4,2026-10-03 06:10:00,Waclaw Suchecki,Mikolaj Lukaszewski,3,0,574042-4,True,a
574042,5782,2026-10-03,morning,OSP,5,2026-10-03 06:30:00,Mariusz Zwolinski,Piotr Krukar,1,3,574042-5,True,b
574042,5782,2026-10-03,morning,OSP,6,2026-10-03 06:55:00,Dawid Poloszczanski,Jaroslaw Rolak,2,3,574042-6,True,b
574042,5782,2026-10-03,morning,OSP,7,2026-10-03 07:15:00,Mikolaj Lukaszewski,Piotr Krukar,3,2,574042-7,True,a
574042,5782,2026-10-03,morning,OSP,8,2026-10-03 07:40:00,Waclaw Suchecki,Dawid Poloszczanski,1,3,574042-8,True,b
574042,5782,2026-10-03,morning,OSP,9,2026-10-03 08:05:00,Mariusz Zwolinski,Jaroslaw Rolak,3,0,574042-9,True,a
574042,5782,2026-10-03,morning,OSP,10,2026-10-03 08:30:00,Mikolaj Lukaszewski,Dawid Poloszczanski,3,1,574042-10,True,a
574042,5782,2026-10-03,morning,OSP,11,2026-10-03 08:55:00,Waclaw Suchecki,Mariusz Zwolinski,2,3,574042-11,True,b
574042,5782,2026-10-03,morning,OSP,12,2026-10-03 09:20:00,Jaroslaw Rolak,Piotr Krukar,3,1,574042-12,True,a
574042,5782,2026-10-03,morning,OSP,13,2026-10-03 09:40:00,Mikolaj Lukaszewski,Mariusz Zwolinski,2,3,574042-13,True,b
574042,5782,2026-10-03,morning,OSP,14,2026-10-03 10:10:00,Dawid Poloszczanski,Piotr Krukar,2,3,574042-14,True,b
574042,5782,2026-10-03,morning,OSP,15,2026-10-03 10:35:00,Waclaw Suchecki,Jaroslaw Rolak,0,3,574042-15,True,b
574040,5781,2026-10-03,night,BLACHOWNIA,1,2026-10-03 23:10:00,Mateusz Baran,Artur Kubiak,3.0,2.0,574040-1,True,a
574040,5781,2026-10-03,night,BLACHOWNIA,2,2026-10-03 23:35:00,Jacek Oracz,Andrzej Szurgot,3.0,1.0,574040-2,True,a
574040,5781,2026-10-03,night,BLACHOWNIA,3,2026-10-03 00:00:00,Jakub Skorupa,Cezary Pawlik,0.0,3.0,574040-3,True,b
574040,5781,2026-10-03,night,BLACHOWNIA,4,2026-10-03 00:25:00,Mateusz Baran,Jacek Oracz,1.0,3.0,574040-4,True,b
574040,5781,2026-10-03,night,BLACHOWNIA,5,2026-10-03 00:50:00,Cezary Pawlik,Artur Kubiak,3.0,0.0,574040-5,True,a
574040,5781,2026-10-03,night,BLACHOWNIA,6,2026-10-03 01:10:00,Jakub Skorupa,Andrzej Szurgot,3.0,2.0,574040-6,True,a
574040,5781,2026-10-03,night,BLACHOWNIA,7,2026-10-03 01:35:00,Jacek Oracz,Artur Kubiak,,,574040-7,False,
574040,5781,2026-10-03,night,BLACHOWNIA,8,2026-10-03 02:00:00,Mateusz Baran,Jakub Skorupa,,,574040-8,False,
574040,5781,2026-10-03,night,BLACHOWNIA,9,2026-10-03 02:25:00,Cezary Pawlik,Andrzej Szurgot,,,574040-9,False,
574040,5781,2026-10-03,night,BLACHOWNIA,10,2026-10-03 02:45:00,Jacek Oracz,Jakub Skorupa,,,574040-10,False,
574040,5781,2026-10-03,night,BLACHOWNIA,11,2026-10-03 03:10:00,Mateusz Baran,Cezary Pawlik,,,574040-11,False,
574040,5781,2026-10-03,night,BLACHOWNIA,12,2026-10-03 03:35:00,Andrzej Szurgot,Artur Kubiak,,,574040-12,False,
574040,5781,2026-10-03,night,BLACHOWNIA,13,2026-10-03 04:00:00,Jacek Oracz,Cezary Pawlik,,,574040-13,False,
574040,5781,2026-10-03,night,BLACHOWNIA,14,2026-10-03 04:20:00,Jakub Skorupa,Artur Kubiak,,,574040-14,False,
574040,5781,2026-10-03,night,BLACHOWNIA,15,2026-10-03 04:45:00,Mateusz Baran,Andrzej Szurgot,,,574040-15,False,
574038,5780,2026-10-03,evening,BLACHOWNIA,1,2026-10-03 17:10:00,Cezary Pawlik,Artur Kubiak,1,3,574038-1,True,b
574038,5780,2026-10-03,evening,BLACHOWNIA,2,2026-10-03 17:35:00,Jacek Oracz,Andrzej Szurgot,1,3,574038-2,True,b
574038,5780,2026-10-03,evening,BLACHOWNIA,3,2026-10-03 18:00:00,Jakub Skorupa,Mateusz Baran,3,0,574038-3,True,a
574038,5780,2026-10-03,evening,BLACHOWNIA,4,2026-10-03 18:25:00,Cezary Pawlik,Jacek Oracz,0,3,574038-4,True,b
574038,5780,2026-10-03,evening,BLACHOWNIA,5,2026-10-03 18:50:00,Mateusz Baran,Artur Kubiak,3,2,574038-5,True,a
574038,5780,2026-10-03,evening,BLACHOWNIA,6,2026-10-03 19:10:00,Jakub Skorupa,Andrzej Szurgot,3,2,574038-6,True,a
574038,5780,2026-10-03,evening,BLACHOWNIA,7,2026-10-03 19:35:00,Jacek Oracz,Artur Kubiak,3,0,574038-7,True,a
574038,5780,2026-10-03,evening,BLACHOWNIA,8,2026-10-03 20:00:00,Cezary Pawlik,Jakub Skorupa,3,1,574038-8,True,a
574038,5780,2026-10-03,evening,BLACHOWNIA,9,2026-10-03 20:25:00,Mateusz Baran,Andrzej Szurgot,2,3,574038-9,True,b
574038,5780,2026-10-03,evening,BLACHOWNIA,10,2026-10-03 20:45:00,Jacek Oracz,Jakub Skorupa,3,0,574038-10,True,a
574038,5780,2026-10-03,evening,BLACHOWNIA,11,2026-10-03 21:10:00,Cezary Pawlik,Mateusz Baran,3,1,574038-11,True,a
574038,5780,2026-10-03,evening,BLACHOWNIA,12,2026-10-03 21:35:00,Andrzej Szurgot,Artur Kubiak,3,2,574038-12,True,a
574038,5780,2026-10-03,evening,BLACHOWNIA,13,2026-10-03 22:00:00,Jacek Oracz,Mateusz Baran,3,2,574038-13,True,a
574038,5780,2026-10-03,evening,BLACHOWNIA,14,2026-10-03 22:20:00,Jakub Skorupa,Artur Kubiak,3,2,574038-14,True,a
574038,5780,2026-10-03,evening,BLACHOWNIA,15,2026-10-03 22:45:00,Cezary Pawlik,Andrzej Szurgot,3,0,574038-15,True,a
574036,5779,2026-10-03,morning,BLACHOWNIA,1,2026-10-03 05:10:00,Kacper Adamus,Patryk Mecik,1,3,574036-1,True,b
574036,5779,2026-10-03,morning,BLACHOWNIA,2,2026-10-03 05:35:00,Mariusz Koczyba,Wojciech Pytlas,1,3,574036-2,True,b
574036,5779,2026-10-03,morning,BLACHOWNIA,3,2026-10-03 06:00:00,Tomasz Lojtek,Pawel Polok,3,0,574036-3,True,a
574036,5779,2026-10-03,morning,BLACHOWNIA,4,2026-10-03 06:25:00,Kacper Adamus,Mariusz Koczyba,3,1,574036-4,True,a
574036,5779,2026-10-03,morning,BLACHOWNIA,5,2026-10-03 06:50:00,Pawel Polok,Patryk Mecik,3,0,574036-5,True,a
574036,5779,2026-10-03,morning,BLACHOWNIA,6,2026-10-03 07:10:00,Tomasz Lojtek,Wojciech Pytlas,2,3,574036-6,True,b
574036,5779,2026-10-03,morning,BLACHOWNIA,7,2026-10-03 07:35:00,Mariusz Koczyba,Patryk Mecik,3,0,574036-7,True,a
574036,5779,2026-10-03,morning,BLACHOWNIA,8,2026-10-03 08:00:00,Kacper Adamus,Tomasz Lojtek,3,2,574036-8,True,a
574036,5779,2026-10-03,morning,BLACHOWNIA,9,2026-10-03 08:25:00,Pawel Polok,Wojciech Pytlas,3,0,574036-9,True,a
574036,5779,2026-10-03,morning,BLACHOWNIA,10,2026-10-03 08:45:00,Mariusz Koczyba,Tomasz Lojtek,1,3,574036-10,True,b
574036,5779,2026-10-03,morning,BLACHOWNIA,11,2026-10-03 09:10:00,Kacper Adamus,Pawel Polok,1,3,574036-11,True,b
574036,5779,2026-10-03,morning,BLACHOWNIA,12,2026-10-03 09:35:00,Wojciech Pytlas,Patryk Mecik,3,2,574036-12,True,a
574036,5779,2026-10-03,morning,BLACHOWNIA,13,2026-10-03 10:00:00,Mariusz Koczyba,Pawel Polok,3,1,574036-13,True,a
574036,5779,2026-10-03,morning,BLACHOWNIA,14,2026-10-03 10:20:00,Tomasz Lojtek,Patryk Mecik,2,3,574036-14,True,b
574036,5779,2026-10-03,morning,BLACHOWNIA,15,2026-10-03 10:45:00,Kacper Adamus,Wojciech Pytlas,0,3,574036-15,True,b
574034,5778,2026-10-03,evening,POCZESNA,1,2026-10-03 19:30:00,Roman Wiza,Mateusz Sikon,2,3,574034-1,True,b
574034,5778,2026-10-03,evening,POCZESNA,2,2026-10-03 19:55:00,Robert Szymik,Jaroslaw Badura,3,1,574034-2,True,a
574034,5778,2026-10-03,evening,POCZESNA,3,2026-10-03 20:20:00,Grzegorz Sawicki,Michal Durda,2,3,574034-3,True,b
574034,5778,2026-10-03,evening,POCZESNA,4,2026-10-03 20:45:00,Roman Wiza,Robert Szymik,2,3,574034-4,True,b
574034,5778,2026-10-03,evening,POCZESNA,5,2026-10-03 21:10:00,Michal Durda,Mateusz Sikon,3,2,574034-5,True,a
574034,5778,2026-10-03,evening,POCZESNA,6,2026-10-03 21:30:00,Grzegorz Sawicki,Jaroslaw Badura,1,3,574034-6,True,b
574034,5778,2026-10-03,evening,POCZESNA,7,2026-10-03 21:55:00,Robert Szymik,Mateusz Sikon,1,3,574034-7,True,b
574034,5778,2026-10-03,evening,POCZESNA,8,2026-10-03 22:20:00,Roman Wiza,Grzegorz Sawicki,3,0,574034-8,True,a
574034,5778,2026-10-03,evening,POCZESNA,9,2026-10-03 22:45:00,Michal Durda,Jaroslaw Badura,3,1,574034-9,True,a
574034,5778,2026-10-03,evening,POCZESNA,10,2026-10-03 23:05:00,Robert Szymik,Grzegorz Sawicki,3,1,574034-10,True,a
574034,5778,2026-10-03,evening,POCZESNA,11,2026-10-03 23:30:00,Roman Wiza,Michal Durda,0,3,574034-11,True,b
574034,5778,2026-10-03,evening,POCZESNA,12,2026-10-03 23:55:00,Jaroslaw Badura,Mateusz Sikon,3,2,574034-12,True,a
574034,5778,2026-10-03,evening,POCZESNA,13,2026-10-03 00:20:00,Robert Szymik,Michal Durda,2,3,574034-13,True,b
574034,5778,2026-10-03,evening,POCZESNA,14,2026-10-03 00:40:00,Grzegorz Sawicki,Mateusz Sikon,3,1,574034-14,True,a
574034,5778,2026-10-03,evening,POCZESNA,15,2026-10-03 01:05:00,Roman Wiza,Jaroslaw Badura,0,3,574034-15,True,b
574032,5777,2026-10-03,afternoon,POCZESNA,1,2026-10-03 13:30:00,Dariusz Swider,Rafal Wojcik,2,3,574032-1,True,b
574032,5777,2026-10-03,afternoon,POCZESNA,2,2026-10-03 13:55:00,Piotr Gumulinski,Rafal Idaczyk,3,1,574032-2,True,a
574032,5777,2026-10-03,afternoon,POCZESNA,3,2026-10-03 14:20:00,Daniel Morawiec,Patryk Jedrzejak,0,3,574032-3,True,b
574032,5777,2026-10-03,afternoon,POCZESNA,4,2026-10-03 14:45:00,Dariusz Swider,Piotr Gumulinski,3,0,574032-4,True,a
574032,5777,2026-10-03,afternoon,POCZESNA,5,2026-10-03 15:10:00,Patryk Jedrzejak,Rafal Wojcik,3,1,574032-5,True,a
574032,5777,2026-10-03,afternoon,POCZESNA,6,2026-10-03 15:30:00,Daniel Morawiec,Rafal Idaczyk,3,2,574032-6,True,a
574032,5777,2026-10-03,afternoon,POCZESNA,7,2026-10-03 15:55:00,Piotr Gumulinski,Rafal Wojcik,3,2,574032-7,True,a
574032,5777,2026-10-03,afternoon,POCZESNA,8,2026-10-03 16:20:00,Dariusz Swider,Daniel Morawiec,2,3,574032-8,True,b
574032,5777,2026-10-03,afternoon,POCZESNA,9,2026-10-03 16:45:00,Patryk Jedrzejak,Rafal Idaczyk,3,2,574032-9,True,a
574032,5777,2026-10-03,afternoon,POCZESNA,10,2026-10-03 17:05:00,Piotr Gumulinski,Daniel Morawiec,2,3,574032-10,True,b
574032,5777,2026-10-03,afternoon,POCZESNA,11,2026-10-03 17:30:00,Dariusz Swider,Patryk Jedrzejak,1,3,574032-11,True,b
574032,5777,2026-10-03,afternoon,POCZESNA,12,2026-10-03 17:55:00,Rafal Idaczyk,Rafal Wojcik,2,3,574032-12,True,b
574032,5777,2026-10-03,afternoon,POCZESNA,13,2026-10-03 18:20:00,Piotr Gumulinski,Patryk Jedrzejak,3,0,574032-13,True,a
574032,5777,2026-10-03,afternoon,POCZESNA,14,2026-10-03 18:40:00,Daniel Morawiec,Rafal Wojcik,3,2,574032-14,True,a
574032,5777,2026-10-03,afternoon,POCZESNA,15,2026-10-03 19:05:00,Dariusz Swider,Rafal Idaczyk,3,1,574032-15,True,a
574030,5776,2026-10-03,morning,POCZESNA,1,2026-10-03 07:30:00,Patryk Jedrzejak,Rafal Wojcik,3,1,574030-1,True,a
574030,5776,2026-10-03,morning,POCZESNA,2,2026-10-03 07:55:00,Rafal Idaczyk,Piotr Gumulinski,2,3,574030-2,True,b
574030,5776,2026-10-03,morning,POCZESNA,3,2026-10-03 08:20:00,Daniel Morawiec,Dariusz Swider,1,3,574030-3,True,b
574030,5776,2026-10-03,morning,POCZESNA,4,2026-10-03 08:45:00,Patryk Jedrzejak,Rafal Idaczyk,3,1,574030-4,True,a
574030,5776,2026-10-03,morning,POCZESNA,5,2026-10-03 09:10:00,Dariusz Swider,Rafal Wojcik,3,2,574030-5,True,a
574030,5776,2026-10-03,morning,POCZESNA,6,2026-10-03 09:30:00,Daniel Morawiec,Piotr Gumulinski,1,3,574030-6,True,b
574030,5776,2026-10-03,morning,POCZESNA,7,2026-10-03 09:55:00,Rafal Idaczyk,Rafal Wojcik,3,2,574030-7,True,a
574030,5776,2026-10-03,morning,POCZESNA,8,2026-10-03 10:20:00,Patryk Jedrzejak,Daniel Morawiec,3,1,574030-8,True,a
574030,5776,2026-10-03,morning,POCZESNA,9,2026-10-03 10:45:00,Dariusz Swider,Piotr Gumulinski,2,3,574030-9,True,b
574030,5776,2026-10-03,morning,POCZESNA,10,2026-10-03 11:05:00,Rafal Idaczyk,Daniel Morawiec,3,2,574030-10,True,a
574030,5776,2026-10-03,morning,POCZESNA,11,2026-10-03 11:30:00,Patryk Jedrzejak,Dariusz Swider,2,3,574030-11,True,b
574030,5776,2026-10-03,morning,POCZESNA,12,2026-10-03 11:55:00,Piotr Gumulinski,Rafal Wojcik,2,3,574030-12,True,b
574030,5776,2026-10-03,morning,POCZESNA,13,2026-10-03 12:20:00,Rafal Idaczyk,Dariusz Swider,1,3,574030-13,True,b
574030,5776,2026-10-03,morning,POCZESNA,14,2026-10-03 12:40:00,Daniel Morawiec,Rafal Wojcik,3,1,574030-14,True,a
574030,5776,2026-10-03,morning,POCZESNA,15,2026-10-03 13:05:00,Patryk Jedrzejak,Piotr Gumulinski,3,2,574030-15,True,a
574028,5775,2026-10-02,night,POCZESNA,1,2026-10-02 01:30:00,Kamil Kowalski,Adam Ruszkiewicz,0,3,574028-1,True,b
574028,5775,2026-10-02,night,POCZESNA,2,2026-10-02 01:55:00,Damian Fira,Henryk Tkaczyk,0,3,574028-2,True,b
574028,5775,2026-10-02,night,POCZESNA,3,2026-10-02 02:20:00,Jakub Michalski,Roman Wiza,1,3,574028-3,True,b
574028,5775,2026-10-02,night,POCZESNA,4,2026-10-02 02:45:00,Kamil Kowalski,Damian Fira,0,3,574028-4,True,b
574028,5775,2026-10-02,night,POCZESNA,5,2026-10-02 03:10:00,Roman Wiza,Adam Ruszkiewicz,1,3,574028-5,True,b
574028,5775,2026-10-02,night,POCZESNA,6,2026-10-02 03:30:00,Jakub Michalski,Henryk Tkaczyk,3,1,574028-6,True,a
574028,5775,2026-10-02,night,POCZESNA,7,2026-10-02 03:55:00,Damian Fira,Adam Ruszkiewicz,1,3,574028-7,True,b
574028,5775,2026-10-02,night,POCZESNA,8,2026-10-02 04:20:00,Kamil Kowalski,Jakub Michalski,0,3,574028-8,True,b
574028,5775,2026-10-02,night,POCZESNA,9,2026-10-02 04:45:00,Roman Wiza,Henryk Tkaczyk,0,3,574028-9,True,b
574028,5775,2026-10-02,night,POCZESNA,10,2026-10-02 05:05:00,Damian Fira,Jakub Michalski,3,1,574028-10,True,a
574028,5775,2026-10-02,night,POCZESNA,11,2026-10-02 05:30:00,Kamil Kowalski,Roman Wiza,0,3,574028-11,True,b
574028,5775,2026-10-02,night,POCZESNA,12,2026-10-02 05:55:00,Henryk Tkaczyk,Adam Ruszkiewicz,3,0,574028-12,True,a
574028,5775,2026-10-02,night,POCZESNA,13,2026-10-02 06:20:00,Damian Fira,Roman Wiza,3,0,574028-13,True,a
574028,5775,2026-10-02,night,POCZESNA,14,2026-10-02 06:40:00,Jakub Michalski,Adam Ruszkiewicz,0,3,574028-14,True,b
574028,5775,2026-10-02,night,POCZESNA,15,2026-10-02 07:05:00,Kamil Kowalski,Henryk Tkaczyk,1,3,574028-15,True,b
573766,5774,2026-10-02,night,HSC,1,2026-10-02 00:05:00,Szymon Brud,Konrad Staszczyk,1,3,573766-1,True,b
573766,5774,2026-10-02,night,HSC,2,2026-10-02 00:30:00,Gracjan Kesik,Maciej Makajew,3,2,573766-2,True,a
573766,5774,2026-10-02,night,HSC,3,2026-10-02 00:50:00,Gracjan Kesik,Milosz Kukawka,3,2,573766-3,True,a
573766,5774,2026-10-02,night,HSC,4,2026-10-02 01:15:00,Konrad Staszczyk,Maciej Makajew,3,1,573766-4,True,a
573766,5774,2026-10-02,night,HSC,5,2026-10-02 01:35:00,Milosz Kukawka,Konrad Staszczyk,0,3,573766-5,True,b
573766,5774,2026-10-02,night,HSC,6,2026-10-02 01:55:00,Szymon Brud,Maciej Makajew,1,3,573766-6,True,b
573766,5774,2026-10-02,night,HSC,7,2026-10-02 02:20:00,Gracjan Kesik,Konrad Staszczyk,1,3,573766-7,True,b
573766,5774,2026-10-02,night,HSC,8,2026-10-02 02:45:00,Szymon Brud,Milosz Kukawka,1,3,573766-8,True,b
573766,5774,2026-10-02,night,HSC,9,2026-10-02 03:10:00,Gracjan Kesik,Szymon Brud,3,1,573766-9,True,a
573766,5774,2026-10-02,night,HSC,10,2026-10-02 03:30:00,Milosz Kukawka,Maciej Makajew,3,1,573766-10,True,a
573604,5773,2026-10-02,night,OSP,1,2026-10-02 23:00:00,Krzysztof Juszczyk,Mariusz Baron,2,3,573604-1,True,b
573604,5773,2026-10-02,night,OSP,2,2026-10-02 23:20:00,Oliver Vincenec,Lukasz Oracz,3,1,573604-2,True,a
573604,5773,2026-10-02,night,OSP,3,2026-10-02 23:45:00,Jakub Nowak,Grzegorz Sawicki,3,2,573604-3,True,a
573604,5773,2026-10-02,night,OSP,4,2026-10-02 00:10:00,Krzysztof Juszczyk,Oliver Vincenec,2,3,573604-4,True,b
573604,5773,2026-10-02,night,OSP,5,2026-10-02 00:35:00,Grzegorz Sawicki,Mariusz Baron,3,2,573604-5,True,a
573604,5773,2026-10-02,night,OSP,6,2026-10-02 00:55:00,Jakub Nowak,Lukasz Oracz,0,3,573604-6,True,b
573604,5773,2026-10-02,night,OSP,7,2026-10-02 01:20:00,Oliver Vincenec,Mariusz Baron,3,0,573604-7,True,a
573604,5773,2026-10-02,night,OSP,8,2026-10-02 01:45:00,Krzysztof Juszczyk,Jakub Nowak,3,1,573604-8,True,a
573604,5773,2026-10-02,night,OSP,9,2026-10-02 02:10:00,Grzegorz Sawicki,Lukasz Oracz,0,3,573604-9,True,b
573604,5773,2026-10-02,night,OSP,10,2026-10-02 02:35:00,Oliver Vincenec,Jakub Nowak,2,3,573604-10,True,b
573604,5773,2026-10-02,night,OSP,11,2026-10-02 03:00:00,Krzysztof Juszczyk,Grzegorz Sawicki,3,1,573604-11,True,a
573604,5773,2026-10-02,night,OSP,12,2026-10-02 03:25:00,Lukasz Oracz,Mariusz Baron,3,1,573604-12,True,a
573604,5773,2026-10-02,night,OSP,13,2026-10-02 03:45:00,Oliver Vincenec,Grzegorz Sawicki,3,2,573604-13,True,a
573604,5773,2026-10-02,night,OSP,14,2026-10-02 04:10:00,Jakub Nowak,Mariusz Baron,2,3,573604-14,True,b
573604,5773,2026-10-02,night,OSP,15,2026-10-02 04:35:00,Krzysztof Juszczyk,Lukasz Oracz,3,0,573604-15,True,a
573599,5772,2026-10-02,night,OSP,1,2026-10-02 23:05:00,Jakub Glanowski,Mateusz Trela,3,1,573599-1,True,a
573599,5772,2026-10-02,night,OSP,2,2026-10-02 23:30:00,Karol Sulkowski,Dawid Poloszczanski,2,3,573599-2,True,b
573599,5772,2026-10-02,night,OSP,3,2026-10-02 23:55:00,Karol Sulkowski,Jakub Lamperski,3,1,573599-3,True,a
573599,5772,2026-10-02,night,OSP,4,2026-10-02 00:15:00,Mateusz Trela,Dawid Poloszczanski,3,2,573599-4,True,a
573599,5772,2026-10-02,night,OSP,5,2026-10-02 00:35:00,Jakub Lamperski,Mateusz Trela,3,1,573599-5,True,a
573599,5772,2026-10-02,night,OSP,6,2026-10-02 00:55:00,Jakub Glanowski,Dawid Poloszczanski,3,1,573599-6,True,a
573599,5772,2026-10-02,night,OSP,7,2026-10-02 01:20:00,Karol Sulkowski,Mateusz Trela,0,3,573599-7,True,b
573599,5772,2026-10-02,night,OSP,8,2026-10-02 01:45:00,Jakub Glanowski,Jakub Lamperski,1,3,573599-8,True,b
573599,5772,2026-10-02,night,OSP,9,2026-10-02 02:10:00,Karol Sulkowski,Jakub Glanowski,1,3,573599-9,True,b
573599,5772,2026-10-02,night,OSP,10,2026-10-02 02:35:00,Jakub Lamperski,Dawid Poloszczanski,3,0,573599-10,True,a
573597,5771,2026-10-02,evening,HSC,1,2026-10-02 18:05:00,Konrad Staszczyk,Szymon Brud,3,0,573597-1,True,a
573597,5771,2026-10-02,evening,HSC,2,2026-10-02 18:30:00,Dawid Kosmal,Gracjan Kesik,3,1,573597-2,True,a
573597,5771,2026-10-02,evening,HSC,3,2026-10-02 18:55:00,Milosz Kukawka,Maciej Makajew,3,0,573597-3,True,a
573597,5771,2026-10-02,evening,HSC,4,2026-10-02 19:20:00,Konrad Staszczyk,Dawid Kosmal,3,1,573597-4,True,a
573597,5771,2026-10-02,evening,HSC,5,2026-10-02 19:40:00,Maciej Makajew,Szymon Brud,0,3,573597-5,True,b
573597,5771,2026-10-02,evening,HSC,6,2026-10-02 20:05:00,Milosz Kukawka,Gracjan Kesik,0,3,573597-6,True,b
573597,5771,2026-10-02,evening,HSC,7,2026-10-02 20:30:00,Dawid Kosmal,Szymon Brud,3,1,573597-7,True,a
573597,5771,2026-10-02,evening,HSC,8,2026-10-02 20:50:00,Konrad Staszczyk,Milosz Kukawka,3,2,573597-8,True,a
573597,5771,2026-10-02,evening,HSC,9,2026-10-02 21:15:00,Maciej Makajew,Gracjan Kesik,3,0,573597-9,True,a
573597,5771,2026-10-02,evening,HSC,10,2026-10-02 21:40:00,Dawid Kosmal,Milosz Kukawka,3,1,573597-10,True,a
573597,5771,2026-10-02,evening,HSC,11,2026-10-02 22:05:00,Konrad Staszczyk,Maciej Makajew,3,0,573597-11,True,a
573597,5771,2026-10-02,evening,HSC,12,2026-10-02 22:30:00,Gracjan Kesik,Szymon Brud,1,3,573597-12,True,b
573597,5771,2026-10-02,evening,HSC,13,2026-10-02 23:00:00,Dawid Kosmal,Maciej Makajew,3,0,573597-13,True,a
573597,5771,2026-10-02,evening,HSC,14,2026-10-02 23:20:00,Milosz Kukawka,Szymon Brud,3,2,573597-14,True,a
573597,5771,2026-10-02,evening,HSC,15,2026-10-02 23:45:00,Konrad Staszczyk,Gracjan Kesik,3,1,573597-15,True,a
573595,5770,2026-10-02,evening,OSP,1,2026-10-02 17:00:00,Kamil Kowalski,Mariusz Baron,1,3,573595-1,True,b
573595,5770,2026-10-02,evening,OSP,2,2026-10-02 17:25:00,Oliver Vincenec,Lukasz Oracz,3,1,573595-2,True,a
573595,5770,2026-10-02,evening,OSP,3,2026-10-02 17:50:00,Jakub Nowak,Krzysztof Juszczyk,3,2,573595-3,True,a
573595,5770,2026-10-02,evening,OSP,4,2026-10-02 18:15:00,Kamil Kowalski,Oliver Vincenec,0,3,573595-4,True,b
573595,5770,2026-10-02,evening,OSP,5,2026-10-02 18:35:00,Krzysztof Juszczyk,Mariusz Baron,0,3,573595-5,True,b
573595,5770,2026-10-02,evening,OSP,6,2026-10-02 18:55:00,Jakub Nowak,Lukasz Oracz,0,3,573595-6,True,b
573595,5770,2026-10-02,evening,OSP,7,2026-10-02 19:20:00,Oliver Vincenec,Mariusz Baron,3,2,573595-7,True,a
573595,5770,2026-10-02,evening,OSP,8,2026-10-02 19:45:00,Kamil Kowalski,Jakub Nowak,1,3,573595-8,True,b
573595,5770,2026-10-02,evening,OSP,9,2026-10-02 20:10:00,Krzysztof Juszczyk,Lukasz Oracz,2,3,573595-9,True,b
573595,5770,2026-10-02,evening,OSP,10,2026-10-02 20:30:00,Oliver Vincenec,Jakub Nowak,3,2,573595-10,True,a
573595,5770,2026-10-02,evening,OSP,11,2026-10-02 20:55:00,Kamil Kowalski,Krzysztof Juszczyk,1,3,573595-11,True,b
573595,5770,2026-10-02,evening,OSP,12,2026-10-02 21:20:00,Lukasz Oracz,Mariusz Baron,3,0,573595-12,True,a
573595,5770,2026-10-02,evening,OSP,13,2026-10-02 21:40:00,Oliver Vincenec,Krzysztof Juszczyk,2,3,573595-13,True,b
573595,5770,2026-10-02,evening,OSP,14,2026-10-02 22:05:00,Jakub Nowak,Mariusz Baron,2,3,573595-14,True,b
573595,5770,2026-10-02,evening,OSP,15,2026-10-02 22:30:00,Kamil Kowalski,Lukasz Oracz,3,2,573595-15,True,a
573593,5769,2026-10-02,evening,OSP,1,2026-10-02 17:00:00,Mateusz Trela,Jakub Glanowski,1,3,573593-1,True,b
573593,5769,2026-10-02,evening,OSP,2,2026-10-02 17:25:00,Kamil Klocek,Karol Sulkowski,1,3,573593-2,True,b
573593,5769,2026-10-02,evening,OSP,3,2026-10-02 17:50:00,Dariusz Szlubowski,Piotr Strus,3,0,573593-3,True,a
573593,5769,2026-10-02,evening,OSP,4,2026-10-02 18:15:00,Mateusz Trela,Kamil Klocek,2,3,573593-4,True,b
573593,5769,2026-10-02,evening,OSP,5,2026-10-02 18:35:00,Piotr Strus,Jakub Glanowski,0,3,573593-5,True,b
573593,5769,2026-10-02,evening,OSP,6,2026-10-02 18:55:00,Dariusz Szlubowski,Karol Sulkowski,3,0,573593-6,True,a
573593,5769,2026-10-02,evening,OSP,7,2026-10-02 19:20:00,Kamil Klocek,Jakub Glanowski,0,3,573593-7,True,b
573593,5769,2026-10-02,evening,OSP,8,2026-10-02 19:45:00,Mateusz Trela,Dariusz Szlubowski,2,3,573593-8,True,b
573593,5769,2026-10-02,evening,OSP,9,2026-10-02 20:10:00,Piotr Strus,Karol Sulkowski,1,3,573593-9,True,b
573593,5769,2026-10-02,evening,OSP,10,2026-10-02 20:30:00,Kamil Klocek,Dariusz Szlubowski,3,2,573593-10,True,a
573593,5769,2026-10-02,evening,OSP,11,2026-10-02 20:55:00,Mateusz Trela,Piotr Strus,1,3,573593-11,True,b
573593,5769,2026-10-02,evening,OSP,12,2026-10-02 21:20:00,Karol Sulkowski,Jakub Glanowski,1,3,573593-12,True,b
573593,5769,2026-10-02,evening,OSP,13,2026-10-02 21:40:00,Kamil Klocek,Piotr Strus,1,3,573593-13,True,b
573593,5769,2026-10-02,evening,OSP,14,2026-10-02 22:05:00,Dariusz Szlubowski,Jakub Glanowski,0,3,573593-14,True,b
573593,5769,2026-10-02,evening,OSP,15,2026-10-02 22:30:00,Mateusz Trela,Karol Sulkowski,3,0,573593-15,True,a
573590,5768,2026-10-02,afternoon,HSC,1,2026-10-02 12:00:00,Dawid Michna,Krzysztof Wloczko,3,1,573590-1,True,a
573590,5768,2026-10-02,afternoon,HSC,2,2026-10-02 12:25:00,Jakub Kuzmicz,Jakub Kwapis,3,0,573590-2,True,a
573590,5768,2026-10-02,afternoon,HSC,3,2026-10-02 12:50:00,Krystian Kolodziej,Marcin Jadczyk,3,2,573590-3,True,a
573590,5768,2026-10-02,afternoon,HSC,4,2026-10-02 13:15:00,Dawid Michna,Jakub Kuzmicz,1,3,573590-4,True,b
573590,5768,2026-10-02,afternoon,HSC,5,2026-10-02 13:40:00,Marcin Jadczyk,Krzysztof Wloczko,1,3,573590-5,True,b
573590,5768,2026-10-02,afternoon,HSC,6,2026-10-02 14:05:00,Krystian Kolodziej,Jakub Kwapis,3,0,573590-6,True,a
573590,5768,2026-10-02,afternoon,HSC,7,2026-10-02 14:30:00,Jakub Kuzmicz,Krzysztof Wloczko,3,1,573590-7,True,a
573590,5768,2026-10-02,afternoon,HSC,8,2026-10-02 14:55:00,Dawid Michna,Krystian Kolodziej,3,1,573590-8,True,a
573590,5768,2026-10-02,afternoon,HSC,9,2026-10-02 15:20:00,Marcin Jadczyk,Jakub Kwapis,3,2,573590-9,True,a
573590,5768,2026-10-02,afternoon,HSC,10,2026-10-02 15:45:00,Jakub Kuzmicz,Krystian Kolodziej,2,3,573590-10,True,b
573590,5768,2026-10-02,afternoon,HSC,11,2026-10-02 16:10:00,Dawid Michna,Marcin Jadczyk,3,1,573590-11,True,a
573590,5768,2026-10-02,afternoon,HSC,12,2026-10-02 16:35:00,Jakub Kwapis,Krzysztof Wloczko,3,2,573590-12,True,a
573590,5768,2026-10-02,afternoon,HSC,13,2026-10-02 17:00:00,Jakub Kuzmicz,Marcin Jadczyk,0,3,573590-13,True,b
573590,5768,2026-10-02,afternoon,HSC,14,2026-10-02 17:25:00,Krystian Kolodziej,Krzysztof Wloczko,2,3,573590-14,True,b
573590,5768,2026-10-02,afternoon,HSC,15,2026-10-02 17:45:00,Dawid Michna,Jakub Kwapis,0,3,573590-15,True,b
573588,5767,2026-10-02,afternoon,OSP,1,2026-10-02 11:00:00,Milosz Cesarz,Krzysztof Schaniel,1,3,573588-1,True,b
573588,5767,2026-10-02,afternoon,OSP,2,2026-10-02 11:25:00,Oskar Jadach,Wojciech Urban,3,2,573588-2,True,a
573588,5767,2026-10-02,afternoon,OSP,3,2026-10-02 11:50:00,Rafal Skotniczny,Pawel Adamus,3,1,573588-3,True,a
573588,5767,2026-10-02,afternoon,OSP,4,2026-10-02 12:10:00,Milosz Cesarz,Oskar Jadach,3,2,573588-4,True,a
573588,5767,2026-10-02,afternoon,OSP,5,2026-10-02 12:35:00,Pawel Adamus,Krzysztof Schaniel,2,3,573588-5,True,b
573588,5767,2026-10-02,afternoon,OSP,6,2026-10-02 13:00:00,Rafal Skotniczny,Wojciech Urban,1,3,573588-6,True,b
573588,5767,2026-10-02,afternoon,OSP,7,2026-10-02 13:25:00,Oskar Jadach,Krzysztof Schaniel,3,0,573588-7,True,a
573588,5767,2026-10-02,afternoon,OSP,8,2026-10-02 13:50:00,Milosz Cesarz,Rafal Skotniczny,3,0,573588-8,True,a
573588,5767,2026-10-02,afternoon,OSP,9,2026-10-02 14:15:00,Pawel Adamus,Wojciech Urban,2,3,573588-9,True,b
573588,5767,2026-10-02,afternoon,OSP,10,2026-10-02 14:40:00,Oskar Jadach,Rafal Skotniczny,3,2,573588-10,True,a
573588,5767,2026-10-02,afternoon,OSP,11,2026-10-02 15:05:00,Milosz Cesarz,Pawel Adamus,3,1,573588-11,True,a
573588,5767,2026-10-02,afternoon,OSP,12,2026-10-02 15:30:00,Wojciech Urban,Krzysztof Schaniel,1,3,573588-12,True,b
573588,5767,2026-10-02,afternoon,OSP,13,2026-10-02 15:55:00,Oskar Jadach,Pawel Adamus,3,1,573588-13,True,a
573588,5767,2026-10-02,afternoon,OSP,14,2026-10-02 16:20:00,Rafal Skotniczny,Krzysztof Schaniel,3,1,573588-14,True,a
573588,5767,2026-10-02,afternoon,OSP,15,2026-10-02 16:40:00,Milosz Cesarz,Wojciech Urban,0,3,573588-15,True,b
573586,5766,2026-10-02,afternoon,HSC,1,2026-10-02 11:00:00,Dawid Kosmal,Karol Wisniewski,1,3,573586-1,True,b
573586,5766,2026-10-02,afternoon,HSC,2,2026-10-02 11:20:00,Patryk Jendrzejewski,Mateusz Rutkowski,3,0,573586-2,True,a
573586,5766,2026-10-02,afternoon,HSC,3,2026-10-02 11:45:00,Krzysztof Kapik,Grzegorz Poliniewicz,3,2,573586-3,True,a
573586,5766,2026-10-02,afternoon,HSC,4,2026-10-02 12:05:00,Dawid Kosmal,Patryk Jendrzejewski,2,3,573586-4,True,b
573586,5766,2026-10-02,afternoon,HSC,5,2026-10-02 12:30:00,Grzegorz Poliniewicz,Karol Wisniewski,2,3,573586-5,True,b
573586,5766,2026-10-02,afternoon,HSC,6,2026-10-02 12:55:00,Krzysztof Kapik,Mateusz Rutkowski,3,0,573586-6,True,a
573586,5766,2026-10-02,afternoon,HSC,7,2026-10-02 13:20:00,Patryk Jendrzejewski,Karol Wisniewski,0,3,573586-7,True,b
573586,5766,2026-10-02,afternoon,HSC,8,2026-10-02 13:45:00,Dawid Kosmal,Krzysztof Kapik,3,0,573586-8,True,a
573586,5766,2026-10-02,afternoon,HSC,9,2026-10-02 14:10:00,Grzegorz Poliniewicz,Mateusz Rutkowski,3,0,573586-9,True,a
573586,5766,2026-10-02,afternoon,HSC,10,2026-10-02 14:35:00,Patryk Jendrzejewski,Krzysztof Kapik,0,3,573586-10,True,b
573586,5766,2026-10-02,afternoon,HSC,11,2026-10-02 15:00:00,Dawid Kosmal,Grzegorz Poliniewicz,3,1,573586-11,True,a
573586,5766,2026-10-02,afternoon,HSC,12,2026-10-02 15:25:00,Mateusz Rutkowski,Karol Wisniewski,3,1,573586-12,True,a
573586,5766,2026-10-02,afternoon,HSC,13,2026-10-02 15:50:00,Patryk Jendrzejewski,Grzegorz Poliniewicz,1,3,573586-13,True,b
573586,5766,2026-10-02,afternoon,HSC,14,2026-10-02 16:15:00,Krzysztof Kapik,Karol Wisniewski,3,1,573586-14,True,a
573586,5766,2026-10-02,afternoon,HSC,15,2026-10-02 16:35:00,Dawid Kosmal,Mateusz Rutkowski,3,1,573586-15,True,a
573584,5765,2026-10-02,afternoon,OSP,1,2026-10-02 11:00:00,Frantisek Krcil,Bartosz Czerwinski,3,1,573584-1,True,a
573584,5765,2026-10-02,afternoon,OSP,2,2026-10-02 11:25:00,Blazej Warpas,Karol Kufel,0,3,573584-2,True,b
573584,5765,2026-10-02,afternoon,OSP,3,2026-10-02 11:50:00,Jakub Zochniak,Jacek Przewlocki,3,0,573584-3,True,a
573584,5765,2026-10-02,afternoon,OSP,4,2026-10-02 12:10:00,Frantisek Krcil,Blazej Warpas,3,0,573584-4,True,a
573584,5765,2026-10-02,afternoon,OSP,5,2026-10-02 12:35:00,Jacek Przewlocki,Bartosz Czerwinski,3,2,573584-5,True,a
573584,5765,2026-10-02,afternoon,OSP,6,2026-10-02 13:00:00,Jakub Zochniak,Karol Kufel,2,3,573584-6,True,b
573584,5765,2026-10-02,afternoon,OSP,7,2026-10-02 13:25:00,Blazej Warpas,Bartosz Czerwinski,1,3,573584-7,True,b
573584,5765,2026-10-02,afternoon,OSP,8,2026-10-02 13:50:00,Frantisek Krcil,Jakub Zochniak,1,3,573584-8,True,b
573584,5765,2026-10-02,afternoon,OSP,9,2026-10-02 14:15:00,Jacek Przewlocki,Karol Kufel,1,3,573584-9,True,b
573584,5765,2026-10-02,afternoon,OSP,10,2026-10-02 14:40:00,Blazej Warpas,Jakub Zochniak,1,3,573584-10,True,b
573584,5765,2026-10-02,afternoon,OSP,11,2026-10-02 15:05:00,Frantisek Krcil,Jacek Przewlocki,3,2,573584-11,True,a
573584,5765,2026-10-02,afternoon,OSP,12,2026-10-02 15:30:00,Karol Kufel,Bartosz Czerwinski,3,0,573584-12,True,a
573584,5765,2026-10-02,afternoon,OSP,13,2026-10-02 15:55:00,Blazej Warpas,Jacek Przewlocki,3,1,573584-13,True,a
573584,5765,2026-10-02,afternoon,OSP,14,2026-10-02 16:20:00,Jakub Zochniak,Bartosz Czerwinski,3,2,573584-14,True,a
573584,5765,2026-10-02,afternoon,OSP,15,2026-10-02 16:40:00,Frantisek Krcil,Karol Kufel,0,3,573584-15,True,b
573582,5764,2026-10-02,morning,HSC,1,2026-10-02 05:00:00,Jakub Kuzmicz,Krzysztof Wloczko,3,0,573582-1,True,a
573582,5764,2026-10-02,morning,HSC,2,2026-10-02 05:25:00,Jakub Kwapis,Grzegorz Poliniewicz,1,3,573582-2,True,b
573582,5764,2026-10-02,morning,HSC,3,2026-10-02 05:45:00,Dawid Michna,Marcin Jadczyk,1,3,573582-3,True,b
573582,5764,2026-10-02,morning,HSC,4,2026-10-02 06:10:00,Jakub Kuzmicz,Jakub Kwapis,0,3,573582-4,True,b
573582,5764,2026-10-02,morning,HSC,5,2026-10-02 06:30:00,Marcin Jadczyk,Krzysztof Wloczko,3,0,573582-5,True,a
573582,5764,2026-10-02,morning,HSC,6,2026-10-02 06:55:00,Dawid Michna,Grzegorz Poliniewicz,3,1,573582-6,True,a
573582,5764,2026-10-02,morning,HSC,7,2026-10-02 07:15:00,Jakub Kwapis,Krzysztof Wloczko,3,1,573582-7,True,a
573582,5764,2026-10-02,morning,HSC,8,2026-10-02 07:40:00,Jakub Kuzmicz,Dawid Michna,2,3,573582-8,True,b
573582,5764,2026-10-02,morning,HSC,9,2026-10-02 08:05:00,Marcin Jadczyk,Grzegorz Poliniewicz,3,0,573582-9,True,a
573582,5764,2026-10-02,morning,HSC,10,2026-10-02 08:30:00,Jakub Kwapis,Dawid Michna,3,2,573582-10,True,a
573582,5764,2026-10-02,morning,HSC,11,2026-10-02 08:55:00,Jakub Kuzmicz,Marcin Jadczyk,0,3,573582-11,True,b
573582,5764,2026-10-02,morning,HSC,12,2026-10-02 09:20:00,Grzegorz Poliniewicz,Krzysztof Wloczko,1,3,573582-12,True,b
573582,5764,2026-10-02,morning,HSC,13,2026-10-02 09:45:00,Jakub Kwapis,Marcin Jadczyk,3,2,573582-13,True,a
573582,5764,2026-10-02,morning,HSC,14,2026-10-02 10:05:00,Dawid Michna,Krzysztof Wloczko,1,3,573582-14,True,b
573582,5764,2026-10-02,morning,HSC,15,2026-10-02 10:30:00,Jakub Kuzmicz,Grzegorz Poliniewicz,2,3,573582-15,True,b
573580,5763,2026-10-02,morning,OSP,1,2026-10-02 05:00:00,Pawel Adamus,Krzysztof Schaniel,1,3,573580-1,True,b
573580,5763,2026-10-02,morning,OSP,2,2026-10-02 05:25:00,Oskar Jadach,Wojciech Urban,1,3,573580-2,True,b
573580,5763,2026-10-02,morning,OSP,3,2026-10-02 05:50:00,Rafal Skotniczny,Milosz Cesarz,3,2,573580-3,True,a
573580,5763,2026-10-02,morning,OSP,4,2026-10-02 06:10:00,Pawel Adamus,Oskar Jadach,1,3,573580-4,True,b
573580,5763,2026-10-02,morning,OSP,5,2026-10-02 06:30:00,Milosz Cesarz,Krzysztof Schaniel,3,1,573580-5,True,a
573580,5763,2026-10-02,morning,OSP,6,2026-10-02 06:55:00,Rafal Skotniczny,Wojciech Urban,3,2,573580-6,True,a
573580,5763,2026-10-02,morning,OSP,7,2026-10-02 07:15:00,Oskar Jadach,Krzysztof Schaniel,1,3,573580-7,True,b
573580,5763,2026-10-02,morning,OSP,8,2026-10-02 07:40:00,Pawel Adamus,Rafal Skotniczny,1,3,573580-8,True,b
573580,5763,2026-10-02,morning,OSP,9,2026-10-02 08:05:00,Milosz Cesarz,Wojciech Urban,1,3,573580-9,True,b
573580,5763,2026-10-02,morning,OSP,10,2026-10-02 08:30:00,Oskar Jadach,Rafal Skotniczny,1,3,573580-10,True,b
573580,5763,2026-10-02,morning,OSP,11,2026-10-02 08:55:00,Pawel Adamus,Milosz Cesarz,0,3,573580-11,True,b
573580,5763,2026-10-02,morning,OSP,12,2026-10-02 09:20:00,Wojciech Urban,Krzysztof Schaniel,3,1,573580-12,True,a
573580,5763,2026-10-02,morning,OSP,13,2026-10-02 09:45:00,Oskar Jadach,Milosz Cesarz,3,1,573580-13,True,a
573580,5763,2026-10-02,morning,OSP,14,2026-10-02 10:10:00,Rafal Skotniczny,Krzysztof Schaniel,3,0,573580-14,True,a
573580,5763,2026-10-02,morning,OSP,15,2026-10-02 10:35:00,Pawel Adamus,Wojciech Urban,3,2,573580-15,True,a
573577,5762,2026-10-02,morning,HSC,1,2026-10-02 05:00:00,Patryk Jendrzejewski,Maciej Kolek,2,3,573577-1,True,b
573577,5762,2026-10-02,morning,HSC,2,2026-10-02 05:20:00,Jakub Zochniak,Krzysztof Kapik,3,1,573577-2,True,a
573577,5762,2026-10-02,morning,HSC,3,2026-10-02 05:40:00,Karol Wisniewski,Mateusz Rutkowski,0,3,573577-3,True,b
573577,5762,2026-10-02,morning,HSC,4,2026-10-02 06:00:00,Patryk Jendrzejewski,Jakub Zochniak,3,0,573577-4,True,a
573577,5762,2026-10-02,morning,HSC,5,2026-10-02 06:25:00,Mateusz Rutkowski,Maciej Kolek,2,3,573577-5,True,b
573577,5762,2026-10-02,morning,HSC,6,2026-10-02 06:50:00,Karol Wisniewski,Krzysztof Kapik,3,0,573577-6,True,a
573577,5762,2026-10-02,morning,HSC,7,2026-10-02 07:15:00,Jakub Zochniak,Maciej Kolek,3,0,573577-7,True,a
573577,5762,2026-10-02,morning,HSC,8,2026-10-02 07:35:00,Patryk Jendrzejewski,Karol Wisniewski,3,2,573577-8,True,a
573577,5762,2026-10-02,morning,HSC,9,2026-10-02 08:00:00,Mateusz Rutkowski,Krzysztof Kapik,3,2,573577-9,True,a
573577,5762,2026-10-02,morning,HSC,10,2026-10-02 08:25:00,Jakub Zochniak,Karol Wisniewski,0,3,573577-10,True,b
573577,5762,2026-10-02,morning,HSC,11,2026-10-02 08:50:00,Patryk Jendrzejewski,Mateusz Rutkowski,2,3,573577-11,True,b
573577,5762,2026-10-02,morning,HSC,12,2026-10-02 09:15:00,Krzysztof Kapik,Maciej Kolek,3,0,573577-12,True,a
573577,5762,2026-10-02,morning,HSC,13,2026-10-02 09:40:00,Jakub Zochniak,Mateusz Rutkowski,0,3,573577-13,True,b
573577,5762,2026-10-02,morning,HSC,14,2026-10-02 10:05:00,Karol Wisniewski,Maciej Kolek,3,1,573577-14,True,a
573577,5762,2026-10-02,morning,HSC,15,2026-10-02 10:30:00,Patryk Jendrzejewski,Krzysztof Kapik,3,1,573577-15,True,a
573575,5761,2026-10-02,morning,OSP,1,2026-10-02 05:00:00,Blazej Warpas,Mikolaj Lukaszewski,2,3,573575-1,True,b
573575,5761,2026-10-02,morning,OSP,2,2026-10-02 05:25:00,Rafal Stapor,Jacek Przewlocki,3,2,573575-2,True,a
573575,5761,2026-10-02,morning,OSP,3,2026-10-02 05:50:00,Karol Kufel,Frantisek Krcil,1,3,573575-3,True,b
573575,5761,2026-10-02,morning,OSP,4,2026-10-02 06:10:00,Blazej Warpas,Rafal Stapor,3,1,573575-4,True,a
573575,5761,2026-10-02,morning,OSP,5,2026-10-02 06:30:00,Frantisek Krcil,Mikolaj Lukaszewski,3,0,573575-5,True,a
573575,5761,2026-10-02,morning,OSP,6,2026-10-02 06:55:00,Karol Kufel,Jacek Przewlocki,3,2,573575-6,True,a
573575,5761,2026-10-02,morning,OSP,7,2026-10-02 07:15:00,Rafal Stapor,Mikolaj Lukaszewski,3,0,573575-7,True,a
573575,5761,2026-10-02,morning,OSP,8,2026-10-02 07:40:00,Blazej Warpas,Karol Kufel,0,3,573575-8,True,b
573575,5761,2026-10-02,morning,OSP,9,2026-10-02 08:05:00,Frantisek Krcil,Jacek Przewlocki,3,2,573575-9,True,a
573575,5761,2026-10-02,morning,OSP,10,2026-10-02 08:30:00,Rafal Stapor,Karol Kufel,2,3,573575-10,True,b
573575,5761,2026-10-02,morning,OSP,11,2026-10-02 08:55:00,Blazej Warpas,Frantisek Krcil,3,1,573575-11,True,a
573575,5761,2026-10-02,morning,OSP,12,2026-10-02 09:20:00,Jacek Przewlocki,Mikolaj Lukaszewski,3,1,573575-12,True,a
573575,5761,2026-10-02,morning,OSP,13,2026-10-02 09:40:00,Rafal Stapor,Frantisek Krcil,3,1,573575-13,True,a
573575,5761,2026-10-02,morning,OSP,14,2026-10-02 10:10:00,Karol Kufel,Mikolaj Lukaszewski,3,2,573575-14,True,a
573575,5761,2026-10-02,morning,OSP,15,2026-10-02 10:35:00,Blazej Warpas,Jacek Przewlocki,3,2,573575-15,True,a
573573,5760,2026-10-02,night,BLACHOWNIA,1,2026-10-02 23:10:00,Marcin Wozniczka,Tomasz Kocik,2,3,573573-1,True,b
573573,5760,2026-10-02,night,BLACHOWNIA,2,2026-10-02 23:35:00,Jacek Oracz,Krzysztof Malcher,2,3,573573-2,True,b
573573,5760,2026-10-02,night,BLACHOWNIA,3,2026-10-02 00:00:00,Marcin Zielinski,Cezary Pawlik,3,1,573573-3,True,a
573573,5760,2026-10-02,night,BLACHOWNIA,4,2026-10-02 00:25:00,Marcin Wozniczka,Jacek Oracz,0,3,573573-4,True,b
573573,5760,2026-10-02,night,BLACHOWNIA,5,2026-10-02 00:50:00,Cezary Pawlik,Tomasz Kocik,3,0,573573-5,True,a
573573,5760,2026-10-02,night,BLACHOWNIA,6,2026-10-02 01:10:00,Marcin Zielinski,Krzysztof Malcher,3,1,573573-6,True,a
573573,5760,2026-10-02,night,BLACHOWNIA,7,2026-10-02 01:35:00,Jacek Oracz,Tomasz Kocik,3,1,573573-7,True,a
573573,5760,2026-10-02,night,BLACHOWNIA,8,2026-10-02 02:00:00,Marcin Wozniczka,Marcin Zielinski,0,3,573573-8,True,b
573573,5760,2026-10-02,night,BLACHOWNIA,9,2026-10-02 02:25:00,Cezary Pawlik,Krzysztof Malcher,0,3,573573-9,True,b
573573,5760,2026-10-02,night,BLACHOWNIA,10,2026-10-02 02:45:00,Jacek Oracz,Marcin Zielinski,2,3,573573-10,True,b
573573,5760,2026-10-02,night,BLACHOWNIA,11,2026-10-02 03:10:00,Marcin Wozniczka,Cezary Pawlik,3,1,573573-11,True,a
573573,5760,2026-10-02,night,BLACHOWNIA,12,2026-10-02 03:35:00,Krzysztof Malcher,Tomasz Kocik,2,3,573573-12,True,b
573573,5760,2026-10-02,night,BLACHOWNIA,13,2026-10-02 04:00:00,Jacek Oracz,Cezary Pawlik,1,3,573573-13,True,b
573573,5760,2026-10-02,night,BLACHOWNIA,14,2026-10-02 04:20:00,Marcin Zielinski,Tomasz Kocik,0,3,573573-14,True,b
573573,5760,2026-10-02,night,BLACHOWNIA,15,2026-10-02 04:45:00,Marcin Wozniczka,Krzysztof Malcher,3,0,573573-15,True,a
573571,5759,2026-10-02,evening,BLACHOWNIA,1,2026-10-02 17:10:00,Cezary Pawlik,Tomasz Kocik,1,3,573571-1,True,b
573571,5759,2026-10-02,evening,BLACHOWNIA,2,2026-10-02 17:35:00,Jacek Oracz,Krzysztof Malcher,3,1,573571-2,True,a
573571,5759,2026-10-02,evening,BLACHOWNIA,3,2026-10-02 18:00:00,Marcin Zielinski,Marcin Wozniczka,3,0,573571-3,True,a
573571,5759,2026-10-02,evening,BLACHOWNIA,4,2026-10-02 18:25:00,Cezary Pawlik,Jacek Oracz,3,2,573571-4,True,a
573571,5759,2026-10-02,evening,BLACHOWNIA,5,2026-10-02 18:50:00,Marcin Wozniczka,Tomasz Kocik,1,3,573571-5,True,b
573571,5759,2026-10-02,evening,BLACHOWNIA,6,2026-10-02 19:10:00,Marcin Zielinski,Krzysztof Malcher,3,0,573571-6,True,a
573571,5759,2026-10-02,evening,BLACHOWNIA,7,2026-10-02 19:35:00,Jacek Oracz,Tomasz Kocik,3,1,573571-7,True,a
573571,5759,2026-10-02,evening,BLACHOWNIA,8,2026-10-02 20:00:00,Cezary Pawlik,Marcin Zielinski,3,1,573571-8,True,a
573571,5759,2026-10-02,evening,BLACHOWNIA,9,2026-10-02 20:25:00,Marcin Wozniczka,Krzysztof Malcher,3,1,573571-9,True,a
573571,5759,2026-10-02,evening,BLACHOWNIA,10,2026-10-02 20:45:00,Jacek Oracz,Marcin Zielinski,3,1,573571-10,True,a
573571,5759,2026-10-02,evening,BLACHOWNIA,11,2026-10-02 21:10:00,Cezary Pawlik,Marcin Wozniczka,3,0,573571-11,True,a
573571,5759,2026-10-02,evening,BLACHOWNIA,12,2026-10-02 21:35:00,Krzysztof Malcher,Tomasz Kocik,2,3,573571-12,True,b
573571,5759,2026-10-02,evening,BLACHOWNIA,13,2026-10-02 22:00:00,Jacek Oracz,Marcin Wozniczka,3,2,573571-13,True,a
573571,5759,2026-10-02,evening,BLACHOWNIA,14,2026-10-02 22:20:00,Marcin Zielinski,Tomasz Kocik,3,1,573571-14,True,a
573571,5759,2026-10-02,evening,BLACHOWNIA,15,2026-10-02 22:45:00,Cezary Pawlik,Krzysztof Malcher,3,1,573571-15,True,a
573569,5758,2026-10-02,morning,BLACHOWNIA,1,2026-10-02 05:10:00,Pawel Kurek,Marian Lebek,0,3,573569-1,True,b
573569,5758,2026-10-02,morning,BLACHOWNIA,2,2026-10-02 05:35:00,Mariusz Adamus,Oliwier Sokolowski,0,3,573569-2,True,b
573569,5758,2026-10-02,morning,BLACHOWNIA,3,2026-10-02 06:00:00,Yurij Fomin,Michal Guzik,3,0,573569-3,True,a
573569,5758,2026-10-02,morning,BLACHOWNIA,4,2026-10-02 06:25:00,Pawel Kurek,Mariusz Adamus,3,1,573569-4,True,a
573569,5758,2026-10-02,morning,BLACHOWNIA,5,2026-10-02 06:50:00,Michal Guzik,Marian Lebek,1,3,573569-5,True,b
573569,5758,2026-10-02,morning,BLACHOWNIA,6,2026-10-02 07:10:00,Yurij Fomin,Oliwier Sokolowski,3,0,573569-6,True,a
573569,5758,2026-10-02,morning,BLACHOWNIA,7,2026-10-02 07:35:00,Mariusz Adamus,Marian Lebek,1,3,573569-7,True,b
573569,5758,2026-10-02,morning,BLACHOWNIA,8,2026-10-02 08:00:00,Pawel Kurek,Yurij Fomin,3,2,573569-8,True,a
573569,5758,2026-10-02,morning,BLACHOWNIA,9,2026-10-02 08:25:00,Michal Guzik,Oliwier Sokolowski,3,1,573569-9,True,a
573569,5758,2026-10-02,morning,BLACHOWNIA,10,2026-10-02 08:45:00,Mariusz Adamus,Yurij Fomin,0,3,573569-10,True,b
573569,5758,2026-10-02,morning,BLACHOWNIA,11,2026-10-02 09:10:00,Pawel Kurek,Michal Guzik,3,1,573569-11,True,a
573569,5758,2026-10-02,morning,BLACHOWNIA,12,2026-10-02 09:35:00,Oliwier Sokolowski,Marian Lebek,1,3,573569-12,True,b
573569,5758,2026-10-02,morning,BLACHOWNIA,13,2026-10-02 10:00:00,Mariusz Adamus,Michal Guzik,3,2,573569-13,True,a
573569,5758,2026-10-02,morning,BLACHOWNIA,14,2026-10-02 10:20:00,Yurij Fomin,Marian Lebek,3,1,573569-14,True,a
573569,5758,2026-10-02,morning,BLACHOWNIA,15,2026-10-02 10:45:00,Pawel Kurek,Oliwier Sokolowski,1,3,573569-15,True,b
573566,5757,2026-10-02,evening,POCZESNA,1,2026-10-02 21:10:00,Roman Wiza,Adam Ruszkiewicz,0,3,573566-1,True,b
573566,5757,2026-10-02,evening,POCZESNA,2,2026-10-02 21:30:00,Damian Fira,Henryk Tkaczyk,3,0,573566-2,True,a
573566,5757,2026-10-02,evening,POCZESNA,3,2026-10-02 21:45:00,Jakub Michalski,Waldemar Jozala,3,2,573566-3,True,a
573566,5757,2026-10-02,evening,POCZESNA,4,2026-10-02 22:05:00,Roman Wiza,Damian Fira,1,3,573566-4,True,b
573566,5757,2026-10-02,evening,POCZESNA,5,2026-10-02 22:20:00,Waldemar Jozala,Adam Ruszkiewicz,3,2,573566-5,True,a
573566,5757,2026-10-02,evening,POCZESNA,6,2026-10-02 22:40:00,Jakub Michalski,Henryk Tkaczyk,2,3,573566-6,True,b
573566,5757,2026-10-02,evening,POCZESNA,7,2026-10-02 22:55:00,Damian Fira,Adam Ruszkiewicz,3,1,573566-7,True,a
573566,5757,2026-10-02,evening,POCZESNA,8,2026-10-02 23:15:00,Roman Wiza,Jakub Michalski,3,0,573566-8,True,a
573566,5757,2026-10-02,evening,POCZESNA,9,2026-10-02 23:30:00,Waldemar Jozala,Henryk Tkaczyk,0,3,573566-9,True,b
573566,5757,2026-10-02,evening,POCZESNA,10,2026-10-02 23:50:00,Damian Fira,Jakub Michalski,3,1,573566-10,True,a
573566,5757,2026-10-02,evening,POCZESNA,11,2026-10-02 00:05:00,Roman Wiza,Waldemar Jozala,3,0,573566-11,True,a
573566,5757,2026-10-02,evening,POCZESNA,12,2026-10-02 00:25:00,Henryk Tkaczyk,Adam Ruszkiewicz,1,3,573566-12,True,b
573566,5757,2026-10-02,evening,POCZESNA,13,2026-10-02 00:40:00,Damian Fira,Waldemar Jozala,3,2,573566-13,True,a
573566,5757,2026-10-02,evening,POCZESNA,14,2026-10-02 01:00:00,Jakub Michalski,Adam Ruszkiewicz,0,3,573566-14,True,b
573566,5757,2026-10-02,evening,POCZESNA,15,2026-10-02 01:15:00,Roman Wiza,Henryk Tkaczyk,0,3,573566-15,True,b
573562,5756,2026-10-02,afternoon,POCZESNA,1,2026-10-02 13:30:00,Lukasz Bernacki,Jerzy Pelka,2,3,573562-1,True,b
573562,5756,2026-10-02,afternoon,POCZESNA,2,2026-10-02 13:55:00,Piotr Wiciok,Pawel Slosarczyk,3,2,573562-2,True,a
573562,5756,2026-10-02,afternoon,POCZESNA,3,2026-10-02 14:20:00,Krzysztof Hetnar,Grzegorz Wichowski,3,1,573562-3,True,a
573562,5756,2026-10-02,afternoon,POCZESNA,4,2026-10-02 14:45:00,Lukasz Bernacki,Piotr Wiciok,3,0,573562-4,True,a
573562,5756,2026-10-02,afternoon,POCZESNA,5,2026-10-02 15:10:00,Grzegorz Wichowski,Jerzy Pelka,3,1,573562-5,True,a
573562,5756,2026-10-02,afternoon,POCZESNA,6,2026-10-02 15:30:00,Krzysztof Hetnar,Pawel Slosarczyk,3,0,573562-6,True,a
573562,5756,2026-10-02,afternoon,POCZESNA,7,2026-10-02 15:55:00,Piotr Wiciok,Jerzy Pelka,3,1,573562-7,True,a
573562,5756,2026-10-02,afternoon,POCZESNA,8,2026-10-02 16:20:00,Lukasz Bernacki,Krzysztof Hetnar,3,1,573562-8,True,a
573562,5756,2026-10-02,afternoon,POCZESNA,9,2026-10-02 16:45:00,Grzegorz Wichowski,Pawel Slosarczyk,2,3,573562-9,True,b
573562,5756,2026-10-02,afternoon,POCZESNA,10,2026-10-02 17:05:00,Piotr Wiciok,Krzysztof Hetnar,2,3,573562-10,True,b
573562,5756,2026-10-02,afternoon,POCZESNA,11,2026-10-02 17:30:00,Lukasz Bernacki,Grzegorz Wichowski,0,3,573562-11,True,b
573562,5756,2026-10-02,afternoon,POCZESNA,12,2026-10-02 17:55:00,Pawel Slosarczyk,Jerzy Pelka,1,3,573562-12,True,b
573562,5756,2026-10-02,afternoon,POCZESNA,13,2026-10-02 18:20:00,Piotr Wiciok,Grzegorz Wichowski,0,3,573562-13,True,b
573562,5756,2026-10-02,afternoon,POCZESNA,14,2026-10-02 18:40:00,Krzysztof Hetnar,Jerzy Pelka,3,1,573562-14,True,a
573562,5756,2026-10-02,afternoon,POCZESNA,15,2026-10-02 19:05:00,Lukasz Bernacki,Pawel Slosarczyk,3,2,573562-15,True,a
573560,5755,2026-10-02,morning,POCZESNA,1,2026-10-02 07:30:00,Grzegorz Wichowski,Jerzy Pelka,3,1,573560-1,True,a
573560,5755,2026-10-02,morning,POCZESNA,2,2026-10-02 07:55:00,Piotr Wiciok,Pawel Slosarczyk,3,2,573560-2,True,a
573560,5755,2026-10-02,morning,POCZESNA,3,2026-10-02 08:20:00,Krzysztof Hetnar,Lukasz Bernacki,1,3,573560-3,True,b
573560,5755,2026-10-02,morning,POCZESNA,4,2026-10-02 08:45:00,Grzegorz Wichowski,Piotr Wiciok,3,0,573560-4,True,a
573560,5755,2026-10-02,morning,POCZESNA,5,2026-10-02 09:10:00,Lukasz Bernacki,Jerzy Pelka,1,3,573560-5,True,b
573560,5755,2026-10-02,morning,POCZESNA,6,2026-10-02 09:30:00,Krzysztof Hetnar,Pawel Slosarczyk,3,0,573560-6,True,a
573560,5755,2026-10-02,morning,POCZESNA,7,2026-10-02 09:55:00,Piotr Wiciok,Jerzy Pelka,1,3,573560-7,True,b
573560,5755,2026-10-02,morning,POCZESNA,8,2026-10-02 10:20:00,Grzegorz Wichowski,Krzysztof Hetnar,3,1,573560-8,True,a
573560,5755,2026-10-02,morning,POCZESNA,9,2026-10-02 10:45:00,Lukasz Bernacki,Pawel Slosarczyk,1,3,573560-9,True,b
573560,5755,2026-10-02,morning,POCZESNA,10,2026-10-02 11:05:00,Piotr Wiciok,Krzysztof Hetnar,3,1,573560-10,True,a
573560,5755,2026-10-02,morning,POCZESNA,11,2026-10-02 11:30:00,Grzegorz Wichowski,Lukasz Bernacki,1,3,573560-11,True,b
573560,5755,2026-10-02,morning,POCZESNA,12,2026-10-02 11:55:00,Pawel Slosarczyk,Jerzy Pelka,0,3,573560-12,True,b
573560,5755,2026-10-02,morning,POCZESNA,13,2026-10-02 12:20:00,Piotr Wiciok,Lukasz Bernacki,3,1,573560-13,True,a
573560,5755,2026-10-02,morning,POCZESNA,14,2026-10-02 12:40:00,Krzysztof Hetnar,Jerzy Pelka,1,3,573560-14,True,b
573560,5755,2026-10-02,morning,POCZESNA,15,2026-10-02 13:05:00,Grzegorz Wichowski,Pawel Slosarczyk,3,0,573560-15,True,a
573557,5754,2026-10-01,night,POCZESNA,1,2026-10-01 01:30:00,Jerzy Michalik,Michal Wolny,3,1,573557-1,True,a
573557,5754,2026-10-01,night,POCZESNA,2,2026-10-01 01:55:00,Miroslaw Lewczuk,Adam Staniczek,3,1,573557-2,True,a
573557,5754,2026-10-01,night,POCZESNA,3,2026-10-01 02:20:00,Artur Zmijewski,Marcin Zielinski,2,3,573557-3,True,b
573557,5754,2026-10-01,night,POCZESNA,4,2026-10-01 02:45:00,Jerzy Michalik,Miroslaw Lewczuk,2,3,573557-4,True,b
573557,5754,2026-10-01,night,POCZESNA,5,2026-10-01 03:10:00,Marcin Zielinski,Michal Wolny,3,0,573557-5,True,a
573557,5754,2026-10-01,night,POCZESNA,6,2026-10-01 03:30:00,Artur Zmijewski,Adam Staniczek,3,1,573557-6,True,a
573557,5754,2026-10-01,night,POCZESNA,7,2026-10-01 03:55:00,Miroslaw Lewczuk,Michal Wolny,3,1,573557-7,True,a
573557,5754,2026-10-01,night,POCZESNA,8,2026-10-01 04:20:00,Jerzy Michalik,Artur Zmijewski,3,1,573557-8,True,a
573557,5754,2026-10-01,night,POCZESNA,9,2026-10-01 04:45:00,Marcin Zielinski,Adam Staniczek,1,3,573557-9,True,b
573557,5754,2026-10-01,night,POCZESNA,10,2026-10-01 05:05:00,Miroslaw Lewczuk,Artur Zmijewski,3,1,573557-10,True,a
573557,5754,2026-10-01,night,POCZESNA,11,2026-10-01 05:30:00,Jerzy Michalik,Marcin Zielinski,2,3,573557-11,True,b
573557,5754,2026-10-01,night,POCZESNA,12,2026-10-01 05:55:00,Adam Staniczek,Michal Wolny,0,3,573557-12,True,b
573557,5754,2026-10-01,night,POCZESNA,13,2026-10-01 06:20:00,Miroslaw Lewczuk,Marcin Zielinski,2,3,573557-13,True,b
573557,5754,2026-10-01,night,POCZESNA,14,2026-10-01 06:40:00,Artur Zmijewski,Michal Wolny,3,0,573557-14,True,a
573557,5754,2026-10-01,night,POCZESNA,15,2026-10-01 07:05:00,Jerzy Michalik,Adam Staniczek,3,0,573557-15,True,a
573222,5753,2026-10-01,night,HSC,1,2026-10-01 23:00:00,Jakub Glanowski,konrad Staszczyk,0,3,573222-1,True,b
573222,5753,2026-10-01,night,HSC,2,2026-10-01 23:25:00,Dominik Solilo,Adam Linek,3,1,573222-2,True,a
573222,5753,2026-10-01,night,HSC,3,2026-10-01 23:50:00,Dominik Solilo,Bartek Sulkowski,3,2,573222-3,True,a
573222,5753,2026-10-01,night,HSC,4,2026-10-01 00:10:00,konrad Staszczyk,Adam Linek,3,1,573222-4,True,a
573222,5753,2026-10-01,night,HSC,5,2026-10-01 00:35:00,Bartek Sulkowski,konrad Staszczyk,0,3,573222-5,True,b
573222,5753,2026-10-01,night,HSC,6,2026-10-01 00:55:00,Jakub Glanowski,Adam Linek,0,3,573222-6,True,b
573222,5753,2026-10-01,night,HSC,7,2026-10-01 01:20:00,Dominik Solilo,konrad Staszczyk,0,3,573222-7,True,b
573222,5753,2026-10-01,night,HSC,8,2026-10-01 01:45:00,Jakub Glanowski,Bartek Sulkowski,1,3,573222-8,True,b
573222,5753,2026-10-01,night,HSC,9,2026-10-01 02:10:00,Dominik Solilo,Jakub Glanowski,2,3,573222-9,True,b
573222,5753,2026-10-01,night,HSC,10,2026-10-01 02:35:00,Bartek Sulkowski,Adam Linek,3,1,573222-10,True,a
572998,5752,2026-10-01,night,OSP,1,2026-10-01 23:00:00,Mariusz Leczycki,Zbigniew Nocun,3,2,572998-1,True,a
572998,5752,2026-10-01,night,OSP,2,2026-10-01 23:20:00,Arkadiusz Skupinski,Aleksander Barton,3,0,572998-2,True,a
572998,5752,2026-10-01,night,OSP,3,2026-10-01 23:45:00,Andrzej Krezel,Andriej Fomin,2,3,572998-3,True,b
572998,5752,2026-10-01,night,OSP,4,2026-10-01 00:10:00,Mariusz Leczycki,Arkadiusz Skupinski,0,3,572998-4,True,b
572998,5752,2026-10-01,night,OSP,5,2026-10-01 00:35:00,Andriej Fomin,Zbigniew Nocun,3,1,572998-5,True,a
572998,5752,2026-10-01,night,OSP,6,2026-10-01 00:55:00,Andrzej Krezel,Aleksander Barton,2,3,572998-6,True,b
572998,5752,2026-10-01,night,OSP,7,2026-10-01 01:20:00,Arkadiusz Skupinski,Zbigniew Nocun,2,3,572998-7,True,b
572998,5752,2026-10-01,night,OSP,8,2026-10-01 01:45:00,Mariusz Leczycki,Andrzej Krezel,1,3,572998-8,True,b
572998,5752,2026-10-01,night,OSP,9,2026-10-01 02:10:00,Andriej Fomin,Aleksander Barton,3,2,572998-9,True,a
572998,5752,2026-10-01,night,OSP,10,2026-10-01 02:35:00,Arkadiusz Skupinski,Andrzej Krezel,1,3,572998-10,True,b
572998,5752,2026-10-01,night,OSP,11,2026-10-01 03:00:00,Mariusz Leczycki,Andriej Fomin,1,3,572998-11,True,b
572998,5752,2026-10-01,night,OSP,12,2026-10-01 03:25:00,Aleksander Barton,Zbigniew Nocun,1,3,572998-12,True,b
572998,5752,2026-10-01,night,OSP,13,2026-10-01 03:45:00,Arkadiusz Skupinski,Andriej Fomin,0,3,572998-13,True,b
572998,5752,2026-10-01,night,OSP,14,2026-10-01 04:10:00,Andrzej Krezel,Zbigniew Nocun,0,3,572998-14,True,b
572998,5752,2026-10-01,night,OSP,15,2026-10-01 04:35:00,Mariusz Leczycki,Aleksander Barton,3,0,572998-15,True,a
572996,5751,2026-10-01,night,OSP,1,2026-10-01 23:05:00,Adrian Myszewski,Jaroslaw Rolak,3,0,572996-1,True,a
572996,5751,2026-10-01,night,OSP,2,2026-10-01 23:30:00,Wojciech Iwasyszyn,Jakub Lamperski,0,3,572996-2,True,b
572996,5751,2026-10-01,night,OSP,3,2026-10-01 23:55:00,Wojciech Iwasyszyn,Kamil Klocek,3,0,572996-3,True,a
572996,5751,2026-10-01,night,OSP,4,2026-10-01 00:15:00,Jaroslaw Rolak,Jakub Lamperski,0,3,572996-4,True,b
572996,5751,2026-10-01,night,OSP,5,2026-10-01 00:35:00,Kamil Klocek,Jaroslaw Rolak,3,0,572996-5,True,a
572996,5751,2026-10-01,night,OSP,6,2026-10-01 00:55:00,Adrian Myszewski,Jakub Lamperski,3,2,572996-6,True,a
572996,5751,2026-10-01,night,OSP,7,2026-10-01 01:20:00,Wojciech Iwasyszyn,Jaroslaw Rolak,1,3,572996-7,True,b
572996,5751,2026-10-01,night,OSP,8,2026-10-01 01:45:00,Adrian Myszewski,Kamil Klocek,3,0,572996-8,True,a
572996,5751,2026-10-01,night,OSP,9,2026-10-01 02:10:00,Wojciech Iwasyszyn,Adrian Myszewski,3,1,572996-9,True,a
572996,5751,2026-10-01,night,OSP,10,2026-10-01 02:35:00,Kamil Klocek,Jakub Lamperski,3,1,572996-10,True,a
572993,5750,2026-10-01,evening,HSC,1,2026-10-01 17:00:00,Konrad Staszczyk,Arkadiusz Mugowski,3,0,572993-1,True,a
572993,5750,2026-10-01,evening,HSC,2,2026-10-01 17:25:00,Adam Linek,Dominik Solilo,1,3,572993-2,True,b
572993,5750,2026-10-01,evening,HSC,3,2026-10-01 17:45:00,Jakub Glanowski,Dawid Kosmal,1,3,572993-3,True,b
572993,5750,2026-10-01,evening,HSC,4,2026-10-01 18:05:00,Konrad Staszczyk,Adam Linek,3,1,572993-4,True,a
572993,5750,2026-10-01,evening,HSC,5,2026-10-01 18:30:00,Dawid Kosmal,Arkadiusz Mugowski,1,3,572993-5,True,b
572993,5750,2026-10-01,evening,HSC,6,2026-10-01 18:55:00,Jakub Glanowski,Dominik Solilo,2,3,572993-6,True,b
572993,5750,2026-10-01,evening,HSC,7,2026-10-01 19:20:00,Adam Linek,Arkadiusz Mugowski,3,1,572993-7,True,a
572993,5750,2026-10-01,evening,HSC,8,2026-10-01 19:40:00,Konrad Staszczyk,Jakub Glanowski,3,0,572993-8,True,a
572993,5750,2026-10-01,evening,HSC,9,2026-10-01 20:05:00,Dawid Kosmal,Dominik Solilo,3,1,572993-9,True,a
572993,5750,2026-10-01,evening,HSC,10,2026-10-01 20:30:00,Adam Linek,Jakub Glanowski,2,3,572993-10,True,b
572993,5750,2026-10-01,evening,HSC,11,2026-10-01 20:50:00,Konrad Staszczyk,Dawid Kosmal,1,3,572993-11,True,b
572993,5750,2026-10-01,evening,HSC,12,2026-10-01 21:15:00,Dominik Solilo,Arkadiusz Mugowski,3,2,572993-12,True,a
572993,5750,2026-10-01,evening,HSC,13,2026-10-01 21:40:00,Adam Linek,Dawid Kosmal,1,3,572993-13,True,b
572993,5750,2026-10-01,evening,HSC,14,2026-10-01 22:05:00,Jakub Glanowski,Arkadiusz Mugowski,3,2,572993-14,True,a
572993,5750,2026-10-01,evening,HSC,15,2026-10-01 22:30:00,Konrad Staszczyk,Dominik Solilo,3,1,572993-15,True,a
572991,5749,2026-10-01,evening,OSP,1,2026-10-01 17:00:00,Andriej Fomin,Zbigniew Nocun,1,3,572991-1,True,b
572991,5749,2026-10-01,evening,OSP,2,2026-10-01 17:25:00,Arkadiusz Skupinski,Aleksander Barton,3,0,572991-2,True,a
572991,5749,2026-10-01,evening,OSP,3,2026-10-01 17:50:00,Andrzej Krezel,Mariusz Leczycki,3,1,572991-3,True,a
572991,5749,2026-10-01,evening,OSP,4,2026-10-01 18:15:00,Andriej Fomin,Arkadiusz Skupinski,3,2,572991-4,True,a
572991,5749,2026-10-01,evening,OSP,5,2026-10-01 18:35:00,Mariusz Leczycki,Zbigniew Nocun,3,1,572991-5,True,a
572991,5749,2026-10-01,evening,OSP,6,2026-10-01 18:55:00,Andrzej Krezel,Aleksander Barton,3,0,572991-6,True,a
572991,5749,2026-10-01,evening,OSP,7,2026-10-01 19:20:00,Arkadiusz Skupinski,Zbigniew Nocun,0,3,572991-7,True,b
572991,5749,2026-10-01,evening,OSP,8,2026-10-01 19:45:00,Andriej Fomin,Andrzej Krezel,3,2,572991-8,True,a
572991,5749,2026-10-01,evening,OSP,9,2026-10-01 20:10:00,Mariusz Leczycki,Aleksander Barton,3,2,572991-9,True,a
572991,5749,2026-10-01,evening,OSP,10,2026-10-01 20:30:00,Arkadiusz Skupinski,Andrzej Krezel,3,2,572991-10,True,a
572991,5749,2026-10-01,evening,OSP,11,2026-10-01 20:55:00,Andriej Fomin,Mariusz Leczycki,2,3,572991-11,True,b
572991,5749,2026-10-01,evening,OSP,12,2026-10-01 21:20:00,Aleksander Barton,Zbigniew Nocun,1,3,572991-12,True,b
572991,5749,2026-10-01,evening,OSP,13,2026-10-01 21:40:00,Arkadiusz Skupinski,Mariusz Leczycki,0,3,572991-13,True,b
572991,5749,2026-10-01,evening,OSP,14,2026-10-01 22:05:00,Andrzej Krezel,Zbigniew Nocun,3,1,572991-14,True,a
572991,5749,2026-10-01,evening,OSP,15,2026-10-01 22:30:00,Andriej Fomin,Aleksander Barton,3,2,572991-15,True,a
572989,5748,2026-10-01,evening,OSP,1,2026-10-01 17:00:00,Wojciech Iwasyszyn,Adrian Myszewski,0,3,572989-1,True,b
572989,5748,2026-10-01,evening,OSP,2,2026-10-01 17:25:00,Marcin Kowalczyk,Jaroslaw Rolak,3,0,572989-2,True,a
572989,5748,2026-10-01,evening,OSP,3,2026-10-01 17:50:00,Jakub Lamperski,Dariusz Wrobel,3,0,572989-3,True,a
572989,5748,2026-10-01,evening,OSP,4,2026-10-01 18:15:00,Wojciech Iwasyszyn,Marcin Kowalczyk,0,3,572989-4,True,b
572989,5748,2026-10-01,evening,OSP,5,2026-10-01 18:35:00,Dariusz Wrobel,Adrian Myszewski,0,3,572989-5,True,b
572989,5748,2026-10-01,evening,OSP,6,2026-10-01 18:55:00,Jakub Lamperski,Jaroslaw Rolak,3,1,572989-6,True,a
572989,5748,2026-10-01,evening,OSP,7,2026-10-01 19:20:00,Marcin Kowalczyk,Adrian Myszewski,2,3,572989-7,True,b
572989,5748,2026-10-01,evening,OSP,8,2026-10-01 19:45:00,Wojciech Iwasyszyn,Jakub Lamperski,0,3,572989-8,True,b
572989,5748,2026-10-01,evening,OSP,9,2026-10-01 20:10:00,Dariusz Wrobel,Jaroslaw Rolak,2,3,572989-9,True,b
572989,5748,2026-10-01,evening,OSP,10,2026-10-01 20:30:00,Marcin Kowalczyk,Jakub Lamperski,0,3,572989-10,True,b
572989,5748,2026-10-01,evening,OSP,11,2026-10-01 20:55:00,Wojciech Iwasyszyn,Dariusz Wrobel,3,2,572989-11,True,a
572989,5748,2026-10-01,evening,OSP,12,2026-10-01 21:20:00,Jaroslaw Rolak,Adrian Myszewski,2,3,572989-12,True,b
572989,5748,2026-10-01,evening,OSP,13,2026-10-01 21:40:00,Marcin Kowalczyk,Dariusz Wrobel,0,3,572989-13,True,b
572989,5748,2026-10-01,evening,OSP,14,2026-10-01 22:05:00,Jakub Lamperski,Adrian Myszewski,3,2,572989-14,True,a
572989,5748,2026-10-01,evening,OSP,15,2026-10-01 22:30:00,Wojciech Iwasyszyn,Jaroslaw Rolak,3,0,572989-15,True,a
572987,5747,2026-10-01,afternoon,HSC,1,2026-10-01 11:00:00,Dawid Michna,Krystian Kolodziej,2,3,572987-1,True,b
572987,5747,2026-10-01,afternoon,HSC,2,2026-10-01 11:20:00,Lukasz Jarocki,Krzysztof Wloczko,0,3,572987-2,True,b
572987,5747,2026-10-01,afternoon,HSC,3,2026-10-01 11:40:00,Mateusz Rutkowski,Artur Grela,0,3,572987-3,True,b
572987,5747,2026-10-01,afternoon,HSC,4,2026-10-01 12:00:00,Dawid Michna,Lukasz Jarocki,3,1,572987-4,True,a
572987,5747,2026-10-01,afternoon,HSC,5,2026-10-01 12:25:00,Artur Grela,Krystian Kolodziej,3,1,572987-5,True,a
572987,5747,2026-10-01,afternoon,HSC,6,2026-10-01 12:50:00,Mateusz Rutkowski,Krzysztof Wloczko,2,3,572987-6,True,b
572987,5747,2026-10-01,afternoon,HSC,7,2026-10-01 13:15:00,Lukasz Jarocki,Krystian Kolodziej,1,3,572987-7,True,b
572987,5747,2026-10-01,afternoon,HSC,8,2026-10-01 13:40:00,Dawid Michna,Mateusz Rutkowski,1,3,572987-8,True,b
572987,5747,2026-10-01,afternoon,HSC,9,2026-10-01 14:05:00,Artur Grela,Krzysztof Wloczko,0,3,572987-9,True,b
572987,5747,2026-10-01,afternoon,HSC,10,2026-10-01 14:30:00,Lukasz Jarocki,Mateusz Rutkowski,1,3,572987-10,True,b
572987,5747,2026-10-01,afternoon,HSC,11,2026-10-01 14:55:00,Dawid Michna,Artur Grela,2,3,572987-11,True,b
572987,5747,2026-10-01,afternoon,HSC,12,2026-10-01 15:20:00,Krzysztof Wloczko,Krystian Kolodziej,3,1,572987-12,True,a
572987,5747,2026-10-01,afternoon,HSC,13,2026-10-01 15:45:00,Lukasz Jarocki,Artur Grela,0,3,572987-13,True,b
572987,5747,2026-10-01,afternoon,HSC,14,2026-10-01 16:10:00,Mateusz Rutkowski,Krystian Kolodziej,0,3,572987-14,True,b
572987,5747,2026-10-01,afternoon,HSC,15,2026-10-01 16:35:00,Dawid Michna,Krzysztof Wloczko,2,3,572987-15,True,b
572985,5746,2026-10-01,afternoon,OSP,1,2026-10-01 11:00:00,Oliver Vincenec,Wojciech Urban,3,2,572985-1,True,a
572985,5746,2026-10-01,afternoon,OSP,2,2026-10-01 11:25:00,Rafal Idaczyk,Mariusz Baron,0,3,572985-2,True,b
572985,5746,2026-10-01,afternoon,OSP,3,2026-10-01 11:50:00,Piotr Gumulinski,Pawel Slosarczyk,3,1,572985-3,True,a
572985,5746,2026-10-01,afternoon,OSP,4,2026-10-01 12:10:00,Oliver Vincenec,Rafal Idaczyk,0,3,572985-4,True,b
572985,5746,2026-10-01,afternoon,OSP,5,2026-10-01 12:35:00,Pawel Slosarczyk,Wojciech Urban,2,3,572985-5,True,b
572985,5746,2026-10-01,afternoon,OSP,6,2026-10-01 13:00:00,Piotr Gumulinski,Mariusz Baron,2,3,572985-6,True,b
572985,5746,2026-10-01,afternoon,OSP,7,2026-10-01 13:25:00,Rafal Idaczyk,Wojciech Urban,1,3,572985-7,True,b
572985,5746,2026-10-01,afternoon,OSP,8,2026-10-01 13:50:00,Oliver Vincenec,Piotr Gumulinski,2,3,572985-8,True,b
572985,5746,2026-10-01,afternoon,OSP,9,2026-10-01 14:15:00,Pawel Slosarczyk,Mariusz Baron,3,2,572985-9,True,a
572985,5746,2026-10-01,afternoon,OSP,10,2026-10-01 14:40:00,Rafal Idaczyk,Piotr Gumulinski,1,3,572985-10,True,b
572985,5746,2026-10-01,afternoon,OSP,11,2026-10-01 15:05:00,Oliver Vincenec,Pawel Slosarczyk,1,3,572985-11,True,b
572985,5746,2026-10-01,afternoon,OSP,12,2026-10-01 15:30:00,Mariusz Baron,Wojciech Urban,3,1,572985-12,True,a
572985,5746,2026-10-01,afternoon,OSP,13,2026-10-01 15:55:00,Rafal Idaczyk,Pawel Slosarczyk,1,3,572985-13,True,b
572985,5746,2026-10-01,afternoon,OSP,14,2026-10-01 16:20:00,Piotr Gumulinski,Wojciech Urban,3,1,572985-14,True,a
572985,5746,2026-10-01,afternoon,OSP,15,2026-10-01 16:40:00,Oliver Vincenec,Mariusz Baron,3,0,572985-15,True,a
572983,5745,2026-10-01,afternoon,HSC,1,2026-10-01 11:00:00,Jakub Kwapis,Maciej Kolek,2,3,572983-1,True,b
572983,5745,2026-10-01,afternoon,HSC,2,2026-10-01 11:20:00,Michal Olbrycht,Patryk Jendrzejewski,3,1,572983-2,True,a
572983,5745,2026-10-01,afternoon,HSC,3,2026-10-01 11:45:00,Grzegorz Poliniewicz,Krzysztof Kapik,3,2,572983-3,True,a
572983,5745,2026-10-01,afternoon,HSC,4,2026-10-01 12:05:00,Jakub Kwapis,Michal Olbrycht,3,2,572983-4,True,a
572983,5745,2026-10-01,afternoon,HSC,5,2026-10-01 12:30:00,Krzysztof Kapik,Maciej Kolek,3,1,572983-5,True,a
572983,5745,2026-10-01,afternoon,HSC,6,2026-10-01 12:55:00,Grzegorz Poliniewicz,Patryk Jendrzejewski,1,3,572983-6,True,b
572983,5745,2026-10-01,afternoon,HSC,7,2026-10-01 13:20:00,Michal Olbrycht,Maciej Kolek,2,3,572983-7,True,b
572983,5745,2026-10-01,afternoon,HSC,8,2026-10-01 13:45:00,Jakub Kwapis,Grzegorz Poliniewicz,3,2,572983-8,True,a
572983,5745,2026-10-01,afternoon,HSC,9,2026-10-01 14:10:00,Krzysztof Kapik,Patryk Jendrzejewski,3,1,572983-9,True,a
572983,5745,2026-10-01,afternoon,HSC,10,2026-10-01 14:35:00,Michal Olbrycht,Grzegorz Poliniewicz,3,1,572983-10,True,a
572983,5745,2026-10-01,afternoon,HSC,11,2026-10-01 15:00:00,Jakub Kwapis,Krzysztof Kapik,3,1,572983-11,True,a
572983,5745,2026-10-01,afternoon,HSC,12,2026-10-01 15:25:00,Patryk Jendrzejewski,Maciej Kolek,3,0,572983-12,True,a
572983,5745,2026-10-01,afternoon,HSC,13,2026-10-01 15:50:00,Michal Olbrycht,Krzysztof Kapik,0,3,572983-13,True,b
572983,5745,2026-10-01,afternoon,HSC,14,2026-10-01 16:15:00,Grzegorz Poliniewicz,Maciej Kolek,3,1,572983-14,True,a
572983,5745,2026-10-01,afternoon,HSC,15,2026-10-01 16:35:00,Jakub Kwapis,Patryk Jendrzejewski,1,3,572983-15,True,b
572981,5744,2026-10-01,afternoon,OSP,1,2026-10-01 11:00:00,Dawid Kosmal,Jakub Zochniak,3,1,572981-1,True,a
572981,5744,2026-10-01,afternoon,OSP,2,2026-10-01 11:25:00,Michal Minda,Bartosz Czerwinski,2,3,572981-2,True,b
572981,5744,2026-10-01,afternoon,OSP,3,2026-10-01 11:50:00,Rafal Stapor,Arkadiusz Mugowski,3,2,572981-3,True,a
572981,5744,2026-10-01,afternoon,OSP,4,2026-10-01 12:10:00,Dawid Kosmal,Michal Minda,3,2,572981-4,True,a
572981,5744,2026-10-01,afternoon,OSP,5,2026-10-01 12:35:00,Arkadiusz Mugowski,Jakub Zochniak,1,3,572981-5,True,b
572981,5744,2026-10-01,afternoon,OSP,6,2026-10-01 13:00:00,Rafal Stapor,Bartosz Czerwinski,0,3,572981-6,True,b
572981,5744,2026-10-01,afternoon,OSP,7,2026-10-01 13:25:00,Michal Minda,Jakub Zochniak,1,3,572981-7,True,b
572981,5744,2026-10-01,afternoon,OSP,8,2026-10-01 13:50:00,Dawid Kosmal,Rafal Stapor,2,3,572981-8,True,b
572981,5744,2026-10-01,afternoon,OSP,9,2026-10-01 14:15:00,Arkadiusz Mugowski,Bartosz Czerwinski,3,2,572981-9,True,a
572981,5744,2026-10-01,afternoon,OSP,10,2026-10-01 14:40:00,Michal Minda,Rafal Stapor,2,3,572981-10,True,b
572981,5744,2026-10-01,afternoon,OSP,11,2026-10-01 15:05:00,Dawid Kosmal,Arkadiusz Mugowski,3,2,572981-11,True,a
572981,5744,2026-10-01,afternoon,OSP,12,2026-10-01 15:30:00,Bartosz Czerwinski,Jakub Zochniak,3,2,572981-12,True,a
572981,5744,2026-10-01,afternoon,OSP,13,2026-10-01 15:55:00,Michal Minda,Arkadiusz Mugowski,2,3,572981-13,True,b
572981,5744,2026-10-01,afternoon,OSP,14,2026-10-01 16:20:00,Rafal Stapor,Jakub Zochniak,0,3,572981-14,True,b
572981,5744,2026-10-01,afternoon,OSP,15,2026-10-01 16:40:00,Dawid Kosmal,Bartosz Czerwinski,3,0,572981-15,True,a
572979,5743,2026-10-01,morning,HSC,1,2026-10-01 05:00:00,Lukasz Jarocki,Jakub Kuzmicz,3,1,572979-1,True,a
572979,5743,2026-10-01,morning,HSC,2,2026-10-01 05:25:00,Krzysztof Wloczko,Artur Grela,1,3,572979-2,True,b
572979,5743,2026-10-01,morning,HSC,3,2026-10-01 05:45:00,Dawid Michna,Marcin Jadczyk,3,2,572979-3,True,a
572979,5743,2026-10-01,morning,HSC,4,2026-10-01 06:10:00,Lukasz Jarocki,Krzysztof Wloczko,3,0,572979-4,True,a
572979,5743,2026-10-01,morning,HSC,5,2026-10-01 06:30:00,Marcin Jadczyk,Jakub Kuzmicz,3,0,572979-5,True,a
572979,5743,2026-10-01,morning,HSC,6,2026-10-01 06:55:00,Dawid Michna,Artur Grela,3,2,572979-6,True,a
572979,5743,2026-10-01,morning,HSC,7,2026-10-01 07:15:00,Krzysztof Wloczko,Jakub Kuzmicz,3,1,572979-7,True,a
572979,5743,2026-10-01,morning,HSC,8,2026-10-01 07:40:00,Lukasz Jarocki,Dawid Michna,3,2,572979-8,True,a
572979,5743,2026-10-01,morning,HSC,9,2026-10-01 08:05:00,Marcin Jadczyk,Artur Grela,2,3,572979-9,True,b
572979,5743,2026-10-01,morning,HSC,10,2026-10-01 08:30:00,Krzysztof Wloczko,Dawid Michna,2,3,572979-10,True,b
572979,5743,2026-10-01,morning,HSC,11,2026-10-01 08:55:00,Lukasz Jarocki,Marcin Jadczyk,0,3,572979-11,True,b
572979,5743,2026-10-01,morning,HSC,12,2026-10-01 09:20:00,Artur Grela,Jakub Kuzmicz,3,0,572979-12,True,a
572979,5743,2026-10-01,morning,HSC,13,2026-10-01 09:45:00,Krzysztof Wloczko,Marcin Jadczyk,0,3,572979-13,True,b
572979,5743,2026-10-01,morning,HSC,14,2026-10-01 10:05:00,Dawid Michna,Jakub Kuzmicz,0,3,572979-14,True,b
572979,5743,2026-10-01,morning,HSC,15,2026-10-01 10:30:00,Lukasz Jarocki,Artur Grela,0,3,572979-15,True,b
572977,5742,2026-10-01,morning,OSP,1,2026-10-01 05:00:00,Pawel Slosarczyk,Wojciech Urban,0,3,572977-1,True,b
572977,5742,2026-10-01,morning,OSP,2,2026-10-01 05:25:00,Rafal Idaczyk,Mariusz Baron,3,1,572977-2,True,a
572977,5742,2026-10-01,morning,OSP,3,2026-10-01 05:50:00,Piotr Gumulinski,Oliver Vincenec,3,1,572977-3,True,a
572977,5742,2026-10-01,morning,OSP,4,2026-10-01 06:10:00,Pawel Slosarczyk,Rafal Idaczyk,2,3,572977-4,True,b
572977,5742,2026-10-01,morning,OSP,5,2026-10-01 06:30:00,Oliver Vincenec,Wojciech Urban,3,1,572977-5,True,a
572977,5742,2026-10-01,morning,OSP,6,2026-10-01 06:55:00,Piotr Gumulinski,Mariusz Baron,3,2,572977-6,True,a
572977,5742,2026-10-01,morning,OSP,7,2026-10-01 07:15:00,Rafal Idaczyk,Wojciech Urban,3,1,572977-7,True,a
572977,5742,2026-10-01,morning,OSP,8,2026-10-01 07:40:00,Pawel Slosarczyk,Piotr Gumulinski,1,3,572977-8,True,b
572977,5742,2026-10-01,morning,OSP,9,2026-10-01 08:05:00,Oliver Vincenec,Mariusz Baron,0,3,572977-9,True,b
572977,5742,2026-10-01,morning,OSP,10,2026-10-01 08:30:00,Rafal Idaczyk,Piotr Gumulinski,2,3,572977-10,True,b
572977,5742,2026-10-01,morning,OSP,11,2026-10-01 08:55:00,Pawel Slosarczyk,Oliver Vincenec,3,0,572977-11,True,a
572977,5742,2026-10-01,morning,OSP,12,2026-10-01 09:20:00,Mariusz Baron,Wojciech Urban,3,2,572977-12,True,a
572977,5742,2026-10-01,morning,OSP,13,2026-10-01 09:45:00,Rafal Idaczyk,Oliver Vincenec,1,3,572977-13,True,b
572977,5742,2026-10-01,morning,OSP,14,2026-10-01 10:10:00,Piotr Gumulinski,Wojciech Urban,3,0,572977-14,True,a
572977,5742,2026-10-01,morning,OSP,15,2026-10-01 10:35:00,Pawel Slosarczyk,Mariusz Baron,2,3,572977-15,True,b
572975,5741,2026-10-01,morning,HSC,1,2026-10-01 05:00:00,Michal Olbrycht,Maciej Kolek,3,1,572975-1,True,a
572975,5741,2026-10-01,morning,HSC,2,2026-10-01 05:20:00,Karol Wisniewski,Krzysztof Kapik,3,1,572975-2,True,a
572975,5741,2026-10-01,morning,HSC,3,2026-10-01 05:40:00,Jakub Kwapis,Patryk Jendrzejewski,2,3,572975-3,True,b
572975,5741,2026-10-01,morning,HSC,4,2026-10-01 06:00:00,Michal Olbrycht,Karol Wisniewski,3,1,572975-4,True,a
572975,5741,2026-10-01,morning,HSC,5,2026-10-01 06:25:00,Patryk Jendrzejewski,Maciej Kolek,0,3,572975-5,True,b
572975,5741,2026-10-01,morning,HSC,6,2026-10-01 06:50:00,Jakub Kwapis,Krzysztof Kapik,3,1,572975-6,True,a
572975,5741,2026-10-01,morning,HSC,7,2026-10-01 07:15:00,Karol Wisniewski,Maciej Kolek,1,3,572975-7,True,b
572975,5741,2026-10-01,morning,HSC,8,2026-10-01 07:35:00,Michal Olbrycht,Jakub Kwapis,0,3,572975-8,True,b
572975,5741,2026-10-01,morning,HSC,9,2026-10-01 08:00:00,Patryk Jendrzejewski,Krzysztof Kapik,2,3,572975-9,True,b
572975,5741,2026-10-01,morning,HSC,10,2026-10-01 08:25:00,Karol Wisniewski,Jakub Kwapis,0,3,572975-10,True,b
572975,5741,2026-10-01,morning,HSC,11,2026-10-01 08:50:00,Michal Olbrycht,Patryk Jendrzejewski,1,3,572975-11,True,b
572975,5741,2026-10-01,morning,HSC,12,2026-10-01 09:15:00,Krzysztof Kapik,Maciej Kolek,2,3,572975-12,True,b
572975,5741,2026-10-01,morning,HSC,13,2026-10-01 09:40:00,Karol Wisniewski,Patryk Jendrzejewski,0,3,572975-13,True,b
572975,5741,2026-10-01,morning,HSC,14,2026-10-01 10:05:00,Jakub Kwapis,Maciej Kolek,2,3,572975-14,True,b
572975,5741,2026-10-01,morning,HSC,15,2026-10-01 10:30:00,Michal Olbrycht,Krzysztof Kapik,2,3,572975-15,True,b
572973,5740,2026-10-01,morning,OSP,1,2026-10-01 05:00:00,Michal Minda,Karol Sulkowski,3,1,572973-1,True,a
572973,5740,2026-10-01,morning,OSP,2,2026-10-01 05:25:00,Blazej Warpas,Rafal Stapor,0,3,572973-2,True,b
572973,5740,2026-10-01,morning,OSP,3,2026-10-01 05:50:00,Milosz Kukawka,Mikolaj Lukaszewski,3,0,572973-3,True,a
572973,5740,2026-10-01,morning,OSP,4,2026-10-01 06:45:00,Michal Minda,Blazej Warpas,1,3,572973-4,True,b
572973,5740,2026-10-01,morning,OSP,5,2026-10-01 07:00:00,Mikolaj Lukaszewski,Karol Sulkowski,0,3,572973-5,True,b
572973,5740,2026-10-01,morning,OSP,6,2026-10-01 07:20:00,Milosz Kukawka,Rafal Stapor,2,3,572973-6,True,b
572973,5740,2026-10-01,morning,OSP,7,2026-10-01 07:40:00,Blazej Warpas,Karol Sulkowski,0,3,572973-7,True,b
572973,5740,2026-10-01,morning,OSP,8,2026-10-01 08:00:00,Michal Minda,Milosz Kukawka,1,3,572973-8,True,b
572973,5740,2026-10-01,morning,OSP,9,2026-10-01 08:20:00,Mikolaj Lukaszewski,Rafal Stapor,1,3,572973-9,True,b
572973,5740,2026-10-01,morning,OSP,10,2026-10-01 08:40:00,Blazej Warpas,Milosz Kukawka,3,0,572973-10,True,a
572973,5740,2026-10-01,morning,OSP,11,2026-10-01 09:00:00,Michal Minda,Mikolaj Lukaszewski,3,1,572973-11,True,a
572973,5740,2026-10-01,morning,OSP,12,2026-10-01 09:20:00,Rafal Stapor,Karol Sulkowski,3,1,572973-12,True,a
572973,5740,2026-10-01,morning,OSP,13,2026-10-01 09:40:00,Blazej Warpas,Mikolaj Lukaszewski,3,1,572973-13,True,a
572973,5740,2026-10-01,morning,OSP,14,2026-10-01 10:10:00,Milosz Kukawka,Karol Sulkowski,3,2,572973-14,True,a
572973,5740,2026-10-01,morning,OSP,15,2026-10-01 10:35:00,Michal Minda,Rafal Stapor,3,2,572973-15,True,a
572971,5739,2026-10-01,night,BLACHOWNIA,1,2026-10-01 23:10:00,Michal Guzik,Marian Lebek,3,0,572971-1,True,a
572971,5739,2026-10-01,night,BLACHOWNIA,2,2026-10-01 23:35:00,Grzegorz Jurowicz,Oliwier Sokolowski,1,3,572971-2,True,b
572971,5739,2026-10-01,night,BLACHOWNIA,3,2026-10-01 00:00:00,Marek Tkocz,Kacper Adamus,3,1,572971-3,True,a
572971,5739,2026-10-01,night,BLACHOWNIA,4,2026-10-01 00:25:00,Michal Guzik,Grzegorz Jurowicz,3,1,572971-4,True,a
572971,5739,2026-10-01,night,BLACHOWNIA,5,2026-10-01 00:50:00,Kacper Adamus,Marian Lebek,1,3,572971-5,True,b
572971,5739,2026-10-01,night,BLACHOWNIA,6,2026-10-01 01:10:00,Marek Tkocz,Oliwier Sokolowski,3,0,572971-6,True,a
572971,5739,2026-10-01,night,BLACHOWNIA,7,2026-10-01 01:35:00,Grzegorz Jurowicz,Marian Lebek,3,2,572971-7,True,a
572971,5739,2026-10-01,night,BLACHOWNIA,8,2026-10-01 02:00:00,Michal Guzik,Marek Tkocz,1,3,572971-8,True,b
572971,5739,2026-10-01,night,BLACHOWNIA,9,2026-10-01 02:25:00,Kacper Adamus,Oliwier Sokolowski,1,3,572971-9,True,b
572971,5739,2026-10-01,night,BLACHOWNIA,10,2026-10-01 02:45:00,Grzegorz Jurowicz,Marek Tkocz,3,2,572971-10,True,a
572971,5739,2026-10-01,night,BLACHOWNIA,11,2026-10-01 03:10:00,Michal Guzik,Kacper Adamus,3,1,572971-11,True,a
572971,5739,2026-10-01,night,BLACHOWNIA,12,2026-10-01 03:35:00,Oliwier Sokolowski,Marian Lebek,0,3,572971-12,True,b
572971,5739,2026-10-01,night,BLACHOWNIA,13,2026-10-01 04:00:00,Grzegorz Jurowicz,Kacper Adamus,3,2,572971-13,True,a
572971,5739,2026-10-01,night,BLACHOWNIA,14,2026-10-01 04:20:00,Marek Tkocz,Marian Lebek,0,3,572971-14,True,b
572971,5739,2026-10-01,night,BLACHOWNIA,15,2026-10-01 04:45:00,Michal Guzik,Oliwier Sokolowski,1,3,572971-15,True,b
572969,5738,2026-10-01,evening,BLACHOWNIA,1,2026-10-01 17:10:00,Kacper Adamus,Krzysztof Juszczyk,3,0,572969-1,True,a
572969,5738,2026-10-01,evening,BLACHOWNIA,2,2026-10-01 17:35:00,Mariusz Koczyba,Marek Tkocz,3,2,572969-2,True,a
572969,5738,2026-10-01,evening,BLACHOWNIA,3,2026-10-01 18:00:00,Wojciech Pytlas,Grzegorz Jurowicz,3,1,572969-3,True,a
572969,5738,2026-10-01,evening,BLACHOWNIA,4,2026-10-01 18:25:00,Kacper Adamus,Mariusz Koczyba,3,2,572969-4,True,a
572969,5738,2026-10-01,evening,BLACHOWNIA,5,2026-10-01 18:50:00,Grzegorz Jurowicz,Krzysztof Juszczyk,1,3,572969-5,True,b
572969,5738,2026-10-01,evening,BLACHOWNIA,6,2026-10-01 19:10:00,Wojciech Pytlas,Marek Tkocz,1,3,572969-6,True,b
572969,5738,2026-10-01,evening,BLACHOWNIA,7,2026-10-01 19:35:00,Mariusz Koczyba,Krzysztof Juszczyk,3,1,572969-7,True,a
572969,5738,2026-10-01,evening,BLACHOWNIA,8,2026-10-01 20:00:00,Kacper Adamus,Wojciech Pytlas,0,3,572969-8,True,b
572969,5738,2026-10-01,evening,BLACHOWNIA,9,2026-10-01 20:25:00,Grzegorz Jurowicz,Marek Tkocz,3,2,572969-9,True,a
572969,5738,2026-10-01,evening,BLACHOWNIA,10,2026-10-01 20:45:00,Mariusz Koczyba,Wojciech Pytlas,1,3,572969-10,True,b
572969,5738,2026-10-01,evening,BLACHOWNIA,11,2026-10-01 21:10:00,Kacper Adamus,Grzegorz Jurowicz,3,0,572969-11,True,a
572969,5738,2026-10-01,evening,BLACHOWNIA,12,2026-10-01 21:35:00,Marek Tkocz,Krzysztof Juszczyk,3,1,572969-12,True,a
572969,5738,2026-10-01,evening,BLACHOWNIA,13,2026-10-01 22:00:00,Mariusz Koczyba,Grzegorz Jurowicz,3,2,572969-13,True,a
572969,5738,2026-10-01,evening,BLACHOWNIA,14,2026-10-01 22:20:00,Wojciech Pytlas,Krzysztof Juszczyk,0,3,572969-14,True,b
572969,5738,2026-10-01,evening,BLACHOWNIA,15,2026-10-01 22:45:00,Kacper Adamus,Marek Tkocz,1,3,572969-15,True,b
572966,5737,2026-10-01,morning,BLACHOWNIA,1,2026-10-01 05:10:00,Oliwier Sokolowski,Marian Lebek,0,3,572966-1,True,b
572966,5737,2026-10-01,morning,BLACHOWNIA,2,2026-10-01 05:35:00,Lukasz Oracz,Adrian Burkacki,2,3,572966-2,True,b
572966,5737,2026-10-01,morning,BLACHOWNIA,3,2026-10-01 06:00:00,Michal Jozefiak,Pawel Kurek,0,3,572966-3,True,b
572966,5737,2026-10-01,morning,BLACHOWNIA,4,2026-10-01 06:25:00,Oliwier Sokolowski,Lukasz Oracz,3,0,572966-4,True,a
572966,5737,2026-10-01,morning,BLACHOWNIA,5,2026-10-01 06:50:00,Pawel Kurek,Marian Lebek,3,2,572966-5,True,a
572966,5737,2026-10-01,morning,BLACHOWNIA,6,2026-10-01 07:10:00,Michal Jozefiak,Adrian Burkacki,3,0,572966-6,True,a
572966,5737,2026-10-01,morning,BLACHOWNIA,7,2026-10-01 07:35:00,Lukasz Oracz,Marian Lebek,0,3,572966-7,True,b
572966,5737,2026-10-01,morning,BLACHOWNIA,8,2026-10-01 08:00:00,Oliwier Sokolowski,Michal Jozefiak,2,3,572966-8,True,b
572966,5737,2026-10-01,morning,BLACHOWNIA,9,2026-10-01 08:25:00,Pawel Kurek,Adrian Burkacki,0,3,572966-9,True,b
572966,5737,2026-10-01,morning,BLACHOWNIA,10,2026-10-01 08:45:00,Lukasz Oracz,Michal Jozefiak,1,3,572966-10,True,b
572966,5737,2026-10-01,morning,BLACHOWNIA,11,2026-10-01 09:10:00,Oliwier Sokolowski,Pawel Kurek,0,3,572966-11,True,b
572966,5737,2026-10-01,morning,BLACHOWNIA,12,2026-10-01 09:35:00,Adrian Burkacki,Marian Lebek,1,3,572966-12,True,b
572966,5737,2026-10-01,morning,BLACHOWNIA,13,2026-10-01 10:00:00,Lukasz Oracz,Pawel Kurek,3,1,572966-13,True,a
572966,5737,2026-10-01,morning,BLACHOWNIA,14,2026-10-01 10:20:00,Michal Jozefiak,Marian Lebek,0,3,572966-14,True,b
572966,5737,2026-10-01,morning,BLACHOWNIA,15,2026-10-01 10:45:00,Oliwier Sokolowski,Adrian Burkacki,3,1,572966-15,True,a
572964,5736,2026-10-01,evening,POCZESNA,1,2026-10-01 19:30:00,Marcin Zielinski,Michal Wolny,3,2,572964-1,True,a
572964,5736,2026-10-01,evening,POCZESNA,2,2026-10-01 19:55:00,Miroslaw Lewczuk,Adam Staniczek,3,1,572964-2,True,a
572964,5736,2026-10-01,evening,POCZESNA,3,2026-10-01 20:20:00,Artur Zmijewski,Dariusz Molenda,2,3,572964-3,True,b
572964,5736,2026-10-01,evening,POCZESNA,4,2026-10-01 20:45:00,Marcin Zielinski,Miroslaw Lewczuk,3,2,572964-4,True,a
572964,5736,2026-10-01,evening,POCZESNA,5,2026-10-01 21:10:00,Dariusz Molenda,Michal Wolny,3,0,572964-5,True,a
572964,5736,2026-10-01,evening,POCZESNA,6,2026-10-01 21:30:00,Artur Zmijewski,Adam Staniczek,1,3,572964-6,True,b
572964,5736,2026-10-01,evening,POCZESNA,7,2026-10-01 21:55:00,Miroslaw Lewczuk,Michal Wolny,3,0,572964-7,True,a
572964,5736,2026-10-01,evening,POCZESNA,8,2026-10-01 22:20:00,Marcin Zielinski,Artur Zmijewski,3,2,572964-8,True,a
572964,5736,2026-10-01,evening,POCZESNA,9,2026-10-01 22:45:00,Dariusz Molenda,Adam Staniczek,3,2,572964-9,True,a
572964,5736,2026-10-01,evening,POCZESNA,10,2026-10-01 23:05:00,Miroslaw Lewczuk,Artur Zmijewski,2,3,572964-10,True,b
572964,5736,2026-10-01,evening,POCZESNA,11,2026-10-01 23:30:00,Marcin Zielinski,Dariusz Molenda,3,2,572964-11,True,a
572964,5736,2026-10-01,evening,POCZESNA,12,2026-10-01 23:55:00,Adam Staniczek,Michal Wolny,0,3,572964-12,True,b
572964,5736,2026-10-01,evening,POCZESNA,13,2026-10-01 00:20:00,Miroslaw Lewczuk,Dariusz Molenda,3,0,572964-13,True,a
572964,5736,2026-10-01,evening,POCZESNA,14,2026-10-01 00:40:00,Artur Zmijewski,Michal Wolny,3,0,572964-14,True,a
572964,5736,2026-10-01,evening,POCZESNA,15,2026-10-01 01:05:00,Marcin Zielinski,Adam Staniczek,3,1,572964-15,True,a
572960,5735,2026-10-01,afternoon,POCZESNA,1,2026-10-01 13:30:00,Wiktor Ptak,Jakub Kaczmarek,3,1,572960-1,True,a
572960,5735,2026-10-01,afternoon,POCZESNA,2,2026-10-01 13:55:00,Waldemar Glanowski,Jakub Nowak,3,1,572960-2,True,a
572960,5735,2026-10-01,afternoon,POCZESNA,3,2026-10-01 14:20:00,Rafal Skotniczny,Rafal Niemiec,3,2,572960-3,True,a
572960,5735,2026-10-01,afternoon,POCZESNA,4,2026-10-01 14:45:00,Wiktor Ptak,Waldemar Glanowski,0,3,572960-4,True,b
572960,5735,2026-10-01,afternoon,POCZESNA,5,2026-10-01 15:10:00,Rafal Niemiec,Jakub Kaczmarek,3,1,572960-5,True,a
572960,5735,2026-10-01,afternoon,POCZESNA,6,2026-10-01 15:30:00,Rafal Skotniczny,Jakub Nowak,3,1,572960-6,True,a
572960,5735,2026-10-01,afternoon,POCZESNA,7,2026-10-01 15:55:00,Waldemar Glanowski,Jakub Kaczmarek,2,3,572960-7,True,b
572960,5735,2026-10-01,afternoon,POCZESNA,8,2026-10-01 16:20:00,Wiktor Ptak,Rafal Skotniczny,0,3,572960-8,True,b
572960,5735,2026-10-01,afternoon,POCZESNA,9,2026-10-01 16:45:00,Rafal Niemiec,Jakub Nowak,3,1,572960-9,True,a
572960,5735,2026-10-01,afternoon,POCZESNA,10,2026-10-01 17:05:00,Waldemar Glanowski,Rafal Skotniczny,1,3,572960-10,True,b
572960,5735,2026-10-01,afternoon,POCZESNA,11,2026-10-01 17:30:00,Wiktor Ptak,Rafal Niemiec,3,2,572960-11,True,a
572960,5735,2026-10-01,afternoon,POCZESNA,12,2026-10-01 17:55:00,Jakub Nowak,Jakub Kaczmarek,3,0,572960-12,True,a
572960,5735,2026-10-01,afternoon,POCZESNA,13,2026-10-01 18:20:00,Waldemar Glanowski,Rafal Niemiec,0,3,572960-13,True,b
572960,5735,2026-10-01,afternoon,POCZESNA,14,2026-10-01 18:40:00,Rafal Skotniczny,Jakub Kaczmarek,3,1,572960-14,True,a
572960,5735,2026-10-01,afternoon,POCZESNA,15,2026-10-01 19:05:00,Wiktor Ptak,Jakub Nowak,3,0,572960-15,True,a
572958,5734,2026-10-01,morning,POCZESNA,1,2026-10-01 07:30:00,Rafal Niemiec,Jakub Kaczmarek,3,1,572958-1,True,a
572958,5734,2026-10-01,morning,POCZESNA,2,2026-10-01 07:55:00,Waldemar Glanowski,Jakub Nowak,0,3,572958-2,True,b
572958,5734,2026-10-01,morning,POCZESNA,3,2026-10-01 08:20:00,Rafal Skotniczny,Wiktor Ptak,3,1,572958-3,True,a
572958,5734,2026-10-01,morning,POCZESNA,4,2026-10-01 08:45:00,Rafal Niemiec,Waldemar Glanowski,3,2,572958-4,True,a
572958,5734,2026-10-01,morning,POCZESNA,5,2026-10-01 09:10:00,Wiktor Ptak,Jakub Kaczmarek,0,3,572958-5,True,b
572958,5734,2026-10-01,morning,POCZESNA,6,2026-10-01 09:30:00,Rafal Skotniczny,Jakub Nowak,3,0,572958-6,True,a
572958,5734,2026-10-01,morning,POCZESNA,7,2026-10-01 09:55:00,Waldemar Glanowski,Jakub Kaczmarek,3,2,572958-7,True,a
572958,5734,2026-10-01,morning,POCZESNA,8,2026-10-01 10:20:00,Rafal Niemiec,Rafal Skotniczny,1,3,572958-8,True,b
572958,5734,2026-10-01,morning,POCZESNA,9,2026-10-01 10:45:00,Wiktor Ptak,Jakub Nowak,2,3,572958-9,True,b
572958,5734,2026-10-01,morning,POCZESNA,10,2026-10-01 11:05:00,Waldemar Glanowski,Rafal Skotniczny,3,1,572958-10,True,a
572958,5734,2026-10-01,morning,POCZESNA,11,2026-10-01 11:30:00,Rafal Niemiec,Wiktor Ptak,3,1,572958-11,True,a
572958,5734,2026-10-01,morning,POCZESNA,12,2026-10-01 11:55:00,Jakub Nowak,Jakub Kaczmarek,2,3,572958-12,True,b
572958,5734,2026-10-01,morning,POCZESNA,13,2026-10-01 12:20:00,Waldemar Glanowski,Wiktor Ptak,3,2,572958-13,True,a
572958,5734,2026-10-01,morning,POCZESNA,14,2026-10-01 12:40:00,Rafal Skotniczny,Jakub Kaczmarek,3,2,572958-14,True,a
572958,5734,2026-10-01,morning,POCZESNA,15,2026-10-01 13:05:00,Rafal Niemiec,Jakub Nowak,3,0,572958-15,True,a
572953,5733,2026-09-30,night,POCZESNA,1,2026-09-30 01:30:00,Andriej Fomin,Jacek Zelezik,0,3,572953-1,True,b
572953,5733,2026-09-30,night,POCZESNA,2,2026-09-30 01:55:00,Witold Stechly,Adam Staniczek,0,3,572953-2,True,b
572953,5733,2026-09-30,night,POCZESNA,3,2026-09-30 02:20:00,Marcin Zielinski,Jerzy Michalik,0,3,572953-3,True,b
572953,5733,2026-09-30,night,POCZESNA,4,2026-09-30 02:45:00,Andriej Fomin,Witold Stechly,2,3,572953-4,True,b
572953,5733,2026-09-30,night,POCZESNA,5,2026-09-30 03:10:00,Jerzy Michalik,Jacek Zelezik,0,3,572953-5,True,b
572953,5733,2026-09-30,night,POCZESNA,6,2026-09-30 03:30:00,Marcin Zielinski,Adam Staniczek,0,3,572953-6,True,b
572953,5733,2026-09-30,night,POCZESNA,7,2026-09-30 03:55:00,Witold Stechly,Jacek Zelezik,0,3,572953-7,True,b
572953,5733,2026-09-30,night,POCZESNA,8,2026-09-30 04:20:00,Andriej Fomin,Marcin Zielinski,3,1,572953-8,True,a
572953,5733,2026-09-30,night,POCZESNA,9,2026-09-30 04:45:00,Jerzy Michalik,Adam Staniczek,2,3,572953-9,True,b
572953,5733,2026-09-30,night,POCZESNA,10,2026-09-30 05:05:00,Witold Stechly,Marcin Zielinski,0,3,572953-10,True,b
572953,5733,2026-09-30,night,POCZESNA,11,2026-09-30 05:30:00,Andriej Fomin,Jerzy Michalik,1,3,572953-11,True,b
572953,5733,2026-09-30,night,POCZESNA,12,2026-09-30 05:55:00,Adam Staniczek,Jacek Zelezik,1,3,572953-12,True,b
572953,5733,2026-09-30,night,POCZESNA,13,2026-09-30 06:20:00,Witold Stechly,Jerzy Michalik,2,3,572953-13,True,b
572953,5733,2026-09-30,night,POCZESNA,14,2026-09-30 06:40:00,Marcin Zielinski,Jacek Zelezik,3,2,572953-14,True,a
572953,5733,2026-09-30,night,POCZESNA,15,2026-09-30 07:05:00,Andriej Fomin,Adam Staniczek,3,1,572953-15,True,a
572720,5732,2026-09-30,night,HSC,1,2026-09-30 23:00:00,Bartek Sulkowski,Kamil Rudomina,0,3,572720-1,True,b
572720,5732,2026-09-30,night,HSC,2,2026-09-30 23:25:00,Dominik Solilo,Przemyslaw Blocho,1,3,572720-2,True,b
572720,5732,2026-09-30,night,HSC,3,2026-09-30 23:50:00,Dominik Solilo,Konrad Staszczyk,1,3,572720-3,True,b
572720,5732,2026-09-30,night,HSC,4,2026-09-30 00:10:00,Kamil Rudomina,Przemyslaw Blocho,1,3,572720-4,True,b
572720,5732,2026-09-30,night,HSC,5,2026-09-30 00:35:00,Konrad Staszczyk,Kamil Rudomina,3,1,572720-5,True,a
572720,5732,2026-09-30,night,HSC,6,2026-09-30 00:55:00,Bartek Sulkowski,Przemyslaw Blocho,0,3,572720-6,True,b
572720,5732,2026-09-30,night,HSC,7,2026-09-30 01:20:00,Dominik Solilo,Kamil Rudomina,1,3,572720-7,True,b
572720,5732,2026-09-30,night,HSC,8,2026-09-30 01:45:00,Bartek Sulkowski,Konrad Staszczyk,0,3,572720-8,True,b
572720,5732,2026-09-30,night,HSC,9,2026-09-30 02:10:00,Dominik Solilo,Bartek Sulkowski,3,1,572720-9,True,a
572720,5732,2026-09-30,night,HSC,10,2026-09-30 02:35:00,Konrad Staszczyk,Przemyslaw Blocho,3,2,572720-10,True,a
572446,5731,2026-09-30,night,OSP,1,2026-09-30 23:00:00,Henryk Tkaczyk,Zbigniew Nocun,3,2,572446-1,True,a
572446,5731,2026-09-30,night,OSP,2,2026-09-30 23:20:00,Miroslaw Lewczuk,Jakub Skorupa,0,3,572446-2,True,b
572446,5731,2026-09-30,night,OSP,3,2026-09-30 23:45:00,Michal Machelski,Grzegorz Mucha,3,2,572446-3,True,a
572446,5731,2026-09-30,night,OSP,4,2026-09-30 00:10:00,Henryk Tkaczyk,Miroslaw Lewczuk,3,0,572446-4,True,a
572446,5731,2026-09-30,night,OSP,5,2026-09-30 00:35:00,Grzegorz Mucha,Zbigniew Nocun,2,3,572446-5,True,b
572446,5731,2026-09-30,night,OSP,6,2026-09-30 00:55:00,Michal Machelski,Jakub Skorupa,1,3,572446-6,True,b
572446,5731,2026-09-30,night,OSP,7,2026-09-30 01:20:00,Miroslaw Lewczuk,Zbigniew Nocun,3,2,572446-7,True,a
572446,5731,2026-09-30,night,OSP,8,2026-09-30 01:45:00,Henryk Tkaczyk,Michal Machelski,3,1,572446-8,True,a
572446,5731,2026-09-30,night,OSP,9,2026-09-30 02:10:00,Grzegorz Mucha,Jakub Skorupa,0,3,572446-9,True,b
572446,5731,2026-09-30,night,OSP,10,2026-09-30 02:35:00,Miroslaw Lewczuk,Michal Machelski,3,1,572446-10,True,a
572446,5731,2026-09-30,night,OSP,11,2026-09-30 03:00:00,Henryk Tkaczyk,Grzegorz Mucha,3,0,572446-11,True,a
572446,5731,2026-09-30,night,OSP,12,2026-09-30 03:25:00,Jakub Skorupa,Zbigniew Nocun,0,3,572446-12,True,b
572446,5731,2026-09-30,night,OSP,13,2026-09-30 03:45:00,Miroslaw Lewczuk,Grzegorz Mucha,1,3,572446-13,True,b
572446,5731,2026-09-30,night,OSP,14,2026-09-30 04:10:00,Michal Machelski,Zbigniew Nocun,2,3,572446-14,True,b
572446,5731,2026-09-30,night,OSP,15,2026-09-30 04:35:00,Henryk Tkaczyk,Jakub Skorupa,3,1,572446-15,True,a
572442,5730,2026-09-30,night,OSP,1,2026-09-30 23:05:00,Dawid Poloszczanski,Marcin Kowalczyk,0,3,572442-1,True,b
572442,5730,2026-09-30,night,OSP,2,2026-09-30 23:30:00,Kamil Klocek,Dawid Kotwica,0,3,572442-2,True,b
572442,5730,2026-09-30,night,OSP,3,2026-09-30 23:55:00,Kamil Klocek,Jakub Lamperski,3,0,572442-3,True,a
572442,5730,2026-09-30,night,OSP,4,2026-09-30 00:15:00,Marcin Kowalczyk,Dawid Kotwica,3,1,572442-4,True,a
572442,5730,2026-09-30,night,OSP,5,2026-09-30 00:35:00,Jakub Lamperski,Marcin Kowalczyk,0,3,572442-5,True,b
572442,5730,2026-09-30,night,OSP,6,2026-09-30 00:55:00,Dawid Poloszczanski,Dawid Kotwica,3,2,572442-6,True,a
572442,5730,2026-09-30,night,OSP,7,2026-09-30 01:20:00,Kamil Klocek,Marcin Kowalczyk,3,1,572442-7,True,a
572442,5730,2026-09-30,night,OSP,8,2026-09-30 01:45:00,Dawid Poloszczanski,Jakub Lamperski,0,3,572442-8,True,b
572442,5730,2026-09-30,night,OSP,9,2026-09-30 02:10:00,Kamil Klocek,Dawid Poloszczanski,3,0,572442-9,True,a
572442,5730,2026-09-30,night,OSP,10,2026-09-30 02:35:00,Jakub Lamperski,Dawid Kotwica,1,3,572442-10,True,b
572440,5729,2026-09-30,evening,HSC,1,2026-09-30 17:00:00,Dominik Solilo,Bartek Sulkowski,3,2,572440-1,True,a
572440,5729,2026-09-30,evening,HSC,2,2026-09-30 17:25:00,Konrad Staszczyk,Kamil Rudomina,3,2,572440-2,True,a
572440,5729,2026-09-30,evening,HSC,3,2026-09-30 17:45:00,Przemyslaw Blocho,Jakub Zochniak,2,3,572440-3,True,b
572440,5729,2026-09-30,evening,HSC,4,2026-09-30 18:05:00,Dominik Solilo,Konrad Staszczyk,2,3,572440-4,True,b
572440,5729,2026-09-30,evening,HSC,5,2026-09-30 18:30:00,Jakub Zochniak,Bartek Sulkowski,3,1,572440-5,True,a
572440,5729,2026-09-30,evening,HSC,6,2026-09-30 18:55:00,Przemyslaw Blocho,Kamil Rudomina,3,2,572440-6,True,a
572440,5729,2026-09-30,evening,HSC,7,2026-09-30 19:20:00,Konrad Staszczyk,Bartek Sulkowski,3,1,572440-7,True,a
572440,5729,2026-09-30,evening,HSC,8,2026-09-30 19:40:00,Dominik Solilo,Przemyslaw Blocho,3,1,572440-8,True,a
572440,5729,2026-09-30,evening,HSC,9,2026-09-30 20:05:00,Jakub Zochniak,Kamil Rudomina,2,3,572440-9,True,b
572440,5729,2026-09-30,evening,HSC,10,2026-09-30 20:30:00,Konrad Staszczyk,Przemyslaw Blocho,3,1,572440-10,True,a
572440,5729,2026-09-30,evening,HSC,11,2026-09-30 20:50:00,Dominik Solilo,Jakub Zochniak,3,0,572440-11,True,a
572440,5729,2026-09-30,evening,HSC,12,2026-09-30 21:15:00,Kamil Rudomina,Bartek Sulkowski,1,3,572440-12,True,b
572440,5729,2026-09-30,evening,HSC,13,2026-09-30 21:40:00,Konrad Staszczyk,Jakub Zochniak,3,1,572440-13,True,a
572440,5729,2026-09-30,evening,HSC,14,2026-09-30 22:05:00,Przemyslaw Blocho,Bartek Sulkowski,2,3,572440-14,True,b
572440,5729,2026-09-30,evening,HSC,15,2026-09-30 22:30:00,Dominik Solilo,Kamil Rudomina,3,2,572440-15,True,a
572438,5728,2026-09-30,evening,OSP,1,2026-09-30 17:00:00,Grzegorz Mucha,Zbigniew Nocun,1,3,572438-1,True,b
572438,5728,2026-09-30,evening,OSP,2,2026-09-30 17:25:00,Miroslaw Lewczuk,Jakub Skorupa,3,1,572438-2,True,a
572438,5728,2026-09-30,evening,OSP,3,2026-09-30 17:50:00,Michal Machelski,Arkadiusz Skupinski,1,3,572438-3,True,b
572438,5728,2026-09-30,evening,OSP,4,2026-09-30 18:15:00,Grzegorz Mucha,Miroslaw Lewczuk,0,3,572438-4,True,b
572438,5728,2026-09-30,evening,OSP,5,2026-09-30 18:35:00,Arkadiusz Skupinski,Zbigniew Nocun,2,3,572438-5,True,b
572438,5728,2026-09-30,evening,OSP,6,2026-09-30 18:55:00,Michal Machelski,Jakub Skorupa,3,0,572438-6,True,a
572438,5728,2026-09-30,evening,OSP,7,2026-09-30 19:20:00,Miroslaw Lewczuk,Zbigniew Nocun,0,3,572438-7,True,b
572438,5728,2026-09-30,evening,OSP,8,2026-09-30 19:45:00,Grzegorz Mucha,Michal Machelski,3,1,572438-8,True,a
572438,5728,2026-09-30,evening,OSP,9,2026-09-30 20:10:00,Arkadiusz Skupinski,Jakub Skorupa,1,3,572438-9,True,b
572438,5728,2026-09-30,evening,OSP,10,2026-09-30 20:30:00,Miroslaw Lewczuk,Michal Machelski,3,1,572438-10,True,a
572438,5728,2026-09-30,evening,OSP,11,2026-09-30 20:55:00,Grzegorz Mucha,Arkadiusz Skupinski,3,1,572438-11,True,a
572438,5728,2026-09-30,evening,OSP,12,2026-09-30 21:20:00,Jakub Skorupa,Zbigniew Nocun,3,1,572438-12,True,a
572438,5728,2026-09-30,evening,OSP,13,2026-09-30 21:40:00,Miroslaw Lewczuk,Arkadiusz Skupinski,3,1,572438-13,True,a
572438,5728,2026-09-30,evening,OSP,14,2026-09-30 22:05:00,Michal Machelski,Zbigniew Nocun,2,3,572438-14,True,b
572438,5728,2026-09-30,evening,OSP,15,2026-09-30 22:30:00,Grzegorz Mucha,Jakub Skorupa,3,2,572438-15,True,a
572434,5727,2026-09-30,evening,OSP,1,2026-09-30 17:20:00,Kamil Klocek,Dawid Poloszczanski,3,2,572434-1,True,a
572434,5727,2026-09-30,evening,OSP,2,2026-09-30 17:40:00,Jakub Lamperski,Marcin Kowalczyk,3,0,572434-2,True,a
572434,5727,2026-09-30,evening,OSP,3,2026-09-30 18:00:00,Dawid Kotwica,Piotr Strus,3,2,572434-3,True,a
572434,5727,2026-09-30,evening,OSP,4,2026-09-30 18:20:00,Kamil Klocek,Jakub Lamperski,2,3,572434-4,True,b
572434,5727,2026-09-30,evening,OSP,5,2026-09-30 18:40:00,Piotr Strus,Dawid Poloszczanski,1,3,572434-5,True,b
572434,5727,2026-09-30,evening,OSP,6,2026-09-30 18:55:00,Dawid Kotwica,Marcin Kowalczyk,3,2,572434-6,True,a
572434,5727,2026-09-30,evening,OSP,7,2026-09-30 19:20:00,Jakub Lamperski,Dawid Poloszczanski,3,1,572434-7,True,a
572434,5727,2026-09-30,evening,OSP,8,2026-09-30 19:45:00,Kamil Klocek,Dawid Kotwica,0,3,572434-8,True,b
572434,5727,2026-09-30,evening,OSP,9,2026-09-30 20:10:00,Piotr Strus,Marcin Kowalczyk,3,2,572434-9,True,a
572434,5727,2026-09-30,evening,OSP,10,2026-09-30 20:30:00,Jakub Lamperski,Dawid Kotwica,3,0,572434-10,True,a
572434,5727,2026-09-30,evening,OSP,11,2026-09-30 20:55:00,Kamil Klocek,Piotr Strus,3,2,572434-11,True,a
572434,5727,2026-09-30,evening,OSP,12,2026-09-30 21:20:00,Marcin Kowalczyk,Dawid Poloszczanski,2,3,572434-12,True,b
572434,5727,2026-09-30,evening,OSP,13,2026-09-30 21:40:00,Jakub Lamperski,Piotr Strus,3,2,572434-13,True,a
572434,5727,2026-09-30,evening,OSP,14,2026-09-30 22:05:00,Dawid Kotwica,Dawid Poloszczanski,0,3,572434-14,True,b
572434,5727,2026-09-30,evening,OSP,15,2026-09-30 22:30:00,Kamil Klocek,Marcin Kowalczyk,0,3,572434-15,True,b
572428,5726,2026-09-30,afternoon,HSC,1,2026-09-30 11:00:00,Artur Grela,Maksymilian Miastowski,3,1,572428-1,True,a
572428,5726,2026-09-30,afternoon,HSC,2,2026-09-30 11:20:00,Adrian Wiecek,Jakub Kuzmicz,3,0,572428-2,True,a
572428,5726,2026-09-30,afternoon,HSC,3,2026-09-30 11:40:00,Petr David,Marcin Jadczyk,3,1,572428-3,True,a
572428,5726,2026-09-30,afternoon,HSC,4,2026-09-30 12:00:00,Artur Grela,Adrian Wiecek,2,3,572428-4,True,b
572428,5726,2026-09-30,afternoon,HSC,5,2026-09-30 12:25:00,Marcin Jadczyk,Maksymilian Miastowski,3,0,572428-5,True,a
572428,5726,2026-09-30,afternoon,HSC,6,2026-09-30 12:50:00,Petr David,Jakub Kuzmicz,1,3,572428-6,True,b
572428,5726,2026-09-30,afternoon,HSC,7,2026-09-30 13:15:00,Adrian Wiecek,Maksymilian Miastowski,1,3,572428-7,True,b
572428,5726,2026-09-30,afternoon,HSC,8,2026-09-30 13:40:00,Artur Grela,Petr David,1,3,572428-8,True,b
572428,5726,2026-09-30,afternoon,HSC,9,2026-09-30 14:05:00,Marcin Jadczyk,Jakub Kuzmicz,2,3,572428-9,True,b
572428,5726,2026-09-30,afternoon,HSC,10,2026-09-30 14:30:00,Adrian Wiecek,Petr David,3,2,572428-10,True,a
572428,5726,2026-09-30,afternoon,HSC,11,2026-09-30 14:55:00,Artur Grela,Marcin Jadczyk,1,3,572428-11,True,b
572428,5726,2026-09-30,afternoon,HSC,12,2026-09-30 15:20:00,Jakub Kuzmicz,Maksymilian Miastowski,2,3,572428-12,True,b
572428,5726,2026-09-30,afternoon,HSC,13,2026-09-30 15:45:00,Adrian Wiecek,Marcin Jadczyk,3,2,572428-13,True,a
572428,5726,2026-09-30,afternoon,HSC,14,2026-09-30 16:10:00,Petr David,Maksymilian Miastowski,2,3,572428-14,True,b
572428,5726,2026-09-30,afternoon,HSC,15,2026-09-30 16:35:00,Artur Grela,Jakub Kuzmicz,2,3,572428-15,True,b
572426,5725,2026-09-30,afternoon,OSP,1,2026-09-30 11:00:00,Piotr Przewlocki,Piotr Brozek,1,3,572426-1,True,b
572426,5725,2026-09-30,afternoon,OSP,2,2026-09-30 11:25:00,Kacper Adamus,Oskar Jadach,3,2,572426-2,True,a
572426,5725,2026-09-30,afternoon,OSP,3,2026-09-30 11:50:00,Kamil Kowalski,Igor Szymanski,0,3,572426-3,True,b
572426,5725,2026-09-30,afternoon,OSP,4,2026-09-30 12:10:00,Piotr Przewlocki,Kacper Adamus,2,3,572426-4,True,b
572426,5725,2026-09-30,afternoon,OSP,5,2026-09-30 12:35:00,Igor Szymanski,Piotr Brozek,3,1,572426-5,True,a
572426,5725,2026-09-30,afternoon,OSP,6,2026-09-30 13:00:00,Kamil Kowalski,Oskar Jadach,1,3,572426-6,True,b
572426,5725,2026-09-30,afternoon,OSP,7,2026-09-30 13:25:00,Kacper Adamus,Piotr Brozek,2,3,572426-7,True,b
572426,5725,2026-09-30,afternoon,OSP,8,2026-09-30 13:50:00,Piotr Przewlocki,Kamil Kowalski,3,1,572426-8,True,a
572426,5725,2026-09-30,afternoon,OSP,9,2026-09-30 14:15:00,Igor Szymanski,Oskar Jadach,0,3,572426-9,True,b
572426,5725,2026-09-30,afternoon,OSP,10,2026-09-30 14:40:00,Kacper Adamus,Kamil Kowalski,3,0,572426-10,True,a
572426,5725,2026-09-30,afternoon,OSP,11,2026-09-30 15:05:00,Piotr Przewlocki,Igor Szymanski,3,2,572426-11,True,a
572426,5725,2026-09-30,afternoon,OSP,12,2026-09-30 15:30:00,Oskar Jadach,Piotr Brozek,3,2,572426-12,True,a
572426,5725,2026-09-30,afternoon,OSP,13,2026-09-30 15:55:00,Kacper Adamus,Igor Szymanski,3,0,572426-13,True,a
572426,5725,2026-09-30,afternoon,OSP,14,2026-09-30 16:20:00,Kamil Kowalski,Piotr Brozek,3,1,572426-14,True,a
572426,5725,2026-09-30,afternoon,OSP,15,2026-09-30 16:40:00,Piotr Przewlocki,Oskar Jadach,2,3,572426-15,True,b
572424,5724,2026-09-30,afternoon,HSC,1,2026-09-30 11:00:00,Michal Olbrycht,Adrian Spychala,3,1,572424-1,True,a
572424,5724,2026-09-30,afternoon,HSC,2,2026-09-30 11:20:00,Krystian Kolodziej,Lukasz Jarocki,0,3,572424-2,True,b
572424,5724,2026-09-30,afternoon,HSC,3,2026-09-30 11:45:00,Mateusz Rutkowski,Grzegorz Poliniewicz,2,3,572424-3,True,b
572424,5724,2026-09-30,afternoon,HSC,4,2026-09-30 12:05:00,Michal Olbrycht,Krystian Kolodziej,3,2,572424-4,True,a
572424,5724,2026-09-30,afternoon,HSC,5,2026-09-30 12:30:00,Grzegorz Poliniewicz,Adrian Spychala,2,3,572424-5,True,b
572424,5724,2026-09-30,afternoon,HSC,6,2026-09-30 12:55:00,Mateusz Rutkowski,Lukasz Jarocki,2,3,572424-6,True,b
572424,5724,2026-09-30,afternoon,HSC,7,2026-09-30 13:20:00,Krystian Kolodziej,Adrian Spychala,2,3,572424-7,True,b
572424,5724,2026-09-30,afternoon,HSC,8,2026-09-30 13:45:00,Michal Olbrycht,Mateusz Rutkowski,3,1,572424-8,True,a
572424,5724,2026-09-30,afternoon,HSC,9,2026-09-30 14:10:00,Grzegorz Poliniewicz,Lukasz Jarocki,3,2,572424-9,True,a
572424,5724,2026-09-30,afternoon,HSC,10,2026-09-30 14:35:00,Krystian Kolodziej,Mateusz Rutkowski,3,0,572424-10,True,a
572424,5724,2026-09-30,afternoon,HSC,11,2026-09-30 15:00:00,Michal Olbrycht,Grzegorz Poliniewicz,3,0,572424-11,True,a
572424,5724,2026-09-30,afternoon,HSC,12,2026-09-30 15:25:00,Lukasz Jarocki,Adrian Spychala,2,3,572424-12,True,b
572424,5724,2026-09-30,afternoon,HSC,13,2026-09-30 15:50:00,Krystian Kolodziej,Grzegorz Poliniewicz,3,2,572424-13,True,a
572424,5724,2026-09-30,afternoon,HSC,14,2026-09-30 16:15:00,Mateusz Rutkowski,Adrian Spychala,3,2,572424-14,True,a
572424,5724,2026-09-30,afternoon,HSC,15,2026-09-30 16:35:00,Michal Olbrycht,Lukasz Jarocki,2,3,572424-15,True,b
572421,5723,2026-09-30,afternoon,OSP,1,2026-09-30 11:00:00,Rafal Stapor,Michal Minda,1,3,572421-1,True,b
572421,5723,2026-09-30,afternoon,OSP,2,2026-09-30 11:25:00,Mariusz Zwolinski,Jakub Zochniak,1,3,572421-2,True,b
572421,5723,2026-09-30,afternoon,OSP,3,2026-09-30 11:50:00,Bartosz Czerwinski,Maciej Kolek,1,3,572421-3,True,b
572421,5723,2026-09-30,afternoon,OSP,4,2026-09-30 12:10:00,Rafal Stapor,Mariusz Zwolinski,1,3,572421-4,True,b
572421,5723,2026-09-30,afternoon,OSP,5,2026-09-30 12:35:00,Maciej Kolek,Michal Minda,2,3,572421-5,True,b
572421,5723,2026-09-30,afternoon,OSP,6,2026-09-30 13:00:00,Bartosz Czerwinski,Jakub Zochniak,3,0,572421-6,True,a
572421,5723,2026-09-30,afternoon,OSP,7,2026-09-30 13:25:00,Mariusz Zwolinski,Michal Minda,1,3,572421-7,True,b
572421,5723,2026-09-30,afternoon,OSP,8,2026-09-30 13:50:00,Rafal Stapor,Bartosz Czerwinski,0,3,572421-8,True,b
572421,5723,2026-09-30,afternoon,OSP,9,2026-09-30 14:15:00,Maciej Kolek,Jakub Zochniak,1,3,572421-9,True,b
572421,5723,2026-09-30,afternoon,OSP,10,2026-09-30 14:40:00,Mariusz Zwolinski,Bartosz Czerwinski,0,3,572421-10,True,b
572421,5723,2026-09-30,afternoon,OSP,11,2026-09-30 15:05:00,Rafal Stapor,Maciej Kolek,2,3,572421-11,True,b
572421,5723,2026-09-30,afternoon,OSP,12,2026-09-30 15:30:00,Jakub Zochniak,Michal Minda,3,2,572421-12,True,a
572421,5723,2026-09-30,afternoon,OSP,13,2026-09-30 15:55:00,Mariusz Zwolinski,Maciej Kolek,0,3,572421-13,True,b
572421,5723,2026-09-30,afternoon,OSP,14,2026-09-30 16:20:00,Bartosz Czerwinski,Michal Minda,0,3,572421-14,True,b
572421,5723,2026-09-30,afternoon,OSP,15,2026-09-30 16:40:00,Rafal Stapor,Jakub Zochniak,1,3,572421-15,True,b
572417,5722,2026-09-30,morning,HSC,1,2026-09-30 05:00:00,Adrian Wiecek,Maksymilian Miastowski,3,1,572417-1,True,a
572417,5722,2026-09-30,morning,HSC,2,2026-09-30 05:25:00,Krzysztof Wloczko,Petr David,1,3,572417-2,True,b
572417,5722,2026-09-30,morning,HSC,3,2026-09-30 05:45:00,Artur Grela,Marcin Jadczyk,3,1,572417-3,True,a
572417,5722,2026-09-30,morning,HSC,4,2026-09-30 06:10:00,Adrian Wiecek,Krzysztof Wloczko,0,3,572417-4,True,b
572417,5722,2026-09-30,morning,HSC,5,2026-09-30 06:30:00,Marcin Jadczyk,Maksymilian Miastowski,0,3,572417-5,True,b
572417,5722,2026-09-30,morning,HSC,6,2026-09-30 06:55:00,Artur Grela,Petr David,3,1,572417-6,True,a
572417,5722,2026-09-30,morning,HSC,7,2026-09-30 07:15:00,Krzysztof Wloczko,Maksymilian Miastowski,0,3,572417-7,True,b
572417,5722,2026-09-30,morning,HSC,8,2026-09-30 07:40:00,Adrian Wiecek,Artur Grela,1,3,572417-8,True,b
572417,5722,2026-09-30,morning,HSC,9,2026-09-30 08:05:00,Marcin Jadczyk,Petr David,3,1,572417-9,True,a
572417,5722,2026-09-30,morning,HSC,10,2026-09-30 08:30:00,Krzysztof Wloczko,Artur Grela,1,3,572417-10,True,b
572417,5722,2026-09-30,morning,HSC,11,2026-09-30 08:55:00,Adrian Wiecek,Marcin Jadczyk,3,1,572417-11,True,a
572417,5722,2026-09-30,morning,HSC,12,2026-09-30 09:20:00,Petr David,Maksymilian Miastowski,3,2,572417-12,True,a
572417,5722,2026-09-30,morning,HSC,13,2026-09-30 09:45:00,Krzysztof Wloczko,Marcin Jadczyk,0,3,572417-13,True,b
572417,5722,2026-09-30,morning,HSC,14,2026-09-30 10:05:00,Artur Grela,Maksymilian Miastowski,1,3,572417-14,True,b
572417,5722,2026-09-30,morning,HSC,15,2026-09-30 10:30:00,Adrian Wiecek,Petr David,3,2,572417-15,True,a
572415,5721,2026-09-30,morning,OSP,1,2026-09-30 05:00:00,Igor Szymanski,Piotr Brozek,0,3,572415-1,True,b
572415,5721,2026-09-30,morning,OSP,2,2026-09-30 05:25:00,Kacper Adamus,Oskar Jadach,3,1,572415-2,True,a
572415,5721,2026-09-30,morning,OSP,3,2026-09-30 05:50:00,Kamil Kowalski,Piotr Przewlocki,3,1,572415-3,True,a
572415,5721,2026-09-30,morning,OSP,4,2026-09-30 06:10:00,Igor Szymanski,Kacper Adamus,1,3,572415-4,True,b
572415,5721,2026-09-30,morning,OSP,5,2026-09-30 06:30:00,Piotr Przewlocki,Piotr Brozek,3,0,572415-5,True,a
572415,5721,2026-09-30,morning,OSP,6,2026-09-30 06:55:00,Kamil Kowalski,Oskar Jadach,1,3,572415-6,True,b
572415,5721,2026-09-30,morning,OSP,7,2026-09-30 07:15:00,Kacper Adamus,Piotr Brozek,1,3,572415-7,True,b
572415,5721,2026-09-30,morning,OSP,8,2026-09-30 07:40:00,Igor Szymanski,Kamil Kowalski,3,1,572415-8,True,a
572415,5721,2026-09-30,morning,OSP,9,2026-09-30 08:05:00,Piotr Przewlocki,Oskar Jadach,0,3,572415-9,True,b
572415,5721,2026-09-30,morning,OSP,10,2026-09-30 08:30:00,Kacper Adamus,Kamil Kowalski,3,2,572415-10,True,a
572415,5721,2026-09-30,morning,OSP,11,2026-09-30 08:55:00,Igor Szymanski,Piotr Przewlocki,2,3,572415-11,True,b
572415,5721,2026-09-30,morning,OSP,12,2026-09-30 09:20:00,Oskar Jadach,Piotr Brozek,2,3,572415-12,True,b
572415,5721,2026-09-30,morning,OSP,13,2026-09-30 09:45:00,Kacper Adamus,Piotr Przewlocki,0,3,572415-13,True,b
572415,5721,2026-09-30,morning,OSP,14,2026-09-30 10:10:00,Kamil Kowalski,Piotr Brozek,2,3,572415-14,True,b
572415,5721,2026-09-30,morning,OSP,15,2026-09-30 10:35:00,Igor Szymanski,Oskar Jadach,3,1,572415-15,True,a
572413,5720,2026-09-30,morning,HSC,1,2026-09-30 05:00:00,Grzegorz Poliniewicz,Jakub Kuzmicz,1,3,572413-1,True,b
572413,5720,2026-09-30,morning,HSC,2,2026-09-30 05:20:00,Adrian Spychala,Karol Wisniewski,3,1,572413-2,True,a
572413,5720,2026-09-30,morning,HSC,3,2026-09-30 05:40:00,Lukasz Jarocki,Michal Olbrycht,1,3,572413-3,True,b
572413,5720,2026-09-30,morning,HSC,4,2026-09-30 06:00:00,Grzegorz Poliniewicz,Adrian Spychala,3,2,572413-4,True,a
572413,5720,2026-09-30,morning,HSC,5,2026-09-30 06:25:00,Michal Olbrycht,Jakub Kuzmicz,3,0,572413-5,True,a
572413,5720,2026-09-30,morning,HSC,6,2026-09-30 06:50:00,Lukasz Jarocki,Karol Wisniewski,0,3,572413-6,True,b
572413,5720,2026-09-30,morning,HSC,7,2026-09-30 07:15:00,Adrian Spychala,Jakub Kuzmicz,1,3,572413-7,True,b
572413,5720,2026-09-30,morning,HSC,8,2026-09-30 07:35:00,Grzegorz Poliniewicz,Lukasz Jarocki,1,3,572413-8,True,b
572413,5720,2026-09-30,morning,HSC,9,2026-09-30 08:00:00,Michal Olbrycht,Karol Wisniewski,2,3,572413-9,True,b
572413,5720,2026-09-30,morning,HSC,10,2026-09-30 08:25:00,Adrian Spychala,Lukasz Jarocki,1,3,572413-10,True,b
572413,5720,2026-09-30,morning,HSC,11,2026-09-30 08:50:00,Grzegorz Poliniewicz,Michal Olbrycht,3,1,572413-11,True,a
572413,5720,2026-09-30,morning,HSC,12,2026-09-30 09:15:00,Karol Wisniewski,Jakub Kuzmicz,1,3,572413-12,True,b
572413,5720,2026-09-30,morning,HSC,13,2026-09-30 09:40:00,Adrian Spychala,Michal Olbrycht,3,1,572413-13,True,a
572413,5720,2026-09-30,morning,HSC,14,2026-09-30 10:05:00,Lukasz Jarocki,Jakub Kuzmicz,1,3,572413-14,True,b
572413,5720,2026-09-30,morning,HSC,15,2026-09-30 10:30:00,Grzegorz Poliniewicz,Karol Wisniewski,3,1,572413-15,True,a
572411,5719,2026-09-30,morning,OSP,1,2026-09-30 05:00:00,Mariusz Zwolinski,Karol Sulkowski,0,3,572411-1,True,b
572411,5719,2026-09-30,morning,OSP,2,2026-09-30 05:25:00,Blazej Warpas,Milosz Kukawka,0,3,572411-2,True,b
572411,5719,2026-09-30,morning,OSP,3,2026-09-30 05:50:00,Rafal Stapor,Mikolaj Lukaszewski,1,3,572411-3,True,b
572411,5719,2026-09-30,morning,OSP,4,2026-09-30 06:10:00,Mariusz Zwolinski,Blazej Warpas,3,0,572411-4,True,a
572411,5719,2026-09-30,morning,OSP,5,2026-09-30 06:30:00,Mikolaj Lukaszewski,Karol Sulkowski,3,2,572411-5,True,a
572411,5719,2026-09-30,morning,OSP,6,2026-09-30 06:55:00,Rafal Stapor,Milosz Kukawka,3,0,572411-6,True,a
572411,5719,2026-09-30,morning,OSP,7,2026-09-30 07:15:00,Blazej Warpas,Karol Sulkowski,3,0,572411-7,True,a
572411,5719,2026-09-30,morning,OSP,8,2026-09-30 07:40:00,Mariusz Zwolinski,Rafal Stapor,1,3,572411-8,True,b
572411,5719,2026-09-30,morning,OSP,9,2026-09-30 08:05:00,Mikolaj Lukaszewski,Milosz Kukawka,3,2,572411-9,True,a
572411,5719,2026-09-30,morning,OSP,10,2026-09-30 08:30:00,Blazej Warpas,Rafal Stapor,2,3,572411-10,True,b
572411,5719,2026-09-30,morning,OSP,11,2026-09-30 08:55:00,Mariusz Zwolinski,Mikolaj Lukaszewski,1,3,572411-11,True,b
572411,5719,2026-09-30,morning,OSP,12,2026-09-30 09:20:00,Milosz Kukawka,Karol Sulkowski,3,0,572411-12,True,a
572411,5719,2026-09-30,morning,OSP,13,2026-09-30 09:40:00,Blazej Warpas,Mikolaj Lukaszewski,3,1,572411-13,True,a
572411,5719,2026-09-30,morning,OSP,14,2026-09-30 10:10:00,Rafal Stapor,Karol Sulkowski,2,3,572411-14,True,b
572411,5719,2026-09-30,morning,OSP,15,2026-09-30 10:35:00,Mariusz Zwolinski,Milosz Kukawka,0,3,572411-15,True,b
572409,5718,2026-09-30,night,BLACHOWNIA,1,2026-09-30 23:10:00,Pawel Kurek,Marian Lebek,3,0,572409-1,True,a
572409,5718,2026-09-30,night,BLACHOWNIA,2,2026-09-30 23:35:00,Lukasz Oracz,Adrian Burkacki,3,0,572409-2,True,a
572409,5718,2026-09-30,night,BLACHOWNIA,3,2026-09-30 00:00:00,Michal Jozefiak,Oliwier Sokolowski,3,2,572409-3,True,a
572409,5718,2026-09-30,night,BLACHOWNIA,4,2026-09-30 00:25:00,Pawel Kurek,Lukasz Oracz,3,1,572409-4,True,a
572409,5718,2026-09-30,night,BLACHOWNIA,5,2026-09-30 00:50:00,Oliwier Sokolowski,Marian Lebek,3,1,572409-5,True,a
572409,5718,2026-09-30,night,BLACHOWNIA,6,2026-09-30 01:10:00,Michal Jozefiak,Adrian Burkacki,3,2,572409-6,True,a
572409,5718,2026-09-30,night,BLACHOWNIA,7,2026-09-30 01:35:00,Lukasz Oracz,Marian Lebek,1,3,572409-7,True,b
572409,5718,2026-09-30,night,BLACHOWNIA,8,2026-09-30 02:00:00,Pawel Kurek,Michal Jozefiak,1,3,572409-8,True,b
572409,5718,2026-09-30,night,BLACHOWNIA,9,2026-09-30 02:25:00,Oliwier Sokolowski,Adrian Burkacki,3,1,572409-9,True,a
572409,5718,2026-09-30,night,BLACHOWNIA,10,2026-09-30 02:45:00,Lukasz Oracz,Michal Jozefiak,3,2,572409-10,True,a
572409,5718,2026-09-30,night,BLACHOWNIA,11,2026-09-30 03:10:00,Pawel Kurek,Oliwier Sokolowski,3,2,572409-11,True,a
572409,5718,2026-09-30,night,BLACHOWNIA,12,2026-09-30 03:35:00,Adrian Burkacki,Marian Lebek,3,0,572409-12,True,a
572409,5718,2026-09-30,night,BLACHOWNIA,13,2026-09-30 04:00:00,Lukasz Oracz,Oliwier Sokolowski,3,2,572409-13,True,a
572409,5718,2026-09-30,night,BLACHOWNIA,14,2026-09-30 04:20:00,Michal Jozefiak,Marian Lebek,3,2,572409-14,True,a
572409,5718,2026-09-30,night,BLACHOWNIA,15,2026-09-30 04:45:00,Pawel Kurek,Adrian Burkacki,3,2,572409-15,True,a
572406,5717,2026-09-30,evening,BLACHOWNIA,1,2026-09-30 17:10:00,Piotr Kaczynski,Krzysztof Juszczyk,3,1,572406-1,True,a
572406,5717,2026-09-30,evening,BLACHOWNIA,2,2026-09-30 17:35:00,Mariusz Koczyba,Wojciech Pytlas,2,3,572406-2,True,b
572406,5717,2026-09-30,evening,BLACHOWNIA,3,2026-09-30 18:00:00,Adam Ruszkiewicz,Sebastian Krupa,2,3,572406-3,True,b
572406,5717,2026-09-30,evening,BLACHOWNIA,4,2026-09-30 18:25:00,Piotr Kaczynski,Mariusz Koczyba,2,3,572406-4,True,b
572406,5717,2026-09-30,evening,BLACHOWNIA,5,2026-09-30 18:50:00,Sebastian Krupa,Krzysztof Juszczyk,3,0,572406-5,True,a
572406,5717,2026-09-30,evening,BLACHOWNIA,6,2026-09-30 19:10:00,Adam Ruszkiewicz,Wojciech Pytlas,1,3,572406-6,True,b
572406,5717,2026-09-30,evening,BLACHOWNIA,7,2026-09-30 19:35:00,Mariusz Koczyba,Krzysztof Juszczyk,1,3,572406-7,True,b
572406,5717,2026-09-30,evening,BLACHOWNIA,8,2026-09-30 20:00:00,Piotr Kaczynski,Adam Ruszkiewicz,3,2,572406-8,True,a
572406,5717,2026-09-30,evening,BLACHOWNIA,9,2026-09-30 20:25:00,Sebastian Krupa,Wojciech Pytlas,2,3,572406-9,True,b
572406,5717,2026-09-30,evening,BLACHOWNIA,10,2026-09-30 20:45:00,Mariusz Koczyba,Adam Ruszkiewicz,3,2,572406-10,True,a
572406,5717,2026-09-30,evening,BLACHOWNIA,11,2026-09-30 21:10:00,Piotr Kaczynski,Sebastian Krupa,0,3,572406-11,True,b
572406,5717,2026-09-30,evening,BLACHOWNIA,12,2026-09-30 21:35:00,Wojciech Pytlas,Krzysztof Juszczyk,3,2,572406-12,True,a
572406,5717,2026-09-30,evening,BLACHOWNIA,13,2026-09-30 22:00:00,Mariusz Koczyba,Sebastian Krupa,3,2,572406-13,True,a
572406,5717,2026-09-30,evening,BLACHOWNIA,14,2026-09-30 22:20:00,Adam Ruszkiewicz,Krzysztof Juszczyk,3,1,572406-14,True,a
572406,5717,2026-09-30,evening,BLACHOWNIA,15,2026-09-30 22:45:00,Piotr Kaczynski,Wojciech Pytlas,2,3,572406-15,True,b
572404,5716,2026-09-30,morning,BLACHOWNIA,1,2026-09-30 05:10:00,Milosz Cesarz,Jakub Kaczmarek,0,3,572404-1,True,b
572404,5716,2026-09-30,morning,BLACHOWNIA,2,2026-09-30 05:35:00,Pawel Adamus,Michal Guzik,3,1,572404-2,True,a
572404,5716,2026-09-30,morning,BLACHOWNIA,3,2026-09-30 06:00:00,Wojciech Urban,Marian Lebek,3,2,572404-3,True,a
572404,5716,2026-09-30,morning,BLACHOWNIA,4,2026-09-30 06:25:00,Milosz Cesarz,Pawel Adamus,1,3,572404-4,True,b
572404,5716,2026-09-30,morning,BLACHOWNIA,5,2026-09-30 06:50:00,Marian Lebek,Jakub Kaczmarek,0,3,572404-5,True,b
572404,5716,2026-09-30,morning,BLACHOWNIA,6,2026-09-30 07:10:00,Wojciech Urban,Michal Guzik,2,3,572404-6,True,b
572404,5716,2026-09-30,morning,BLACHOWNIA,7,2026-09-30 07:35:00,Pawel Adamus,Jakub Kaczmarek,3,0,572404-7,True,a
572404,5716,2026-09-30,morning,BLACHOWNIA,8,2026-09-30 08:00:00,Milosz Cesarz,Wojciech Urban,0,3,572404-8,True,b
572404,5716,2026-09-30,morning,BLACHOWNIA,9,2026-09-30 08:25:00,Marian Lebek,Michal Guzik,3,2,572404-9,True,a
572404,5716,2026-09-30,morning,BLACHOWNIA,10,2026-09-30 08:45:00,Pawel Adamus,Wojciech Urban,2,3,572404-10,True,b
572404,5716,2026-09-30,morning,BLACHOWNIA,11,2026-09-30 09:10:00,Milosz Cesarz,Marian Lebek,1,3,572404-11,True,b
572404,5716,2026-09-30,morning,BLACHOWNIA,12,2026-09-30 09:35:00,Michal Guzik,Jakub Kaczmarek,3,0,572404-12,True,a
572404,5716,2026-09-30,morning,BLACHOWNIA,13,2026-09-30 10:00:00,Pawel Adamus,Marian Lebek,1,3,572404-13,True,b
572404,5716,2026-09-30,morning,BLACHOWNIA,14,2026-09-30 10:20:00,Wojciech Urban,Jakub Kaczmarek,1,3,572404-14,True,b
572404,5716,2026-09-30,morning,BLACHOWNIA,15,2026-09-30 10:45:00,Milosz Cesarz,Michal Guzik,0,3,572404-15,True,b
572402,5715,2026-09-30,evening,POCZESNA,1,2026-09-30 19:30:00,Jerzy Michalik,Jacek Zelezik,2,3,572402-1,True,b
572402,5715,2026-09-30,evening,POCZESNA,2,2026-09-30 19:55:00,Slawomir Janus,Adam Staniczek,3,0,572402-2,True,a
572402,5715,2026-09-30,evening,POCZESNA,3,2026-09-30 20:20:00,Marcin Zielinski,Andriej Fomin,3,0,572402-3,True,a
572402,5715,2026-09-30,evening,POCZESNA,4,2026-09-30 20:45:00,Jerzy Michalik,Slawomir Janus,3,2,572402-4,True,a
572402,5715,2026-09-30,evening,POCZESNA,5,2026-09-30 21:10:00,Andriej Fomin,Jacek Zelezik,0,3,572402-5,True,b
572402,5715,2026-09-30,evening,POCZESNA,6,2026-09-30 21:30:00,Marcin Zielinski,Adam Staniczek,2,3,572402-6,True,b
572402,5715,2026-09-30,evening,POCZESNA,7,2026-09-30 21:55:00,Slawomir Janus,Jacek Zelezik,2,3,572402-7,True,b
572402,5715,2026-09-30,evening,POCZESNA,8,2026-09-30 22:20:00,Jerzy Michalik,Marcin Zielinski,2,3,572402-8,True,b
572402,5715,2026-09-30,evening,POCZESNA,9,2026-09-30 22:45:00,Andriej Fomin,Adam Staniczek,3,0,572402-9,True,a
572402,5715,2026-09-30,evening,POCZESNA,10,2026-09-30 23:05:00,Slawomir Janus,Marcin Zielinski,0,3,572402-10,True,b
572402,5715,2026-09-30,evening,POCZESNA,11,2026-09-30 23:30:00,Jerzy Michalik,Andriej Fomin,0,3,572402-11,True,b
572402,5715,2026-09-30,evening,POCZESNA,12,2026-09-30 23:55:00,Adam Staniczek,Jacek Zelezik,2,3,572402-12,True,b
572402,5715,2026-09-30,evening,POCZESNA,13,2026-09-30 00:20:00,Slawomir Janus,Andriej Fomin,0,3,572402-13,True,b
572402,5715,2026-09-30,evening,POCZESNA,14,2026-09-30 00:40:00,Marcin Zielinski,Jacek Zelezik,0,3,572402-14,True,b
572402,5715,2026-09-30,evening,POCZESNA,15,2026-09-30 01:05:00,Jerzy Michalik,Adam Staniczek,0,3,572402-15,True,b
572400,5714,2026-09-30,afternoon,POCZESNA,1,2026-09-30 13:30:00,Maksymilian Rus,Mateusz Sikon,1,3,572400-1,True,b
572400,5714,2026-09-30,afternoon,POCZESNA,2,2026-09-30 13:55:00,Krzysztof Schaniel,Witold Buczynski,3,0,572400-2,True,a
572400,5714,2026-09-30,afternoon,POCZESNA,3,2026-09-30 14:20:00,Boguslaw Madej,Rafal Gajda,3,0,572400-3,True,a
572400,5714,2026-09-30,afternoon,POCZESNA,4,2026-09-30 14:45:00,Maksymilian Rus,Krzysztof Schaniel,0,3,572400-4,True,b
572400,5714,2026-09-30,afternoon,POCZESNA,5,2026-09-30 15:10:00,Rafal Gajda,Mateusz Sikon,1,3,572400-5,True,b
572400,5714,2026-09-30,afternoon,POCZESNA,6,2026-09-30 15:30:00,Boguslaw Madej,Witold Buczynski,3,1,572400-6,True,a
572400,5714,2026-09-30,afternoon,POCZESNA,7,2026-09-30 15:55:00,Krzysztof Schaniel,Mateusz Sikon,3,2,572400-7,True,a
572400,5714,2026-09-30,afternoon,POCZESNA,8,2026-09-30 16:20:00,Maksymilian Rus,Boguslaw Madej,0,3,572400-8,True,b
572400,5714,2026-09-30,afternoon,POCZESNA,9,2026-09-30 16:45:00,Rafal Gajda,Witold Buczynski,1,3,572400-9,True,b
572400,5714,2026-09-30,afternoon,POCZESNA,10,2026-09-30 17:05:00,Krzysztof Schaniel,Boguslaw Madej,2,3,572400-10,True,b
572400,5714,2026-09-30,afternoon,POCZESNA,11,2026-09-30 17:30:00,Maksymilian Rus,Rafal Gajda,2,3,572400-11,True,b
572400,5714,2026-09-30,afternoon,POCZESNA,12,2026-09-30 17:55:00,Witold Buczynski,Mateusz Sikon,2,3,572400-12,True,b
572400,5714,2026-09-30,afternoon,POCZESNA,13,2026-09-30 18:20:00,Krzysztof Schaniel,Rafal Gajda,1,3,572400-13,True,b
572400,5714,2026-09-30,afternoon,POCZESNA,14,2026-09-30 18:40:00,Boguslaw Madej,Mateusz Sikon,1,3,572400-14,True,b
572400,5714,2026-09-30,afternoon,POCZESNA,15,2026-09-30 19:05:00,Maksymilian Rus,Witold Buczynski,3,0,572400-15,True,a
572398,5713,2026-09-30,morning,POCZESNA,1,2026-09-30 07:30:00,Rafal Gajda,Mateusz Sikon,1,3,572398-1,True,b
572398,5713,2026-09-30,morning,POCZESNA,2,2026-09-30 07:55:00,Krzysztof Schaniel,Witold Buczynski,2,3,572398-2,True,b
572398,5713,2026-09-30,morning,POCZESNA,3,2026-09-30 08:20:00,Boguslaw Madej,Maksymilian Rus,3,2,572398-3,True,a
572398,5713,2026-09-30,morning,POCZESNA,4,2026-09-30 08:45:00,Rafal Gajda,Krzysztof Schaniel,2,3,572398-4,True,b
572398,5713,2026-09-30,morning,POCZESNA,5,2026-09-30 09:10:00,Maksymilian Rus,Mateusz Sikon,3,1,572398-5,True,a
572398,5713,2026-09-30,morning,POCZESNA,6,2026-09-30 09:30:00,Boguslaw Madej,Witold Buczynski,3,1,572398-6,True,a
572398,5713,2026-09-30,morning,POCZESNA,7,2026-09-30 09:55:00,Krzysztof Schaniel,Mateusz Sikon,2,3,572398-7,True,b
572398,5713,2026-09-30,morning,POCZESNA,8,2026-09-30 10:20:00,Rafal Gajda,Boguslaw Madej,0,3,572398-8,True,b
572398,5713,2026-09-30,morning,POCZESNA,9,2026-09-30 10:45:00,Maksymilian Rus,Witold Buczynski,2,3,572398-9,True,b
572398,5713,2026-09-30,morning,POCZESNA,10,2026-09-30 11:05:00,Krzysztof Schaniel,Boguslaw Madej,2,3,572398-10,True,b
572398,5713,2026-09-30,morning,POCZESNA,11,2026-09-30 11:30:00,Rafal Gajda,Maksymilian Rus,3,2,572398-11,True,a
572398,5713,2026-09-30,morning,POCZESNA,12,2026-09-30 11:55:00,Witold Buczynski,Mateusz Sikon,3,1,572398-12,True,a
572398,5713,2026-09-30,morning,POCZESNA,13,2026-09-30 12:20:00,Krzysztof Schaniel,Maksymilian Rus,2,3,572398-13,True,b
572398,5713,2026-09-30,morning,POCZESNA,14,2026-09-30 12:40:00,Boguslaw Madej,Mateusz Sikon,2,3,572398-14,True,b
572398,5713,2026-09-30,morning,POCZESNA,15,2026-09-30 13:05:00,Rafal Gajda,Witold Buczynski,1,3,572398-15,True,b
572396,5712,2026-09-29,night,POCZESNA,1,2026-09-29 01:30:00,Jerzy Michalik,Jakub Skorupa,1,3,572396-1,True,b
572396,5712,2026-09-29,night,POCZESNA,2,2026-09-29 01:55:00,Andriej Fomin,Grzegorz Mucha,1,3,572396-2,True,b
572396,5712,2026-09-29,night,POCZESNA,3,2026-09-29 02:20:00,Kacper Kwiatkowski,Marian Brunner,2,3,572396-3,True,b
572396,5712,2026-09-29,night,POCZESNA,4,2026-09-29 02:45:00,Jerzy Michalik,Andriej Fomin,3,2,572396-4,True,a
572396,5712,2026-09-29,night,POCZESNA,5,2026-09-29 03:10:00,Marian Brunner,Jakub Skorupa,2,3,572396-5,True,b
572396,5712,2026-09-29,night,POCZESNA,6,2026-09-29 03:30:00,Kacper Kwiatkowski,Grzegorz Mucha,3,2,572396-6,True,a
572396,5712,2026-09-29,night,POCZESNA,7,2026-09-29 03:55:00,Andriej Fomin,Jakub Skorupa,3,2,572396-7,True,a
572396,5712,2026-09-29,night,POCZESNA,8,2026-09-29 04:20:00,Jerzy Michalik,Kacper Kwiatkowski,0,3,572396-8,True,b
572396,5712,2026-09-29,night,POCZESNA,9,2026-09-29 04:45:00,Marian Brunner,Grzegorz Mucha,2,3,572396-9,True,b
572396,5712,2026-09-29,night,POCZESNA,10,2026-09-29 05:05:00,Andriej Fomin,Kacper Kwiatkowski,3,1,572396-10,True,a
572396,5712,2026-09-29,night,POCZESNA,11,2026-09-29 05:30:00,Jerzy Michalik,Marian Brunner,3,2,572396-11,True,a
572396,5712,2026-09-29,night,POCZESNA,12,2026-09-29 05:55:00,Grzegorz Mucha,Jakub Skorupa,3,1,572396-12,True,a
572396,5712,2026-09-29,night,POCZESNA,13,2026-09-29 06:20:00,Kacper Kwiatkowski,Jakub Skorupa,0,3,572396-13,True,b
572396,5712,2026-09-29,night,POCZESNA,14,2026-09-29 06:40:00,Andriej Fomin,Marian Brunner,0,3,572396-14,True,b
572396,5712,2026-09-29,night,POCZESNA,15,2026-09-29 07:05:00,Jerzy Michalik,Grzegorz Mucha,1,3,572396-15,True,b
572226,5711,2026-09-29,night,HSC,1,2026-09-29 23:00:00,Jakub Nadolny,Lukasz Pietraszko,3,2,572226-1,True,a
572226,5711,2026-09-29,night,HSC,2,2026-09-29 23:25:00,Przemyslaw Blocho,Jacek Mitas,1,3,572226-2,True,b
572226,5711,2026-09-29,night,HSC,3,2026-09-29 23:50:00,Przemyslaw Blocho,Kamil Rudomina,3,1,572226-3,True,a
572226,5711,2026-09-29,night,HSC,4,2026-09-29 00:10:00,Lukasz Pietraszko,Jacek Mitas,3,2,572226-4,True,a
572226,5711,2026-09-29,night,HSC,5,2026-09-29 00:35:00,Kamil Rudomina,Lukasz Pietraszko,1,3,572226-5,True,b
572226,5711,2026-09-29,night,HSC,6,2026-09-29 00:55:00,Jakub Nadolny,Jacek Mitas,3,1,572226-6,True,a
572226,5711,2026-09-29,night,HSC,7,2026-09-29 01:20:00,Przemyslaw Blocho,Lukasz Pietraszko,3,1,572226-7,True,a
572226,5711,2026-09-29,night,HSC,8,2026-09-29 01:45:00,Jakub Nadolny,Kamil Rudomina,2,3,572226-8,True,b
572226,5711,2026-09-29,night,HSC,9,2026-09-29 02:10:00,Przemyslaw Blocho,Jakub Nadolny,0,3,572226-9,True,b
572226,5711,2026-09-29,night,HSC,10,2026-09-29 02:35:00,Kamil Rudomina,Jacek Mitas,1,3,572226-10,True,b
571988,5710,2026-09-29,night,OSP,1,2026-09-29 23:00:00,Jakub Nowak,Lukasz Oracz,3,2,571988-1,True,a
571988,5710,2026-09-29,night,OSP,2,2026-09-29 23:20:00,Mariusz Koczyba,Piotr Gumulinski,1,3,571988-2,True,b
571988,5710,2026-09-29,night,OSP,3,2026-09-29 23:45:00,Oliwier Sokolowski,Pawel Slosarczyk,0,3,571988-3,True,b
571988,5710,2026-09-29,night,OSP,4,2026-09-29 00:10:00,Jakub Nowak,Mariusz Koczyba,1,3,571988-4,True,b
571988,5710,2026-09-29,night,OSP,5,2026-09-29 00:35:00,Pawel Slosarczyk,Lukasz Oracz,1,3,571988-5,True,b
571988,5710,2026-09-29,night,OSP,6,2026-09-29 00:55:00,Oliwier Sokolowski,Piotr Gumulinski,1,3,571988-6,True,b
571988,5710,2026-09-29,night,OSP,7,2026-09-29 01:20:00,Mariusz Koczyba,Lukasz Oracz,0,3,571988-7,True,b
571988,5710,2026-09-29,night,OSP,8,2026-09-29 01:45:00,Jakub Nowak,Oliwier Sokolowski,3,0,571988-8,True,a
571988,5710,2026-09-29,night,OSP,9,2026-09-29 02:10:00,Pawel Slosarczyk,Piotr Gumulinski,2,3,571988-9,True,b
571988,5710,2026-09-29,night,OSP,10,2026-09-29 02:35:00,Mariusz Koczyba,Oliwier Sokolowski,1,3,571988-10,True,b
571988,5710,2026-09-29,night,OSP,11,2026-09-29 03:00:00,Jakub Nowak,Pawel Slosarczyk,2,3,571988-11,True,b
571988,5710,2026-09-29,night,OSP,12,2026-09-29 03:25:00,Piotr Gumulinski,Lukasz Oracz,3,0,571988-12,True,a
571988,5710,2026-09-29,night,OSP,13,2026-09-29 03:45:00,Mariusz Koczyba,Pawel Slosarczyk,1,3,571988-13,True,b
571988,5710,2026-09-29,night,OSP,14,2026-09-29 04:10:00,Oliwier Sokolowski,Lukasz Oracz,2,3,571988-14,True,b
571988,5710,2026-09-29,night,OSP,15,2026-09-29 04:35:00,Jakub Nowak,Piotr Gumulinski,2,3,571988-15,True,b
571986,5709,2026-09-29,night,OSP,1,2026-09-29 23:05:00,Jakub Pruszkowski,Jaroslaw Rolak,3,1,571986-1,True,a
571986,5709,2026-09-29,night,OSP,2,2026-09-29 23:30:00,Michal Skorski,Kamil Klocek,3,2,571986-2,True,a
571986,5709,2026-09-29,night,OSP,3,2026-09-29 23:55:00,Michal Skorski,Bartlomiej Mrugala,1,3,571986-3,True,b
571986,5709,2026-09-29,night,OSP,4,2026-09-29 00:15:00,Jaroslaw Rolak,Kamil Klocek,3,2,571986-4,True,a
571986,5709,2026-09-29,night,OSP,5,2026-09-29 00:35:00,Bartlomiej Mrugala,Jaroslaw Rolak,0,3,571986-5,True,b
571986,5709,2026-09-29,night,OSP,6,2026-09-29 00:55:00,Jakub Pruszkowski,Kamil Klocek,2,3,571986-6,True,b
571986,5709,2026-09-29,night,OSP,7,2026-09-29 01:20:00,Michal Skorski,Jaroslaw Rolak,3,1,571986-7,True,a
571986,5709,2026-09-29,night,OSP,8,2026-09-29 01:45:00,Jakub Pruszkowski,Bartlomiej Mrugala,1,3,571986-8,True,b
571986,5709,2026-09-29,night,OSP,9,2026-09-29 02:10:00,Michal Skorski,Jakub Pruszkowski,3,0,571986-9,True,a
571986,5709,2026-09-29,night,OSP,10,2026-09-29 02:35:00,Bartlomiej Mrugala,Kamil Klocek,0,3,571986-10,True,b
571983,5708,2026-09-29,evening,HSC,1,2026-09-29 17:00:00,Lukasz Pietraszko,Jakub Nadolny,3,2,571983-1,True,a
571983,5708,2026-09-29,evening,HSC,2,2026-09-29 17:25:00,Adam Linek,Przemyslaw Blocho,1,3,571983-2,True,b
571983,5708,2026-09-29,evening,HSC,3,2026-09-29 17:45:00,Jacek Mitas,Jakub Krawczyk,3,0,571983-3,True,a
571983,5708,2026-09-29,evening,HSC,4,2026-09-29 18:05:00,Lukasz Pietraszko,Adam Linek,3,2,571983-4,True,a
571983,5708,2026-09-29,evening,HSC,5,2026-09-29 18:30:00,Jakub Krawczyk,Jakub Nadolny,2,3,571983-5,True,b
571983,5708,2026-09-29,evening,HSC,6,2026-09-29 18:55:00,Jacek Mitas,Przemyslaw Blocho,3,0,571983-6,True,a
571983,5708,2026-09-29,evening,HSC,7,2026-09-29 19:20:00,Adam Linek,Jakub Nadolny,0,3,571983-7,True,b
571983,5708,2026-09-29,evening,HSC,8,2026-09-29 19:40:00,Lukasz Pietraszko,Jacek Mitas,1,3,571983-8,True,b
571983,5708,2026-09-29,evening,HSC,9,2026-09-29 20:05:00,Jakub Krawczyk,Przemyslaw Blocho,2,3,571983-9,True,b
571983,5708,2026-09-29,evening,HSC,10,2026-09-29 20:30:00,Adam Linek,Jacek Mitas,0,3,571983-10,True,b
571983,5708,2026-09-29,evening,HSC,11,2026-09-29 20:50:00,Lukasz Pietraszko,Jakub Krawczyk,3,2,571983-11,True,a
571983,5708,2026-09-29,evening,HSC,12,2026-09-29 21:15:00,Przemyslaw Blocho,Jakub Nadolny,3,1,571983-12,True,a
571983,5708,2026-09-29,evening,HSC,13,2026-09-29 21:40:00,Adam Linek,Jakub Krawczyk,1,3,571983-13,True,b
571983,5708,2026-09-29,evening,HSC,14,2026-09-29 22:05:00,Jacek Mitas,Jakub Nadolny,3,2,571983-14,True,a
571983,5708,2026-09-29,evening,HSC,15,2026-09-29 22:30:00,Lukasz Pietraszko,Przemyslaw Blocho,3,2,571983-15,True,a
571980,5707,2026-09-29,evening,OSP,1,2026-09-29 17:00:00,Pawel Slosarczyk,Lukasz Oracz,0,3,571980-1,True,b
571980,5707,2026-09-29,evening,OSP,2,2026-09-29 17:25:00,Oliwier Sokolowski,Piotr Gumulinski,1,3,571980-2,True,b
571980,5707,2026-09-29,evening,OSP,3,2026-09-29 17:50:00,Mariusz Koczyba,Jakub Nowak,3,0,571980-3,True,a
571980,5707,2026-09-29,evening,OSP,4,2026-09-29 18:15:00,Pawel Slosarczyk,Oliwier Sokolowski,1,3,571980-4,True,b
571980,5707,2026-09-29,evening,OSP,5,2026-09-29 18:35:00,Jakub Nowak,Lukasz Oracz,3,2,571980-5,True,a
571980,5707,2026-09-29,evening,OSP,6,2026-09-29 18:55:00,Mariusz Koczyba,Piotr Gumulinski,2,3,571980-6,True,b
571980,5707,2026-09-29,evening,OSP,7,2026-09-29 19:20:00,Oliwier Sokolowski,Lukasz Oracz,1,3,571980-7,True,b
571980,5707,2026-09-29,evening,OSP,8,2026-09-29 19:45:00,Pawel Slosarczyk,Mariusz Koczyba,3,0,571980-8,True,a
571980,5707,2026-09-29,evening,OSP,9,2026-09-29 20:10:00,Jakub Nowak,Piotr Gumulinski,1,3,571980-9,True,b
571980,5707,2026-09-29,evening,OSP,10,2026-09-29 20:30:00,Oliwier Sokolowski,Mariusz Koczyba,0,3,571980-10,True,b
571980,5707,2026-09-29,evening,OSP,11,2026-09-29 20:55:00,Pawel Slosarczyk,Jakub Nowak,2,3,571980-11,True,b
571980,5707,2026-09-29,evening,OSP,12,2026-09-29 21:20:00,Piotr Gumulinski,Lukasz Oracz,3,1,571980-12,True,a
571980,5707,2026-09-29,evening,OSP,13,2026-09-29 21:40:00,Oliwier Sokolowski,Jakub Nowak,3,2,571980-13,True,a
571980,5707,2026-09-29,evening,OSP,14,2026-09-29 22:05:00,Mariusz Koczyba,Lukasz Oracz,1,3,571980-14,True,b
571980,5707,2026-09-29,evening,OSP,15,2026-09-29 22:30:00,Pawel Slosarczyk,Piotr Gumulinski,0,3,571980-15,True,b
571977,5706,2026-09-29,evening,OSP,1,2026-09-29 17:15:00,Michal Skorski,Jakub Pruszkowski,1,3,571977-1,True,b
571977,5706,2026-09-29,evening,OSP,2,2026-09-29 17:35:00,Kamil Klocek,Jaroslaw Rolak,0,3,571977-2,True,b
571977,5706,2026-09-29,evening,OSP,3,2026-09-29 17:55:00,Bartlomiej Mrugala,Dariusz Szlubowski,1,3,571977-3,True,b
571977,5706,2026-09-29,evening,OSP,4,2026-09-29 18:15:00,Michal Skorski,Kamil Klocek,3,1,571977-4,True,a
571977,5706,2026-09-29,evening,OSP,5,2026-09-29 18:35:00,Dariusz Szlubowski,Jakub Pruszkowski,3,0,571977-5,True,a
571977,5706,2026-09-29,evening,OSP,6,2026-09-29 18:55:00,Bartlomiej Mrugala,Jaroslaw Rolak,3,1,571977-6,True,a
571977,5706,2026-09-29,evening,OSP,7,2026-09-29 19:20:00,Kamil Klocek,Jakub Pruszkowski,3,2,571977-7,True,a
571977,5706,2026-09-29,evening,OSP,8,2026-09-29 19:45:00,Michal Skorski,Bartlomiej Mrugala,3,1,571977-8,True,a
571977,5706,2026-09-29,evening,OSP,9,2026-09-29 20:10:00,Dariusz Szlubowski,Jaroslaw Rolak,3,1,571977-9,True,a
571977,5706,2026-09-29,evening,OSP,10,2026-09-29 20:30:00,Kamil Klocek,Bartlomiej Mrugala,3,2,571977-10,True,a
571977,5706,2026-09-29,evening,OSP,11,2026-09-29 20:55:00,Michal Skorski,Dariusz Szlubowski,0,3,571977-11,True,b
571977,5706,2026-09-29,evening,OSP,12,2026-09-29 21:20:00,Jaroslaw Rolak,Jakub Pruszkowski,0,3,571977-12,True,b
571977,5706,2026-09-29,evening,OSP,13,2026-09-29 21:40:00,Kamil Klocek,Dariusz Szlubowski,3,2,571977-13,True,a
571977,5706,2026-09-29,evening,OSP,14,2026-09-29 22:05:00,Bartlomiej Mrugala,Jakub Pruszkowski,3,2,571977-14,True,a
571977,5706,2026-09-29,evening,OSP,15,2026-09-29 22:30:00,Michal Skorski,Jaroslaw Rolak,1,3,571977-15,True,b
571975,5705,2026-09-29,afternoon,HSC,1,2026-09-29 11:00:00,Adrian Wiecek,Jan Zandecki,1,3,571975-1,True,b
571975,5705,2026-09-29,afternoon,HSC,2,2026-09-29 11:20:00,Grzegorz Felkel,Petr David,1,3,571975-2,True,b
571975,5705,2026-09-29,afternoon,HSC,3,2026-09-29 11:40:00,Piotr Chodorski,Jakub Kosowski,2,3,571975-3,True,b
571975,5705,2026-09-29,afternoon,HSC,4,2026-09-29 12:00:00,Adrian Wiecek,Grzegorz Felkel,1,3,571975-4,True,b
571975,5705,2026-09-29,afternoon,HSC,5,2026-09-29 12:25:00,Jakub Kosowski,Jan Zandecki,0,3,571975-5,True,b
571975,5705,2026-09-29,afternoon,HSC,6,2026-09-29 12:50:00,Piotr Chodorski,Petr David,3,1,571975-6,True,a
571975,5705,2026-09-29,afternoon,HSC,7,2026-09-29 13:15:00,Grzegorz Felkel,Jan Zandecki,2,3,571975-7,True,b
571975,5705,2026-09-29,afternoon,HSC,8,2026-09-29 13:40:00,Adrian Wiecek,Piotr Chodorski,1,3,571975-8,True,b
571975,5705,2026-09-29,afternoon,HSC,9,2026-09-29 14:05:00,Jakub Kosowski,Petr David,3,2,571975-9,True,a
571975,5705,2026-09-29,afternoon,HSC,10,2026-09-29 14:30:00,Grzegorz Felkel,Piotr Chodorski,1,3,571975-10,True,b
571975,5705,2026-09-29,afternoon,HSC,11,2026-09-29 14:55:00,Adrian Wiecek,Jakub Kosowski,2,3,571975-11,True,b
571975,5705,2026-09-29,afternoon,HSC,12,2026-09-29 15:20:00,Petr David,Jan Zandecki,0,3,571975-12,True,b
571975,5705,2026-09-29,afternoon,HSC,13,2026-09-29 15:45:00,Grzegorz Felkel,Jakub Kosowski,2,3,571975-13,True,b
571975,5705,2026-09-29,afternoon,HSC,14,2026-09-29 16:10:00,Piotr Chodorski,Jan Zandecki,0,3,571975-14,True,b
571975,5705,2026-09-29,afternoon,HSC,15,2026-09-29 16:35:00,Adrian Wiecek,Petr David,0,3,571975-15,True,b
571973,5704,2026-09-29,afternoon,OSP,1,2026-09-29 11:00:00,Piotr Przewlocki,Rafal Idaczyk,1,3,571973-1,True,b
571973,5704,2026-09-29,afternoon,OSP,2,2026-09-29 11:25:00,Rafal Gajda,Krzysztof Schaniel,2,3,571973-2,True,b
571973,5704,2026-09-29,afternoon,OSP,3,2026-09-29 11:50:00,Kamil Kowalski,Igor Szymanski,0,3,571973-3,True,b
571973,5704,2026-09-29,afternoon,OSP,4,2026-09-29 12:10:00,Piotr Przewlocki,Rafal Gajda,3,1,571973-4,True,a
571973,5704,2026-09-29,afternoon,OSP,5,2026-09-29 12:35:00,Igor Szymanski,Rafal Idaczyk,3,0,571973-5,True,a
571973,5704,2026-09-29,afternoon,OSP,6,2026-09-29 13:00:00,Kamil Kowalski,Krzysztof Schaniel,2,3,571973-6,True,b
571973,5704,2026-09-29,afternoon,OSP,7,2026-09-29 13:25:00,Rafal Gajda,Rafal Idaczyk,3,1,571973-7,True,a
571973,5704,2026-09-29,afternoon,OSP,8,2026-09-29 13:50:00,Piotr Przewlocki,Kamil Kowalski,3,1,571973-8,True,a
571973,5704,2026-09-29,afternoon,OSP,9,2026-09-29 14:15:00,Igor Szymanski,Krzysztof Schaniel,2,3,571973-9,True,b
571973,5704,2026-09-29,afternoon,OSP,10,2026-09-29 14:40:00,Rafal Gajda,Kamil Kowalski,3,1,571973-10,True,a
571973,5704,2026-09-29,afternoon,OSP,11,2026-09-29 15:05:00,Piotr Przewlocki,Igor Szymanski,3,1,571973-11,True,a
571973,5704,2026-09-29,afternoon,OSP,12,2026-09-29 15:30:00,Krzysztof Schaniel,Rafal Idaczyk,3,2,571973-12,True,a
571973,5704,2026-09-29,afternoon,OSP,13,2026-09-29 15:55:00,Rafal Gajda,Igor Szymanski,0,3,571973-13,True,b
571973,5704,2026-09-29,afternoon,OSP,14,2026-09-29 16:20:00,Kamil Kowalski,Rafal Idaczyk,3,0,571973-14,True,a
571973,5704,2026-09-29,afternoon,OSP,15,2026-09-29 16:40:00,Piotr Przewlocki,Krzysztof Schaniel,3,1,571973-15,True,a
571971,5703,2026-09-29,afternoon,HSC,1,2026-09-29 11:00:00,Jakub Kuzmicz,Konrad Staszczyk,3,0,571971-1,True,a
571971,5703,2026-09-29,afternoon,HSC,2,2026-09-29 11:20:00,Maksymilian Miastowski,Krystian Kolodziej,1,3,571971-2,True,b
571971,5703,2026-09-29,afternoon,HSC,3,2026-09-29 11:45:00,Adrian Spychala,Miroslav Sklensky,3,1,571971-3,True,a
571971,5703,2026-09-29,afternoon,HSC,4,2026-09-29 12:05:00,Jakub Kuzmicz,Maksymilian Miastowski,0,3,571971-4,True,b
571971,5703,2026-09-29,afternoon,HSC,5,2026-09-29 12:30:00,Miroslav Sklensky,Konrad Staszczyk,3,0,571971-5,True,a
571971,5703,2026-09-29,afternoon,HSC,6,2026-09-29 12:55:00,Adrian Spychala,Krystian Kolodziej,3,2,571971-6,True,a
571971,5703,2026-09-29,afternoon,HSC,7,2026-09-29 13:20:00,Maksymilian Miastowski,Konrad Staszczyk,3,1,571971-7,True,a
571971,5703,2026-09-29,afternoon,HSC,8,2026-09-29 13:45:00,Jakub Kuzmicz,Adrian Spychala,2,3,571971-8,True,b
571971,5703,2026-09-29,afternoon,HSC,9,2026-09-29 14:10:00,Miroslav Sklensky,Krystian Kolodziej,3,2,571971-9,True,a
571971,5703,2026-09-29,afternoon,HSC,10,2026-09-29 14:35:00,Maksymilian Miastowski,Adrian Spychala,3,1,571971-10,True,a
571971,5703,2026-09-29,afternoon,HSC,11,2026-09-29 15:00:00,Jakub Kuzmicz,Miroslav Sklensky,1,3,571971-11,True,b
571971,5703,2026-09-29,afternoon,HSC,12,2026-09-29 15:25:00,Krystian Kolodziej,Konrad Staszczyk,3,0,571971-12,True,a
571971,5703,2026-09-29,afternoon,HSC,13,2026-09-29 15:50:00,Maksymilian Miastowski,Miroslav Sklensky,3,1,571971-13,True,a
571971,5703,2026-09-29,afternoon,HSC,14,2026-09-29 16:15:00,Adrian Spychala,Konrad Staszczyk,3,1,571971-14,True,a
571971,5703,2026-09-29,afternoon,HSC,15,2026-09-29 16:35:00,Jakub Kuzmicz,Krystian Kolodziej,1,3,571971-15,True,b
571969,5702,2026-09-29,afternoon,OSP,1,2026-09-29 11:00:00,Maciej Kolek,Michal Minda,3,1,571969-1,True,a
571969,5702,2026-09-29,afternoon,OSP,2,2026-09-29 11:25:00,Artur Sobel,Frantisek Krcil,3,1,571969-2,True,a
571969,5702,2026-09-29,afternoon,OSP,3,2026-09-29 11:50:00,Jakub Krawczyk,Dominik Solilo,1,3,571969-3,True,b
571969,5702,2026-09-29,afternoon,OSP,4,2026-09-29 12:10:00,Maciej Kolek,Artur Sobel,3,2,571969-4,True,a
571969,5702,2026-09-29,afternoon,OSP,5,2026-09-29 12:35:00,Dominik Solilo,Michal Minda,3,1,571969-5,True,a
571969,5702,2026-09-29,afternoon,OSP,6,2026-09-29 13:00:00,Jakub Krawczyk,Frantisek Krcil,2,3,571969-6,True,b
571969,5702,2026-09-29,afternoon,OSP,7,2026-09-29 13:25:00,Artur Sobel,Michal Minda,1,3,571969-7,True,b
571969,5702,2026-09-29,afternoon,OSP,8,2026-09-29 13:50:00,Maciej Kolek,Jakub Krawczyk,3,1,571969-8,True,a
571969,5702,2026-09-29,afternoon,OSP,9,2026-09-29 14:15:00,Dominik Solilo,Frantisek Krcil,3,2,571969-9,True,a
571969,5702,2026-09-29,afternoon,OSP,10,2026-09-29 14:40:00,Artur Sobel,Jakub Krawczyk,3,1,571969-10,True,a
571969,5702,2026-09-29,afternoon,OSP,11,2026-09-29 15:05:00,Maciej Kolek,Dominik Solilo,2,3,571969-11,True,b
571969,5702,2026-09-29,afternoon,OSP,12,2026-09-29 15:30:00,Frantisek Krcil,Michal Minda,1,3,571969-12,True,b
571969,5702,2026-09-29,afternoon,OSP,13,2026-09-29 15:55:00,Artur Sobel,Dominik Solilo,3,1,571969-13,True,a
571969,5702,2026-09-29,afternoon,OSP,14,2026-09-29 16:20:00,Jakub Krawczyk,Michal Minda,2,3,571969-14,True,b
571969,5702,2026-09-29,afternoon,OSP,15,2026-09-29 16:40:00,Maciej Kolek,Frantisek Krcil,3,0,571969-15,True,a
571967,5701,2026-09-29,morning,HSC,1,2026-09-29 05:00:00,Grzegorz Felkel,Jan Zandecki,2,3,571967-1,True,b
571967,5701,2026-09-29,morning,HSC,2,2026-09-29 05:25:00,Piotr Chodorski,Jakub Kosowski,1,3,571967-2,True,b
571967,5701,2026-09-29,morning,HSC,3,2026-09-29 05:45:00,Petr David,Adrian Wiecek,3,0,571967-3,True,a
571967,5701,2026-09-29,morning,HSC,4,2026-09-29 06:10:00,Grzegorz Felkel,Piotr Chodorski,0,3,571967-4,True,b
571967,5701,2026-09-29,morning,HSC,5,2026-09-29 06:30:00,Adrian Wiecek,Jan Zandecki,0,3,571967-5,True,b
571967,5701,2026-09-29,morning,HSC,6,2026-09-29 06:55:00,Petr David,Jakub Kosowski,1,3,571967-6,True,b
571967,5701,2026-09-29,morning,HSC,7,2026-09-29 07:15:00,Piotr Chodorski,Jan Zandecki,2,3,571967-7,True,b
571967,5701,2026-09-29,morning,HSC,8,2026-09-29 07:40:00,Grzegorz Felkel,Petr David,0,3,571967-8,True,b
571967,5701,2026-09-29,morning,HSC,9,2026-09-29 08:05:00,Adrian Wiecek,Jakub Kosowski,3,1,571967-9,True,a
571967,5701,2026-09-29,morning,HSC,10,2026-09-29 08:30:00,Piotr Chodorski,Petr David,1,3,571967-10,True,b
571967,5701,2026-09-29,morning,HSC,11,2026-09-29 08:55:00,Grzegorz Felkel,Adrian Wiecek,3,2,571967-11,True,a
571967,5701,2026-09-29,morning,HSC,12,2026-09-29 09:20:00,Jakub Kosowski,Jan Zandecki,3,0,571967-12,True,a
571967,5701,2026-09-29,morning,HSC,13,2026-09-29 09:45:00,Piotr Chodorski,Adrian Wiecek,1,3,571967-13,True,b
571967,5701,2026-09-29,morning,HSC,14,2026-09-29 10:05:00,Petr David,Jan Zandecki,3,1,571967-14,True,a
571967,5701,2026-09-29,morning,HSC,15,2026-09-29 10:30:00,Grzegorz Felkel,Jakub Kosowski,0,3,571967-15,True,b
571964,5700,2026-09-29,morning,OSP,1,2026-09-29 05:00:00,Igor Szymanski,Rafal Idaczyk,1,3,571964-1,True,b
571964,5700,2026-09-29,morning,OSP,2,2026-09-29 05:25:00,Rafal Gajda,Krzysztof Schaniel,3,0,571964-2,True,a
571964,5700,2026-09-29,morning,OSP,3,2026-09-29 05:50:00,Kamil Kowalski,Piotr Przewlocki,3,0,571964-3,True,a
571964,5700,2026-09-29,morning,OSP,4,2026-09-29 06:10:00,Igor Szymanski,Rafal Gajda,0,3,571964-4,True,b
571964,5700,2026-09-29,morning,OSP,5,2026-09-29 06:30:00,Piotr Przewlocki,Rafal Idaczyk,3,0,571964-5,True,a
571964,5700,2026-09-29,morning,OSP,6,2026-09-29 06:55:00,Kamil Kowalski,Krzysztof Schaniel,1,3,571964-6,True,b
571964,5700,2026-09-29,morning,OSP,7,2026-09-29 07:15:00,Rafal Gajda,Rafal Idaczyk,0,3,571964-7,True,b
571964,5700,2026-09-29,morning,OSP,8,2026-09-29 07:40:00,Igor Szymanski,Kamil Kowalski,1,3,571964-8,True,b
571964,5700,2026-09-29,morning,OSP,9,2026-09-29 08:05:00,Piotr Przewlocki,Krzysztof Schaniel,2,3,571964-9,True,b
571964,5700,2026-09-29,morning,OSP,10,2026-09-29 08:30:00,Rafal Gajda,Kamil Kowalski,3,1,571964-10,True,a
571964,5700,2026-09-29,morning,OSP,11,2026-09-29 08:55:00,Igor Szymanski,Piotr Przewlocki,2,3,571964-11,True,b
571964,5700,2026-09-29,morning,OSP,12,2026-09-29 09:20:00,Krzysztof Schaniel,Rafal Idaczyk,2,3,571964-12,True,b
571964,5700,2026-09-29,morning,OSP,13,2026-09-29 09:45:00,Rafal Gajda,Piotr Przewlocki,2,3,571964-13,True,b
571964,5700,2026-09-29,morning,OSP,14,2026-09-29 10:10:00,Kamil Kowalski,Rafal Idaczyk,1,3,571964-14,True,b
571964,5700,2026-09-29,morning,OSP,15,2026-09-29 10:35:00,Igor Szymanski,Krzysztof Schaniel,1,3,571964-15,True,b
571962,5699,2026-09-29,morning,HSC,1,2026-09-29 05:00:00,Maksymilian Miastowski,Krzysztof Wloczko,3,1,571962-1,True,a
571962,5699,2026-09-29,morning,HSC,2,2026-09-29 05:20:00,Karol Wisniewski,Miroslav Sklensky,1,3,571962-2,True,b
571962,5699,2026-09-29,morning,HSC,3,2026-09-29 05:40:00,Grzegorz Poliniewicz,Maciej Kolek,2,3,571962-3,True,b
571962,5699,2026-09-29,morning,HSC,4,2026-09-29 06:00:00,Maksymilian Miastowski,Karol Wisniewski,3,1,571962-4,True,a
571962,5699,2026-09-29,morning,HSC,5,2026-09-29 06:25:00,Maciej Kolek,Krzysztof Wloczko,3,1,571962-5,True,a
571962,5699,2026-09-29,morning,HSC,6,2026-09-29 06:50:00,Grzegorz Poliniewicz,Miroslav Sklensky,3,2,571962-6,True,a
571962,5699,2026-09-29,morning,HSC,7,2026-09-29 07:15:00,Karol Wisniewski,Krzysztof Wloczko,1,3,571962-7,True,b
571962,5699,2026-09-29,morning,HSC,8,2026-09-29 07:35:00,Maksymilian Miastowski,Grzegorz Poliniewicz,3,1,571962-8,True,a
571962,5699,2026-09-29,morning,HSC,9,2026-09-29 08:00:00,Maciej Kolek,Miroslav Sklensky,1,3,571962-9,True,b
571962,5699,2026-09-29,morning,HSC,10,2026-09-29 08:25:00,Karol Wisniewski,Grzegorz Poliniewicz,0,3,571962-10,True,b
571962,5699,2026-09-29,morning,HSC,11,2026-09-29 08:50:00,Maksymilian Miastowski,Maciej Kolek,3,1,571962-11,True,a
571962,5699,2026-09-29,morning,HSC,12,2026-09-29 09:15:00,Miroslav Sklensky,Krzysztof Wloczko,2,3,571962-12,True,b
571962,5699,2026-09-29,morning,HSC,13,2026-09-29 09:40:00,Karol Wisniewski,Maciej Kolek,3,1,571962-13,True,a
571962,5699,2026-09-29,morning,HSC,14,2026-09-29 10:05:00,Grzegorz Poliniewicz,Krzysztof Wloczko,3,2,571962-14,True,a
571962,5699,2026-09-29,morning,HSC,15,2026-09-29 10:30:00,Maksymilian Miastowski,Miroslav Sklensky,0,3,571962-15,True,b
571960,5698,2026-09-29,morning,OSP,1,2026-09-29 05:00:00,Artur Sobel,Blazej Warpas,3,2,571960-1,True,a
571960,5698,2026-09-29,morning,OSP,2,2026-09-29 05:25:00,Milosz Kukawka,Bartosz Czerwinski,0,3,571960-2,True,b
571960,5698,2026-09-29,morning,OSP,3,2026-09-29 05:50:00,Michal Minda,Frantisek Krcil,3,1,571960-3,True,a
571960,5698,2026-09-29,morning,OSP,4,2026-09-29 06:10:00,Artur Sobel,Milosz Kukawka,3,1,571960-4,True,a
571960,5698,2026-09-29,morning,OSP,5,2026-09-29 06:30:00,Frantisek Krcil,Blazej Warpas,3,1,571960-5,True,a
571960,5698,2026-09-29,morning,OSP,6,2026-09-29 06:55:00,Michal Minda,Bartosz Czerwinski,3,2,571960-6,True,a
571960,5698,2026-09-29,morning,OSP,7,2026-09-29 07:15:00,Milosz Kukawka,Blazej Warpas,3,2,571960-7,True,a
571960,5698,2026-09-29,morning,OSP,8,2026-09-29 07:40:00,Artur Sobel,Michal Minda,0,3,571960-8,True,b
571960,5698,2026-09-29,morning,OSP,9,2026-09-29 08:05:00,Frantisek Krcil,Bartosz Czerwinski,2,3,571960-9,True,b
571960,5698,2026-09-29,morning,OSP,10,2026-09-29 08:30:00,Milosz Kukawka,Michal Minda,2,3,571960-10,True,b
571960,5698,2026-09-29,morning,OSP,11,2026-09-29 08:55:00,Artur Sobel,Frantisek Krcil,3,1,571960-11,True,a
571960,5698,2026-09-29,morning,OSP,12,2026-09-29 09:20:00,Bartosz Czerwinski,Blazej Warpas,3,0,571960-12,True,a
571960,5698,2026-09-29,morning,OSP,13,2026-09-29 09:40:00,Milosz Kukawka,Frantisek Krcil,1,3,571960-13,True,b
571960,5698,2026-09-29,morning,OSP,14,2026-09-29 10:10:00,Michal Minda,Blazej Warpas,3,2,571960-14,True,a
571960,5698,2026-09-29,morning,OSP,15,2026-09-29 10:35:00,Artur Sobel,Bartosz Czerwinski,0,3,571960-15,True,b
571953,5697,2026-09-29,night,BLACHOWNIA,1,2026-09-29 23:10:00,Pawel Adamus,Marek Tkocz,1,3,571953-1,True,b
571953,5697,2026-09-29,night,BLACHOWNIA,2,2026-09-29 23:35:00,Mariusz Adamus,Oskar Sokolowski,3,1,571953-2,True,a
571953,5697,2026-09-29,night,BLACHOWNIA,3,2026-09-29 00:00:00,Marian Lebek,Pawel Kurek,3,1,571953-3,True,a
571953,5697,2026-09-29,night,BLACHOWNIA,4,2026-09-29 00:25:00,Pawel Adamus,Mariusz Adamus,3,1,571953-4,True,a
571953,5697,2026-09-29,night,BLACHOWNIA,5,2026-09-29 00:50:00,Pawel Kurek,Marek Tkocz,1,3,571953-5,True,b
571953,5697,2026-09-29,night,BLACHOWNIA,6,2026-09-29 01:10:00,Marian Lebek,Oskar Sokolowski,3,0,571953-6,True,a
571953,5697,2026-09-29,night,BLACHOWNIA,7,2026-09-29 01:35:00,Mariusz Adamus,Marek Tkocz,0,3,571953-7,True,b
571953,5697,2026-09-29,night,BLACHOWNIA,8,2026-09-29 02:00:00,Pawel Adamus,Marian Lebek,2,3,571953-8,True,b
571953,5697,2026-09-29,night,BLACHOWNIA,9,2026-09-29 02:25:00,Pawel Kurek,Oskar Sokolowski,0,3,571953-9,True,b
571953,5697,2026-09-29,night,BLACHOWNIA,10,2026-09-29 02:45:00,Mariusz Adamus,Marian Lebek,2,3,571953-10,True,b
571953,5697,2026-09-29,night,BLACHOWNIA,11,2026-09-29 03:10:00,Pawel Adamus,Pawel Kurek,0,3,571953-11,True,b
571953,5697,2026-09-29,night,BLACHOWNIA,12,2026-09-29 03:35:00,Oskar Sokolowski,Marek Tkocz,2,3,571953-12,True,b
571953,5697,2026-09-29,night,BLACHOWNIA,13,2026-09-29 04:00:00,Mariusz Adamus,Pawel Kurek,1,3,571953-13,True,b
571953,5697,2026-09-29,night,BLACHOWNIA,14,2026-09-29 04:20:00,Marian Lebek,Marek Tkocz,3,0,571953-14,True,a
571953,5697,2026-09-29,night,BLACHOWNIA,15,2026-09-29 04:45:00,Pawel Adamus,Oskar Sokolowski,3,1,571953-15,True,a
571951,5696,2026-09-29,evening,BLACHOWNIA,1,2026-09-29 17:10:00,Pawel Kurek,Marek Tkocz,3,2,571951-1,True,a
571951,5696,2026-09-29,evening,BLACHOWNIA,2,2026-09-29 17:35:00,Mariusz Adamus,Oskar Sokolowski,3,2,571951-2,True,a
571951,5696,2026-09-29,evening,BLACHOWNIA,3,2026-09-29 18:00:00,Jakub Kaczmarek,Mateusz Sikon,3,0,571951-3,True,a
571951,5696,2026-09-29,evening,BLACHOWNIA,4,2026-09-29 18:25:00,Pawel Kurek,Mariusz Adamus,3,1,571951-4,True,a
571951,5696,2026-09-29,evening,BLACHOWNIA,5,2026-09-29 18:50:00,Mateusz Sikon,Marek Tkocz,2,3,571951-5,True,b
571951,5696,2026-09-29,evening,BLACHOWNIA,6,2026-09-29 19:10:00,Jakub Kaczmarek,Oskar Sokolowski,1,3,571951-6,True,b
571951,5696,2026-09-29,evening,BLACHOWNIA,7,2026-09-29 19:35:00,Mariusz Adamus,Marek Tkocz,3,2,571951-7,True,a
571951,5696,2026-09-29,evening,BLACHOWNIA,8,2026-09-29 20:00:00,Pawel Kurek,Jakub Kaczmarek,2,3,571951-8,True,b
571951,5696,2026-09-29,evening,BLACHOWNIA,9,2026-09-29 20:25:00,Mateusz Sikon,Oskar Sokolowski,3,2,571951-9,True,a
571951,5696,2026-09-29,evening,BLACHOWNIA,10,2026-09-29 20:45:00,Mariusz Adamus,Jakub Kaczmarek,1,3,571951-10,True,b
571951,5696,2026-09-29,evening,BLACHOWNIA,11,2026-09-29 21:10:00,Pawel Kurek,Mateusz Sikon,1,3,571951-11,True,b
571951,5696,2026-09-29,evening,BLACHOWNIA,12,2026-09-29 21:35:00,Oskar Sokolowski,Marek Tkocz,3,2,571951-12,True,a
571951,5696,2026-09-29,evening,BLACHOWNIA,13,2026-09-29 22:00:00,Mariusz Adamus,Mateusz Sikon,3,2,571951-13,True,a
571951,5696,2026-09-29,evening,BLACHOWNIA,14,2026-09-29 22:20:00,Jakub Kaczmarek,Marek Tkocz,3,2,571951-14,True,a
571951,5696,2026-09-29,evening,BLACHOWNIA,15,2026-09-29 22:45:00,Pawel Kurek,Oskar Sokolowski,3,1,571951-15,True,a
571949,5695,2026-09-29,morning,BLACHOWNIA,1,2026-09-29 05:10:00,Mateusz Sikon,Jakub Kaczmarek,3,2,571949-1,True,a
571949,5695,2026-09-29,morning,BLACHOWNIA,2,2026-09-29 05:35:00,Adam Ruszkiewicz,Krzysztof Hetnar,0,3,571949-2,True,b
571949,5695,2026-09-29,morning,BLACHOWNIA,3,2026-09-29 06:00:00,Wojciech Urban,Marian Lebek,3,2,571949-3,True,a
571949,5695,2026-09-29,morning,BLACHOWNIA,4,2026-09-29 06:25:00,Mateusz Sikon,Adam Ruszkiewicz,0,3,571949-4,True,b
571949,5695,2026-09-29,morning,BLACHOWNIA,5,2026-09-29 06:50:00,Marian Lebek,Jakub Kaczmarek,3,1,571949-5,True,a
571949,5695,2026-09-29,morning,BLACHOWNIA,6,2026-09-29 07:10:00,Wojciech Urban,Krzysztof Hetnar,1,3,571949-6,True,b
571949,5695,2026-09-29,morning,BLACHOWNIA,7,2026-09-29 07:35:00,Adam Ruszkiewicz,Jakub Kaczmarek,3,0,571949-7,True,a
571949,5695,2026-09-29,morning,BLACHOWNIA,8,2026-09-29 08:00:00,Mateusz Sikon,Wojciech Urban,3,2,571949-8,True,a
571949,5695,2026-09-29,morning,BLACHOWNIA,9,2026-09-29 08:25:00,Marian Lebek,Krzysztof Hetnar,3,2,571949-9,True,a
571949,5695,2026-09-29,morning,BLACHOWNIA,10,2026-09-29 08:45:00,Adam Ruszkiewicz,Wojciech Urban,3,1,571949-10,True,a
571949,5695,2026-09-29,morning,BLACHOWNIA,11,2026-09-29 09:10:00,Mateusz Sikon,Marian Lebek,3,1,571949-11,True,a
571949,5695,2026-09-29,morning,BLACHOWNIA,12,2026-09-29 09:35:00,Krzysztof Hetnar,Jakub Kaczmarek,3,0,571949-12,True,a
571949,5695,2026-09-29,morning,BLACHOWNIA,13,2026-09-29 10:00:00,Adam Ruszkiewicz,Marian Lebek,0,3,571949-13,True,b
571949,5695,2026-09-29,morning,BLACHOWNIA,14,2026-09-29 10:20:00,Wojciech Urban,Jakub Kaczmarek,3,0,571949-14,True,a
571949,5695,2026-09-29,morning,BLACHOWNIA,15,2026-09-29 10:45:00,Mateusz Sikon,Krzysztof Hetnar,3,0,571949-15,True,a
571947,5694,2026-09-29,evening,POCZESNA,1,2026-09-29 19:30:00,Marian Brunner,Jakub Skorupa,3,1,571947-1,True,a
571947,5694,2026-09-29,evening,POCZESNA,2,2026-09-29 19:55:00,Andriej Fomin,Grzegorz Mucha,3,2,571947-2,True,a
571947,5694,2026-09-29,evening,POCZESNA,3,2026-09-29 20:20:00,Kacper Kwiatkowski,Piotr Gesiarz,1,3,571947-3,True,b
571947,5694,2026-09-29,evening,POCZESNA,4,2026-09-29 20:45:00,Marian Brunner,Andriej Fomin,0,3,571947-4,True,b
571947,5694,2026-09-29,evening,POCZESNA,5,2026-09-29 21:10:00,Piotr Gesiarz,Jakub Skorupa,3,1,571947-5,True,a
571947,5694,2026-09-29,evening,POCZESNA,6,2026-09-29 21:30:00,Kacper Kwiatkowski,Grzegorz Mucha,2,3,571947-6,True,b
571947,5694,2026-09-29,evening,POCZESNA,7,2026-09-29 21:55:00,Andriej Fomin,Jakub Skorupa,3,1,571947-7,True,a
571947,5694,2026-09-29,evening,POCZESNA,8,2026-09-29 22:20:00,Marian Brunner,Kacper Kwiatkowski,3,0,571947-8,True,a
571947,5694,2026-09-29,evening,POCZESNA,9,2026-09-29 22:45:00,Piotr Gesiarz,Grzegorz Mucha,3,2,571947-9,True,a
571947,5694,2026-09-29,evening,POCZESNA,10,2026-09-29 23:05:00,Andriej Fomin,Kacper Kwiatkowski,0,3,571947-10,True,b
571947,5694,2026-09-29,evening,POCZESNA,11,2026-09-29 23:30:00,Marian Brunner,Piotr Gesiarz,0,3,571947-11,True,b
571947,5694,2026-09-29,evening,POCZESNA,12,2026-09-29 23:55:00,Grzegorz Mucha,Jakub Skorupa,1,3,571947-12,True,b
571947,5694,2026-09-29,evening,POCZESNA,13,2026-09-29 00:20:00,Andriej Fomin,Piotr Gesiarz,0,3,571947-13,True,b
571947,5694,2026-09-29,evening,POCZESNA,14,2026-09-29 00:40:00,Kacper Kwiatkowski,Jakub Skorupa,1,3,571947-14,True,b
571947,5694,2026-09-29,evening,POCZESNA,15,2026-09-29 01:05:00,Marian Brunner,Grzegorz Mucha,0,3,571947-15,True,b
571945,5693,2026-09-29,afternoon,POCZESNA,1,2026-09-29 13:30:00,Oliver Vincenec,Mariusz Baron,1,3,571945-1,True,b
571945,5693,2026-09-29,afternoon,POCZESNA,2,2026-09-29 13:55:00,Sebastian Juzek,Wiktor Ptak,3,0,571945-2,True,a
571945,5693,2026-09-29,afternoon,POCZESNA,3,2026-09-29 14:20:00,Pawel Polok,Oskar Jadach,0,3,571945-3,True,b
571945,5693,2026-09-29,afternoon,POCZESNA,4,2026-09-29 14:45:00,Oliver Vincenec,Sebastian Juzek,3,1,571945-4,True,a
571945,5693,2026-09-29,afternoon,POCZESNA,5,2026-09-29 15:10:00,Oskar Jadach,Mariusz Baron,3,1,571945-5,True,a
571945,5693,2026-09-29,afternoon,POCZESNA,6,2026-09-29 15:30:00,Pawel Polok,Wiktor Ptak,0,3,571945-6,True,b
571945,5693,2026-09-29,afternoon,POCZESNA,7,2026-09-29 15:55:00,Sebastian Juzek,Mariusz Baron,3,1,571945-7,True,a
571945,5693,2026-09-29,afternoon,POCZESNA,8,2026-09-29 16:20:00,Oliver Vincenec,Pawel Polok,3,2,571945-8,True,a
571945,5693,2026-09-29,afternoon,POCZESNA,9,2026-09-29 16:45:00,Oskar Jadach,Wiktor Ptak,3,1,571945-9,True,a
571945,5693,2026-09-29,afternoon,POCZESNA,10,2026-09-29 17:05:00,Sebastian Juzek,Pawel Polok,2,3,571945-10,True,b
571945,5693,2026-09-29,afternoon,POCZESNA,11,2026-09-29 17:30:00,Oliver Vincenec,Oskar Jadach,0,3,571945-11,True,b
571945,5693,2026-09-29,afternoon,POCZESNA,12,2026-09-29 17:55:00,Wiktor Ptak,Mariusz Baron,3,0,571945-12,True,a
571945,5693,2026-09-29,afternoon,POCZESNA,13,2026-09-29 18:20:00,Sebastian Juzek,Oskar Jadach,0,3,571945-13,True,b
571945,5693,2026-09-29,afternoon,POCZESNA,14,2026-09-29 18:40:00,Pawel Polok,Mariusz Baron,3,0,571945-14,True,a
571945,5693,2026-09-29,afternoon,POCZESNA,15,2026-09-29 19:05:00,Oliver Vincenec,Wiktor Ptak,1,3,571945-15,True,b
571943,5692,2026-09-29,morning,POCZESNA,1,2026-09-29 07:30:00,Oskar Jadach,Mariusz Baron,3,2,571943-1,True,a
571943,5692,2026-09-29,morning,POCZESNA,2,2026-09-29 07:55:00,Sebastian Juzek,Wiktor Ptak,1,3,571943-2,True,b
571943,5692,2026-09-29,morning,POCZESNA,3,2026-09-29 08:20:00,Pawel Polok,Oliver Vincenec,3,1,571943-3,True,a
571943,5692,2026-09-29,morning,POCZESNA,4,2026-09-29 08:45:00,Oskar Jadach,Sebastian Juzek,1,3,571943-4,True,b
571943,5692,2026-09-29,morning,POCZESNA,5,2026-09-29 09:10:00,Oliver Vincenec,Mariusz Baron,3,0,571943-5,True,a
571943,5692,2026-09-29,morning,POCZESNA,6,2026-09-29 09:30:00,Pawel Polok,Wiktor Ptak,3,1,571943-6,True,a
571943,5692,2026-09-29,morning,POCZESNA,7,2026-09-29 09:55:00,Sebastian Juzek,Mariusz Baron,2,3,571943-7,True,b
571943,5692,2026-09-29,morning,POCZESNA,8,2026-09-29 10:20:00,Oskar Jadach,Pawel Polok,2,3,571943-8,True,b
571943,5692,2026-09-29,morning,POCZESNA,9,2026-09-29 10:45:00,Oliver Vincenec,Wiktor Ptak,2,3,571943-9,True,b
571943,5692,2026-09-29,morning,POCZESNA,10,2026-09-29 11:05:00,Sebastian Juzek,Pawel Polok,3,2,571943-10,True,a
571943,5692,2026-09-29,morning,POCZESNA,11,2026-09-29 11:30:00,Oskar Jadach,Oliver Vincenec,2,3,571943-11,True,b
571943,5692,2026-09-29,morning,POCZESNA,12,2026-09-29 11:55:00,Wiktor Ptak,Mariusz Baron,2,3,571943-12,True,b
571943,5692,2026-09-29,morning,POCZESNA,13,2026-09-29 12:20:00,Sebastian Juzek,Oliver Vincenec,3,1,571943-13,True,a
571943,5692,2026-09-29,morning,POCZESNA,14,2026-09-29 12:40:00,Pawel Polok,Mariusz Baron,3,2,571943-14,True,a
571943,5692,2026-09-29,morning,POCZESNA,15,2026-09-29 13:05:00,Oskar Jadach,Wiktor Ptak,3,0,571943-15,True,a
571941,5691,2026-09-28,night,POCZESNA,1,2026-09-28 01:30:00,Mariusz Adamus,Oliwier Sokolowski,0,3,571941-1,True,b
571941,5691,2026-09-28,night,POCZESNA,2,2026-09-28 01:50:00,Lukasz Oracz,Kacper Adamus,3,2,571941-2,True,a
571941,5691,2026-09-28,night,POCZESNA,3,2026-09-28 02:10:00,Dawid Dytko,Jakub Pruszkowski,3,0,571941-3,True,a
571941,5691,2026-09-28,night,POCZESNA,4,2026-09-28 02:30:00,Mariusz Adamus,Lukasz Oracz,0,3,571941-4,True,b
571941,5691,2026-09-28,night,POCZESNA,5,2026-09-28 02:50:00,Jakub Pruszkowski,Oliwier Sokolowski,3,1,571941-5,True,a
571941,5691,2026-09-28,night,POCZESNA,6,2026-09-28 03:10:00,Dawid Dytko,Kacper Adamus,3,2,571941-6,True,a
571941,5691,2026-09-28,night,POCZESNA,7,2026-09-28 03:30:00,Lukasz Oracz,Oliwier Sokolowski,0,3,571941-7,True,b
571941,5691,2026-09-28,night,POCZESNA,8,2026-09-28 03:50:00,Mariusz Adamus,Dawid Dytko,3,1,571941-8,True,a
571941,5691,2026-09-28,night,POCZESNA,9,2026-09-28 04:10:00,Jakub Pruszkowski,Kacper Adamus,0,3,571941-9,True,b
571941,5691,2026-09-28,night,POCZESNA,10,2026-09-28 05:05:00,Lukasz Oracz,Dawid Dytko,0,3,571941-10,True,b
571941,5691,2026-09-28,night,POCZESNA,11,2026-09-28 05:30:00,Mariusz Adamus,Jakub Pruszkowski,0,3,571941-11,True,b
571941,5691,2026-09-28,night,POCZESNA,12,2026-09-28 05:55:00,Kacper Adamus,Oliwier Sokolowski,3,1,571941-12,True,a
571941,5691,2026-09-28,night,POCZESNA,13,2026-09-28 06:20:00,Lukasz Oracz,Jakub Pruszkowski,1,3,571941-13,True,b
571941,5691,2026-09-28,night,POCZESNA,14,2026-09-28 06:40:00,Dawid Dytko,Oliwier Sokolowski,0,3,571941-14,True,b
571941,5691,2026-09-28,night,POCZESNA,15,2026-09-28 07:05:00,Mariusz Adamus,Kacper Adamus,1,3,571941-15,True,b
571755,5690,2026-09-28,night,HSC,1,2026-09-28 23:00:00,Bartosz Kwodawski,Jacek Mitas,0,3,571755-1,True,b
571755,5690,2026-09-28,night,HSC,2,2026-09-28 23:25:00,Jakub Glanowski,Kamil Rudomina,1,3,571755-2,True,b
571755,5690,2026-09-28,night,HSC,3,2026-09-28 23:50:00,Jakub Glanowski,Jakub Nadolny,3,2,571755-3,True,a
571755,5690,2026-09-28,night,HSC,4,2026-09-28 00:10:00,Jacek Mitas,Kamil Rudomina,3,2,571755-4,True,a
571755,5690,2026-09-28,night,HSC,5,2026-09-28 00:35:00,Jakub Nadolny,Jacek Mitas,3,0,571755-5,True,a
571755,5690,2026-09-28,night,HSC,6,2026-09-28 00:55:00,Bartosz Kwodawski,Kamil Rudomina,3,1,571755-6,True,a
571755,5690,2026-09-28,night,HSC,7,2026-09-28 01:20:00,Jakub Glanowski,Jacek Mitas,3,2,571755-7,True,a
571755,5690,2026-09-28,night,HSC,8,2026-09-28 01:45:00,Bartosz Kwodawski,Jakub Nadolny,2,3,571755-8,True,b
571755,5690,2026-09-28,night,HSC,9,2026-09-28 02:10:00,Jakub Glanowski,Bartosz Kwodawski,3,1,571755-9,True,a
571755,5690,2026-09-28,night,HSC,10,2026-09-28 02:35:00,Jakub Nadolny,Kamil Rudomina,3,2,571755-10,True,a
571445,5689,2026-09-28,night,OSP,1,2026-09-28 23:00:00,Aleksander Barton,Zbigniew Nocun,0,3,571445-1,True,b
571445,5689,2026-09-28,night,OSP,2,2026-09-28 23:20:00,Miroslaw Lewczuk,Kacper Kwiatkowski,2,3,571445-2,True,b
571445,5689,2026-09-28,night,OSP,3,2026-09-28 23:45:00,Andrzej Krezel,Henryk Tkaczyk,2,3,571445-3,True,b
571445,5689,2026-09-28,night,OSP,4,2026-09-28 00:10:00,Aleksander Barton,Miroslaw Lewczuk,2,3,571445-4,True,b
571445,5689,2026-09-28,night,OSP,5,2026-09-28 00:30:00,Henryk Tkaczyk,Zbigniew Nocun,2,3,571445-5,True,b
571445,5689,2026-09-28,night,OSP,6,2026-09-28 00:50:00,Andrzej Krezel,Kacper Kwiatkowski,2,3,571445-6,True,b
571445,5689,2026-09-28,night,OSP,7,2026-09-28 01:10:00,Miroslaw Lewczuk,Zbigniew Nocun,1,3,571445-7,True,b
571445,5689,2026-09-28,night,OSP,8,2026-09-28 01:30:00,Aleksander Barton,Andrzej Krezel,0,3,571445-8,True,b
571445,5689,2026-09-28,night,OSP,9,2026-09-28 01:50:00,Henryk Tkaczyk,Kacper Kwiatkowski,3,2,571445-9,True,a
571445,5689,2026-09-28,night,OSP,10,2026-09-28 02:10:00,Miroslaw Lewczuk,Andrzej Krezel,0,3,571445-10,True,b
571445,5689,2026-09-28,night,OSP,11,2026-09-28 02:30:00,Aleksander Barton,Henryk Tkaczyk,1,3,571445-11,True,b
571445,5689,2026-09-28,night,OSP,12,2026-09-28 02:50:00,Kacper Kwiatkowski,Zbigniew Nocun,2,3,571445-12,True,b
571445,5689,2026-09-28,night,OSP,13,2026-09-28 03:10:00,Miroslaw Lewczuk,Henryk Tkaczyk,3,0,571445-13,True,a
571445,5689,2026-09-28,night,OSP,14,2026-09-28 03:30:00,Andrzej Krezel,Zbigniew Nocun,0,3,571445-14,True,b
571445,5689,2026-09-28,night,OSP,15,2026-09-28 03:50:00,Aleksander Barton,Kacper Kwiatkowski,0,3,571445-15,True,b
571443,5688,2026-09-28,night,OSP,1,2026-09-28 23:05:00,Wojciech Iwasyszyn,Marcin Kowalczyk,2,3,571443-1,True,b
571443,5688,2026-09-28,night,OSP,2,2026-09-28 23:30:00,Mateusz Trela,Michal Skorski,3,2,571443-2,True,a
571443,5688,2026-09-28,night,OSP,3,2026-09-28 23:55:00,Mateusz Trela,Bartlomiej Mrugala,3,1,571443-3,True,a
571443,5688,2026-09-28,night,OSP,4,2026-09-28 00:15:00,Marcin Kowalczyk,Michal Skorski,1,3,571443-4,True,b
571443,5688,2026-09-28,night,OSP,5,2026-09-28 00:35:00,Bartlomiej Mrugala,Marcin Kowalczyk,1,3,571443-5,True,b
571443,5688,2026-09-28,night,OSP,6,2026-09-28 00:55:00,Wojciech Iwasyszyn,Michal Skorski,1,3,571443-6,True,b
571443,5688,2026-09-28,night,OSP,7,2026-09-28 01:20:00,Mateusz Trela,Marcin Kowalczyk,3,1,571443-7,True,a
571443,5688,2026-09-28,night,OSP,8,2026-09-28 01:45:00,Wojciech Iwasyszyn,Bartlomiej Mrugala,3,1,571443-8,True,a
571443,5688,2026-09-28,night,OSP,9,2026-09-28 02:10:00,Mateusz Trela,Wojciech Iwasyszyn,3,0,571443-9,True,a
571443,5688,2026-09-28,night,OSP,10,2026-09-28 02:35:00,Bartlomiej Mrugala,Michal Skorski,2,3,571443-10,True,b
571441,5687,2026-09-28,evening,HSC,1,2026-09-28 17:00:00,Jacek Mitas,Bartosz Kwodawski,3,1,571441-1,True,a
571441,5687,2026-09-28,evening,HSC,2,2026-09-28 17:25:00,Konrad Staszczyk,Jakub Glanowski,3,0,571441-2,True,a
571441,5687,2026-09-28,evening,HSC,3,2026-09-28 17:45:00,Kamil Rudomina,Jakub Nadolny,2,3,571441-3,True,b
571441,5687,2026-09-28,evening,HSC,4,2026-09-28 18:05:00,Jacek Mitas,Konrad Staszczyk,3,1,571441-4,True,a
571441,5687,2026-09-28,evening,HSC,5,2026-09-28 18:30:00,Jakub Nadolny,Bartosz Kwodawski,3,2,571441-5,True,a
571441,5687,2026-09-28,evening,HSC,6,2026-09-28 18:55:00,Kamil Rudomina,Jakub Glanowski,2,3,571441-6,True,b
571441,5687,2026-09-28,evening,HSC,7,2026-09-28 19:20:00,Konrad Staszczyk,Bartosz Kwodawski,3,2,571441-7,True,a
571441,5687,2026-09-28,evening,HSC,8,2026-09-28 19:40:00,Jacek Mitas,Kamil Rudomina,3,0,571441-8,True,a
571441,5687,2026-09-28,evening,HSC,9,2026-09-28 20:05:00,Jakub Nadolny,Jakub Glanowski,0,3,571441-9,True,b
571441,5687,2026-09-28,evening,HSC,10,2026-09-28 20:30:00,Konrad Staszczyk,Kamil Rudomina,3,1,571441-10,True,a
571441,5687,2026-09-28,evening,HSC,11,2026-09-28 20:50:00,Jacek Mitas,Jakub Nadolny,3,1,571441-11,True,a
571441,5687,2026-09-28,evening,HSC,12,2026-09-28 21:15:00,Jakub Glanowski,Bartosz Kwodawski,3,2,571441-12,True,a
571441,5687,2026-09-28,evening,HSC,13,2026-09-28 21:40:00,Konrad Staszczyk,Jakub Nadolny,2,3,571441-13,True,b
571441,5687,2026-09-28,evening,HSC,14,2026-09-28 22:05:00,Kamil Rudomina,Bartosz Kwodawski,3,2,571441-14,True,a
571441,5687,2026-09-28,evening,HSC,15,2026-09-28 22:30:00,Jacek Mitas,Jakub Glanowski,3,1,571441-15,True,a
571439,5686,2026-09-28,evening,OSP,1,2026-09-28 17:00:00,Henryk Tkaczyk,Zbigniew Nocun,3,0,571439-1,True,a
571439,5686,2026-09-28,evening,OSP,2,2026-09-28 17:25:00,Miroslaw Lewczuk,Kacper Kwiatkowski,3,1,571439-2,True,a
571439,5686,2026-09-28,evening,OSP,3,2026-09-28 17:50:00,Andrzej Krezel,Arkadiusz Skupinski,3,2,571439-3,True,a
571439,5686,2026-09-28,evening,OSP,4,2026-09-28 18:15:00,Henryk Tkaczyk,Miroslaw Lewczuk,3,2,571439-4,True,a
571439,5686,2026-09-28,evening,OSP,5,2026-09-28 18:35:00,Arkadiusz Skupinski,Zbigniew Nocun,3,1,571439-5,True,a
571439,5686,2026-09-28,evening,OSP,6,2026-09-28 18:55:00,Andrzej Krezel,Kacper Kwiatkowski,1,3,571439-6,True,b
571439,5686,2026-09-28,evening,OSP,7,2026-09-28 19:20:00,Miroslaw Lewczuk,Zbigniew Nocun,2,3,571439-7,True,b
571439,5686,2026-09-28,evening,OSP,8,2026-09-28 19:45:00,Henryk Tkaczyk,Andrzej Krezel,3,0,571439-8,True,a
571439,5686,2026-09-28,evening,OSP,9,2026-09-28 20:10:00,Arkadiusz Skupinski,Kacper Kwiatkowski,2,3,571439-9,True,b
571439,5686,2026-09-28,evening,OSP,10,2026-09-28 20:30:00,Miroslaw Lewczuk,Andrzej Krezel,0,3,571439-10,True,b
571439,5686,2026-09-28,evening,OSP,11,2026-09-28 20:55:00,Henryk Tkaczyk,Arkadiusz Skupinski,3,1,571439-11,True,a
571439,5686,2026-09-28,evening,OSP,12,2026-09-28 21:20:00,Kacper Kwiatkowski,Zbigniew Nocun,3,1,571439-12,True,a
571439,5686,2026-09-28,evening,OSP,13,2026-09-28 21:40:00,Miroslaw Lewczuk,Arkadiusz Skupinski,3,2,571439-13,True,a
571439,5686,2026-09-28,evening,OSP,14,2026-09-28 22:05:00,Andrzej Krezel,Zbigniew Nocun,3,0,571439-14,True,a
571439,5686,2026-09-28,evening,OSP,15,2026-09-28 22:30:00,Henryk Tkaczyk,Kacper Kwiatkowski,1,3,571439-15,True,b
571437,5685,2026-09-28,evening,OSP,1,2026-09-28 17:00:00,Mateusz Trela,Wojciech Iwasyszyn,2,3,571437-1,True,b
571437,5685,2026-09-28,evening,OSP,2,2026-09-28 17:25:00,Michal Skorski,Marcin Kowalczyk,3,2,571437-2,True,a
571437,5685,2026-09-28,evening,OSP,3,2026-09-28 17:50:00,Bartlomiej Mrugala,Piotr Strus,3,2,571437-3,True,a
571437,5685,2026-09-28,evening,OSP,4,2026-09-28 18:15:00,Mateusz Trela,Michal Skorski,3,1,571437-4,True,a
571437,5685,2026-09-28,evening,OSP,5,2026-09-28 18:35:00,Piotr Strus,Wojciech Iwasyszyn,3,2,571437-5,True,a
571437,5685,2026-09-28,evening,OSP,6,2026-09-28 18:55:00,Bartlomiej Mrugala,Marcin Kowalczyk,1,3,571437-6,True,b
571437,5685,2026-09-28,evening,OSP,7,2026-09-28 19:20:00,Michal Skorski,Wojciech Iwasyszyn,0,3,571437-7,True,b
571437,5685,2026-09-28,evening,OSP,8,2026-09-28 19:45:00,Mateusz Trela,Bartlomiej Mrugala,0,3,571437-8,True,b
571437,5685,2026-09-28,evening,OSP,9,2026-09-28 20:10:00,Piotr Strus,Marcin Kowalczyk,1,3,571437-9,True,b
571437,5685,2026-09-28,evening,OSP,10,2026-09-28 20:30:00,Michal Skorski,Bartlomiej Mrugala,3,0,571437-10,True,a
571437,5685,2026-09-28,evening,OSP,11,2026-09-28 20:55:00,Mateusz Trela,Piotr Strus,0,3,571437-11,True,b
571437,5685,2026-09-28,evening,OSP,12,2026-09-28 21:20:00,Marcin Kowalczyk,Wojciech Iwasyszyn,1,3,571437-12,True,b
571437,5685,2026-09-28,evening,OSP,13,2026-09-28 21:40:00,Michal Skorski,Piotr Strus,3,0,571437-13,True,a
571437,5685,2026-09-28,evening,OSP,14,2026-09-28 22:05:00,Bartlomiej Mrugala,Wojciech Iwasyszyn,3,0,571437-14,True,a
571437,5685,2026-09-28,evening,OSP,15,2026-09-28 22:30:00,Mateusz Trela,Marcin Kowalczyk,3,1,571437-15,True,a
571435,5684,2026-09-28,afternoon,HSC,1,2026-09-28 11:00:00,Piotr Chodorski,Tibor Spanik,3,0,571435-1,True,a
571435,5684,2026-09-28,afternoon,HSC,2,2026-09-28 11:20:00,Kacper Petas,Jakub Kosowski,3,1,571435-2,True,a
571435,5684,2026-09-28,afternoon,HSC,3,2026-09-28 11:40:00,Grzegorz Felkel,Marcin Jadczyk,3,1,571435-3,True,a
571435,5684,2026-09-28,afternoon,HSC,4,2026-09-28 12:00:00,Piotr Chodorski,Kacper Petas,2,3,571435-4,True,b
571435,5684,2026-09-28,afternoon,HSC,5,2026-09-28 12:25:00,Marcin Jadczyk,Tibor Spanik,0,3,571435-5,True,b
571435,5684,2026-09-28,afternoon,HSC,6,2026-09-28 12:50:00,Grzegorz Felkel,Jakub Kosowski,2,3,571435-6,True,b
571435,5684,2026-09-28,afternoon,HSC,7,2026-09-28 13:15:00,Kacper Petas,Tibor Spanik,3,1,571435-7,True,a
571435,5684,2026-09-28,afternoon,HSC,8,2026-09-28 13:40:00,Piotr Chodorski,Grzegorz Felkel,2,3,571435-8,True,b
571435,5684,2026-09-28,afternoon,HSC,9,2026-09-28 14:05:00,Marcin Jadczyk,Jakub Kosowski,3,2,571435-9,True,a
571435,5684,2026-09-28,afternoon,HSC,10,2026-09-28 14:30:00,Kacper Petas,Grzegorz Felkel,3,2,571435-10,True,a
571435,5684,2026-09-28,afternoon,HSC,11,2026-09-28 14:55:00,Piotr Chodorski,Marcin Jadczyk,3,1,571435-11,True,a
571435,5684,2026-09-28,afternoon,HSC,12,2026-09-28 15:20:00,Jakub Kosowski,Tibor Spanik,1,3,571435-12,True,b
571435,5684,2026-09-28,afternoon,HSC,13,2026-09-28 15:45:00,Kacper Petas,Marcin Jadczyk,1,3,571435-13,True,b
571435,5684,2026-09-28,afternoon,HSC,14,2026-09-28 16:10:00,Grzegorz Felkel,Tibor Spanik,1,3,571435-14,True,b
571435,5684,2026-09-28,afternoon,HSC,15,2026-09-28 16:35:00,Piotr Chodorski,Jakub Kosowski,1,3,571435-15,True,b
571433,5683,2026-09-28,afternoon,OSP,1,2026-09-28 11:00:00,Jakub Kaczmarek,Sebastian Szostok,3,0,571433-1,True,a
571433,5683,2026-09-28,afternoon,OSP,2,2026-09-28 11:25:00,Piotr Przewlocki,Witold Buczynski,3,2,571433-2,True,a
571433,5683,2026-09-28,afternoon,OSP,3,2026-09-28 11:50:00,Waldemar Jozala,Igor Szymanski,0,3,571433-3,True,b
571433,5683,2026-09-28,afternoon,OSP,4,2026-09-28 12:10:00,Jakub Kaczmarek,Piotr Przewlocki,3,2,571433-4,True,a
571433,5683,2026-09-28,afternoon,OSP,5,2026-09-28 12:35:00,Igor Szymanski,Sebastian Szostok,2,3,571433-5,True,b
571433,5683,2026-09-28,afternoon,OSP,6,2026-09-28 13:00:00,Waldemar Jozala,Witold Buczynski,3,1,571433-6,True,a
571433,5683,2026-09-28,afternoon,OSP,7,2026-09-28 13:25:00,Piotr Przewlocki,Sebastian Szostok,2,3,571433-7,True,b
571433,5683,2026-09-28,afternoon,OSP,8,2026-09-28 13:50:00,Jakub Kaczmarek,Waldemar Jozala,0,3,571433-8,True,b
571433,5683,2026-09-28,afternoon,OSP,9,2026-09-28 14:15:00,Igor Szymanski,Witold Buczynski,3,1,571433-9,True,a
571433,5683,2026-09-28,afternoon,OSP,10,2026-09-28 14:40:00,Piotr Przewlocki,Waldemar Jozala,3,1,571433-10,True,a
571433,5683,2026-09-28,afternoon,OSP,11,2026-09-28 15:05:00,Jakub Kaczmarek,Igor Szymanski,3,2,571433-11,True,a
571433,5683,2026-09-28,afternoon,OSP,12,2026-09-28 15:30:00,Witold Buczynski,Sebastian Szostok,3,1,571433-12,True,a
571433,5683,2026-09-28,afternoon,OSP,13,2026-09-28 15:55:00,Piotr Przewlocki,Igor Szymanski,3,0,571433-13,True,a
571433,5683,2026-09-28,afternoon,OSP,14,2026-09-28 16:20:00,Waldemar Jozala,Sebastian Szostok,2,3,571433-14,True,b
571433,5683,2026-09-28,afternoon,OSP,15,2026-09-28 16:40:00,Jakub Kaczmarek,Witold Buczynski,1,3,571433-15,True,b
571431,5682,2026-09-28,afternoon,HSC,1,2026-09-28 11:00:00,Miroslav Sklensky,Krzysztof Wloczko,2,3,571431-1,True,b
571431,5682,2026-09-28,afternoon,HSC,2,2026-09-28 11:20:00,Mateusz Rutkowski,Daniel Kostal,1,3,571431-2,True,b
571431,5682,2026-09-28,afternoon,HSC,3,2026-09-28 11:45:00,Krystian Kolodziej,Krzysztof Kapik,3,1,571431-3,True,a
571431,5682,2026-09-28,afternoon,HSC,4,2026-09-28 12:05:00,Miroslav Sklensky,Mateusz Rutkowski,2,3,571431-4,True,b
571431,5682,2026-09-28,afternoon,HSC,5,2026-09-28 12:30:00,Krzysztof Kapik,Krzysztof Wloczko,3,1,571431-5,True,a
571431,5682,2026-09-28,afternoon,HSC,6,2026-09-28 12:55:00,Krystian Kolodziej,Daniel Kostal,3,1,571431-6,True,a
571431,5682,2026-09-28,afternoon,HSC,7,2026-09-28 13:20:00,Mateusz Rutkowski,Krzysztof Wloczko,3,2,571431-7,True,a
571431,5682,2026-09-28,afternoon,HSC,8,2026-09-28 13:45:00,Miroslav Sklensky,Krystian Kolodziej,2,3,571431-8,True,b
571431,5682,2026-09-28,afternoon,HSC,9,2026-09-28 14:10:00,Krzysztof Kapik,Daniel Kostal,1,3,571431-9,True,b
571431,5682,2026-09-28,afternoon,HSC,10,2026-09-28 14:35:00,Mateusz Rutkowski,Krystian Kolodziej,3,1,571431-10,True,a
571431,5682,2026-09-28,afternoon,HSC,11,2026-09-28 15:00:00,Miroslav Sklensky,Krzysztof Kapik,1,3,571431-11,True,b
571431,5682,2026-09-28,afternoon,HSC,12,2026-09-28 15:25:00,Daniel Kostal,Krzysztof Wloczko,1,3,571431-12,True,b
571431,5682,2026-09-28,afternoon,HSC,13,2026-09-28 15:50:00,Mateusz Rutkowski,Krzysztof Kapik,3,2,571431-13,True,a
571431,5682,2026-09-28,afternoon,HSC,14,2026-09-28 16:15:00,Krystian Kolodziej,Krzysztof Wloczko,0,3,571431-14,True,b
571431,5682,2026-09-28,afternoon,HSC,15,2026-09-28 16:35:00,Miroslav Sklensky,Daniel Kostal,3,1,571431-15,True,a
571429,5681,2026-09-28,afternoon,OSP,1,2026-09-28 11:00:00,Artur Sobel,Michal Minda,3,2,571429-1,True,a
571429,5681,2026-09-28,afternoon,OSP,2,2026-09-28 11:25:00,Jakub Zochniak,Dominik Solilo,3,1,571429-2,True,a
571429,5681,2026-09-28,afternoon,OSP,3,2026-09-28 11:50:00,Bartosz Czerwinski,Maciej Kolek,2,3,571429-3,True,b
571429,5681,2026-09-28,afternoon,OSP,4,2026-09-28 12:10:00,Artur Sobel,Jakub Zochniak,2,3,571429-4,True,b
571429,5681,2026-09-28,afternoon,OSP,5,2026-09-28 12:35:00,Maciej Kolek,Michal Minda,3,0,571429-5,True,a
571429,5681,2026-09-28,afternoon,OSP,6,2026-09-28 13:00:00,Bartosz Czerwinski,Dominik Solilo,2,3,571429-6,True,b
571429,5681,2026-09-28,afternoon,OSP,7,2026-09-28 13:25:00,Jakub Zochniak,Michal Minda,3,1,571429-7,True,a
571429,5681,2026-09-28,afternoon,OSP,8,2026-09-28 13:50:00,Artur Sobel,Bartosz Czerwinski,0,3,571429-8,True,b
571429,5681,2026-09-28,afternoon,OSP,9,2026-09-28 14:15:00,Maciej Kolek,Dominik Solilo,2,3,571429-9,True,b
571429,5681,2026-09-28,afternoon,OSP,10,2026-09-28 14:40:00,Jakub Zochniak,Bartosz Czerwinski,3,1,571429-10,True,a
571429,5681,2026-09-28,afternoon,OSP,11,2026-09-28 15:05:00,Artur Sobel,Maciej Kolek,3,2,571429-11,True,a
571429,5681,2026-09-28,afternoon,OSP,12,2026-09-28 15:30:00,Dominik Solilo,Michal Minda,3,1,571429-12,True,a
571429,5681,2026-09-28,afternoon,OSP,13,2026-09-28 15:55:00,Jakub Zochniak,Maciej Kolek,0,3,571429-13,True,b
571429,5681,2026-09-28,afternoon,OSP,14,2026-09-28 16:20:00,Bartosz Czerwinski,Michal Minda,3,2,571429-14,True,a
571429,5681,2026-09-28,afternoon,OSP,15,2026-09-28 16:40:00,Artur Sobel,Dominik Solilo,1,3,571429-15,True,b
571427,5680,2026-09-28,morning,HSC,1,2026-09-28 05:00:00,Kacper Petas,Tibor Spanik,3,0,571427-1,True,a
571427,5680,2026-09-28,morning,HSC,2,2026-09-28 05:25:00,Jakub Kosowski,Grzegorz Felkel,0,3,571427-2,True,b
571427,5680,2026-09-28,morning,HSC,3,2026-09-28 05:45:00,Piotr Chodorski,Marcin Jadczyk,2,3,571427-3,True,b
571427,5680,2026-09-28,morning,HSC,4,2026-09-28 06:10:00,Kacper Petas,Jakub Kosowski,1,3,571427-4,True,b
571427,5680,2026-09-28,morning,HSC,5,2026-09-28 06:30:00,Marcin Jadczyk,Tibor Spanik,3,1,571427-5,True,a
571427,5680,2026-09-28,morning,HSC,6,2026-09-28 06:55:00,Piotr Chodorski,Grzegorz Felkel,2,3,571427-6,True,b
571427,5680,2026-09-28,morning,HSC,7,2026-09-28 07:15:00,Jakub Kosowski,Tibor Spanik,3,0,571427-7,True,a
571427,5680,2026-09-28,morning,HSC,8,2026-09-28 07:40:00,Kacper Petas,Piotr Chodorski,0,3,571427-8,True,b
571427,5680,2026-09-28,morning,HSC,9,2026-09-28 08:05:00,Marcin Jadczyk,Grzegorz Felkel,1,3,571427-9,True,b
571427,5680,2026-09-28,morning,HSC,10,2026-09-28 08:30:00,Jakub Kosowski,Piotr Chodorski,1,3,571427-10,True,b
571427,5680,2026-09-28,morning,HSC,11,2026-09-28 08:55:00,Kacper Petas,Marcin Jadczyk,3,0,571427-11,True,a
571427,5680,2026-09-28,morning,HSC,12,2026-09-28 09:20:00,Grzegorz Felkel,Tibor Spanik,3,0,571427-12,True,a
571427,5680,2026-09-28,morning,HSC,13,2026-09-28 09:45:00,Jakub Kosowski,Marcin Jadczyk,1,3,571427-13,True,b
571427,5680,2026-09-28,morning,HSC,14,2026-09-28 10:05:00,Piotr Chodorski,Tibor Spanik,1,3,571427-14,True,b
571427,5680,2026-09-28,morning,HSC,15,2026-09-28 10:30:00,Kacper Petas,Grzegorz Felkel,1,3,571427-15,True,b
571425,5679,2026-09-28,morning,OSP,1,2026-09-28 05:00:00,Igor Szymanski,Sebastian Szostok,0,3,571425-1,True,b
571425,5679,2026-09-28,morning,OSP,2,2026-09-28 05:25:00,Piotr Przewlocki,Witold Buczynski,0,3,571425-2,True,b
571425,5679,2026-09-28,morning,OSP,3,2026-09-28 05:50:00,Jakub Kaczmarek,Krzysztof Hetnar,0,3,571425-3,True,b
571425,5679,2026-09-28,morning,OSP,4,2026-09-28 06:10:00,Igor Szymanski,Piotr Przewlocki,0,3,571425-4,True,b
571425,5679,2026-09-28,morning,OSP,5,2026-09-28 06:30:00,Krzysztof Hetnar,Sebastian Szostok,1,3,571425-5,True,b
571425,5679,2026-09-28,morning,OSP,6,2026-09-28 06:55:00,Jakub Kaczmarek,Witold Buczynski,3,2,571425-6,True,a
571425,5679,2026-09-28,morning,OSP,7,2026-09-28 07:15:00,Piotr Przewlocki,Sebastian Szostok,3,2,571425-7,True,a
571425,5679,2026-09-28,morning,OSP,8,2026-09-28 07:40:00,Igor Szymanski,Jakub Kaczmarek,1,3,571425-8,True,b
571425,5679,2026-09-28,morning,OSP,9,2026-09-28 08:05:00,Krzysztof Hetnar,Witold Buczynski,0,3,571425-9,True,b
571425,5679,2026-09-28,morning,OSP,10,2026-09-28 08:30:00,Piotr Przewlocki,Jakub Kaczmarek,3,2,571425-10,True,a
571425,5679,2026-09-28,morning,OSP,11,2026-09-28 08:55:00,Igor Szymanski,Krzysztof Hetnar,2,3,571425-11,True,b
571425,5679,2026-09-28,morning,OSP,12,2026-09-28 09:20:00,Witold Buczynski,Sebastian Szostok,1,3,571425-12,True,b
571425,5679,2026-09-28,morning,OSP,13,2026-09-28 09:45:00,Piotr Przewlocki,Krzysztof Hetnar,1,3,571425-13,True,b
571425,5679,2026-09-28,morning,OSP,14,2026-09-28 10:10:00,Jakub Kaczmarek,Sebastian Szostok,0,3,571425-14,True,b
571425,5679,2026-09-28,morning,OSP,15,2026-09-28 10:35:00,Igor Szymanski,Witold Buczynski,3,2,571425-15,True,a
571423,5678,2026-09-28,morning,HSC,1,2026-09-28 05:00:00,Mateusz Rutkowski,Grzegorz Poliniewicz,3,2,571423-1,True,a
571423,5678,2026-09-28,morning,HSC,2,2026-09-28 05:20:00,Jakub Kuzmicz,Krzysztof Kapik,3,1,571423-2,True,a
571423,5678,2026-09-28,morning,HSC,3,2026-09-28 05:40:00,Miroslav Sklensky,Daniel Kostal,1,3,571423-3,True,b
571423,5678,2026-09-28,morning,HSC,4,2026-09-28 06:00:00,Mateusz Rutkowski,Jakub Kuzmicz,1,3,571423-4,True,b
571423,5678,2026-09-28,morning,HSC,5,2026-09-28 06:25:00,Daniel Kostal,Grzegorz Poliniewicz,3,0,571423-5,True,a
571423,5678,2026-09-28,morning,HSC,6,2026-09-28 06:50:00,Miroslav Sklensky,Krzysztof Kapik,3,0,571423-6,True,a
571423,5678,2026-09-28,morning,HSC,7,2026-09-28 07:15:00,Jakub Kuzmicz,Grzegorz Poliniewicz,2,3,571423-7,True,b
571423,5678,2026-09-28,morning,HSC,8,2026-09-28 07:35:00,Mateusz Rutkowski,Miroslav Sklensky,1,3,571423-8,True,b
571423,5678,2026-09-28,morning,HSC,9,2026-09-28 08:00:00,Daniel Kostal,Krzysztof Kapik,0,3,571423-9,True,b
571423,5678,2026-09-28,morning,HSC,10,2026-09-28 08:25:00,Jakub Kuzmicz,Miroslav Sklensky,3,1,571423-10,True,a
571423,5678,2026-09-28,morning,HSC,11,2026-09-28 08:50:00,Mateusz Rutkowski,Daniel Kostal,3,0,571423-11,True,a
571423,5678,2026-09-28,morning,HSC,12,2026-09-28 09:15:00,Krzysztof Kapik,Grzegorz Poliniewicz,3,1,571423-12,True,a
571423,5678,2026-09-28,morning,HSC,13,2026-09-28 09:40:00,Jakub Kuzmicz,Daniel Kostal,1,3,571423-13,True,b
571423,5678,2026-09-28,morning,HSC,14,2026-09-28 10:05:00,Miroslav Sklensky,Grzegorz Poliniewicz,3,1,571423-14,True,a
571423,5678,2026-09-28,morning,HSC,15,2026-09-28 10:30:00,Mateusz Rutkowski,Krzysztof Kapik,0,3,571423-15,True,b
571421,5677,2026-09-28,morning,OSP,1,2026-09-28 05:00:00,Jakub Zochniak,Milosz Kukawka,3,1,571421-1,True,a
571421,5677,2026-09-28,morning,OSP,2,2026-09-28 05:25:00,Mateusz Trela,Blazej Warpas,1,3,571421-2,True,b
571421,5677,2026-09-28,morning,OSP,3,2026-09-28 05:50:00,Rafal Stapor,Artur Sobel,2,3,571421-3,True,b
571421,5677,2026-09-28,morning,OSP,4,2026-09-28 06:10:00,Jakub Zochniak,Mateusz Trela,3,2,571421-4,True,a
571421,5677,2026-09-28,morning,OSP,5,2026-09-28 06:30:00,Artur Sobel,Milosz Kukawka,3,1,571421-5,True,a
571421,5677,2026-09-28,morning,OSP,6,2026-09-28 06:55:00,Rafal Stapor,Blazej Warpas,3,0,571421-6,True,a
571421,5677,2026-09-28,morning,OSP,7,2026-09-28 07:15:00,Mateusz Trela,Milosz Kukawka,2,3,571421-7,True,b
571421,5677,2026-09-28,morning,OSP,8,2026-09-28 07:40:00,Jakub Zochniak,Rafal Stapor,1,3,571421-8,True,b
571421,5677,2026-09-28,morning,OSP,9,2026-09-28 08:05:00,Artur Sobel,Blazej Warpas,3,1,571421-9,True,a
571421,5677,2026-09-28,morning,OSP,10,2026-09-28 08:30:00,Mateusz Trela,Rafal Stapor,3,0,571421-10,True,a
571421,5677,2026-09-28,morning,OSP,11,2026-09-28 08:55:00,Jakub Zochniak,Artur Sobel,1,3,571421-11,True,b
571421,5677,2026-09-28,morning,OSP,12,2026-09-28 09:20:00,Blazej Warpas,Milosz Kukawka,1,3,571421-12,True,b
571421,5677,2026-09-28,morning,OSP,13,2026-09-28 09:40:00,Mateusz Trela,Artur Sobel,1,3,571421-13,True,b
571421,5677,2026-09-28,morning,OSP,14,2026-09-28 10:10:00,Rafal Stapor,Milosz Kukawka,0,3,571421-14,True,b
571421,5677,2026-09-28,morning,OSP,15,2026-09-28 10:35:00,Jakub Zochniak,Blazej Warpas,3,0,571421-15,True,a
571419,5676,2026-09-28,night,BLACHOWNIA,1,2026-09-28 23:10:00,Jerzy Michalik,Jacek Zelezik,3,0,571419-1,True,a
571419,5676,2026-09-28,night,BLACHOWNIA,2,2026-09-28 23:35:00,Jakub Cyndera,Adam Staniczek,2,3,571419-2,True,b
571419,5676,2026-09-28,night,BLACHOWNIA,3,2026-09-28 00:00:00,Michal Machelski,Artur Kubiak,2,3,571419-3,True,b
571419,5676,2026-09-28,night,BLACHOWNIA,4,2026-09-28 00:25:00,Jerzy Michalik,Jakub Cyndera,0,3,571419-4,True,b
571419,5676,2026-09-28,night,BLACHOWNIA,5,2026-09-28 00:50:00,Artur Kubiak,Jacek Zelezik,0,3,571419-5,True,b
571419,5676,2026-09-28,night,BLACHOWNIA,6,2026-09-28 01:10:00,Michal Machelski,Adam Staniczek,1,3,571419-6,True,b
571419,5676,2026-09-28,night,BLACHOWNIA,7,2026-09-28 01:35:00,Jakub Cyndera,Jacek Zelezik,0,3,571419-7,True,b
571419,5676,2026-09-28,night,BLACHOWNIA,8,2026-09-28 02:00:00,Jerzy Michalik,Michal Machelski,3,0,571419-8,True,a
571419,5676,2026-09-28,night,BLACHOWNIA,9,2026-09-28 02:25:00,Artur Kubiak,Adam Staniczek,1,3,571419-9,True,b
571419,5676,2026-09-28,night,BLACHOWNIA,10,2026-09-28 02:45:00,Jakub Cyndera,Michal Machelski,3,2,571419-10,True,a
571419,5676,2026-09-28,night,BLACHOWNIA,11,2026-09-28 03:10:00,Jerzy Michalik,Artur Kubiak,1,3,571419-11,True,b
571419,5676,2026-09-28,night,BLACHOWNIA,12,2026-09-28 03:35:00,Adam Staniczek,Jacek Zelezik,0,3,571419-12,True,b
571419,5676,2026-09-28,night,BLACHOWNIA,13,2026-09-28 04:00:00,Jakub Cyndera,Artur Kubiak,3,0,571419-13,True,a
571419,5676,2026-09-28,night,BLACHOWNIA,14,2026-09-28 04:20:00,Michal Machelski,Jacek Zelezik,3,0,571419-14,True,a
571419,5676,2026-09-28,night,BLACHOWNIA,15,2026-09-28 04:45:00,Jerzy Michalik,Adam Staniczek,2,3,571419-15,True,b
571417,5675,2026-09-28,evening,BLACHOWNIA,1,2026-09-28 17:10:00,Artur Kubiak,Jacek Zelezik,1,3,571417-1,True,b
571417,5675,2026-09-28,evening,BLACHOWNIA,2,2026-09-28 17:35:00,Jakub Cyndera,Adam Staniczek,3,2,571417-2,True,a
571417,5675,2026-09-28,evening,BLACHOWNIA,3,2026-09-28 18:00:00,Piotr Gesiarz,Dariusz Maszczynski,3,2,571417-3,True,a
571417,5675,2026-09-28,evening,BLACHOWNIA,4,2026-09-28 18:25:00,Artur Kubiak,Jakub Cyndera,3,0,571417-4,True,a
571417,5675,2026-09-28,evening,BLACHOWNIA,5,2026-09-28 18:50:00,Dariusz Maszczynski,Jacek Zelezik,1,3,571417-5,True,b
571417,5675,2026-09-28,evening,BLACHOWNIA,6,2026-09-28 19:10:00,Piotr Gesiarz,Adam Staniczek,2,3,571417-6,True,b
571417,5675,2026-09-28,evening,BLACHOWNIA,7,2026-09-28 19:35:00,Jakub Cyndera,Jacek Zelezik,2,3,571417-7,True,b
571417,5675,2026-09-28,evening,BLACHOWNIA,8,2026-09-28 20:00:00,Artur Kubiak,Piotr Gesiarz,3,1,571417-8,True,a
571417,5675,2026-09-28,evening,BLACHOWNIA,9,2026-09-28 20:25:00,Dariusz Maszczynski,Adam Staniczek,0,3,571417-9,True,b
571417,5675,2026-09-28,evening,BLACHOWNIA,10,2026-09-28 20:45:00,Jakub Cyndera,Piotr Gesiarz,3,0,571417-10,True,a
571417,5675,2026-09-28,evening,BLACHOWNIA,11,2026-09-28 21:10:00,Artur Kubiak,Dariusz Maszczynski,3,1,571417-11,True,a
571417,5675,2026-09-28,evening,BLACHOWNIA,12,2026-09-28 21:35:00,Adam Staniczek,Jacek Zelezik,2,3,571417-12,True,b
571417,5675,2026-09-28,evening,BLACHOWNIA,13,2026-09-28 22:00:00,Jakub Cyndera,Dariusz Maszczynski,3,1,571417-13,True,a
571417,5675,2026-09-28,evening,BLACHOWNIA,14,2026-09-28 22:20:00,Piotr Gesiarz,Jacek Zelezik,2,3,571417-14,True,b
571417,5675,2026-09-28,evening,BLACHOWNIA,15,2026-09-28 22:45:00,Artur Kubiak,Adam Staniczek,3,1,571417-15,True,a
571415,5674,2026-09-28,morning,BLACHOWNIA,1,2026-09-28 05:10:00,Tomasz Kordaszewski,Michal Wolny,1,3,571415-1,True,b
571415,5674,2026-09-28,morning,BLACHOWNIA,2,2026-09-28 05:35:00,Slawomir Janus,Andriej Fomin,0,3,571415-2,True,b
571415,5674,2026-09-28,morning,BLACHOWNIA,3,2026-09-28 06:00:00,Witold Stechly,Michal Machelski,2,3,571415-3,True,b
571415,5674,2026-09-28,morning,BLACHOWNIA,4,2026-09-28 06:25:00,Tomasz Kordaszewski,Slawomir Janus,0,3,571415-4,True,b
571415,5674,2026-09-28,morning,BLACHOWNIA,5,2026-09-28 06:50:00,Michal Machelski,Michal Wolny,3,1,571415-5,True,a
571415,5674,2026-09-28,morning,BLACHOWNIA,6,2026-09-28 07:10:00,Witold Stechly,Andriej Fomin,1,3,571415-6,True,b
571415,5674,2026-09-28,morning,BLACHOWNIA,7,2026-09-28 07:35:00,Slawomir Janus,Michal Wolny,2,3,571415-7,True,b
571415,5674,2026-09-28,morning,BLACHOWNIA,8,2026-09-28 08:00:00,Tomasz Kordaszewski,Witold Stechly,2,3,571415-8,True,b
571415,5674,2026-09-28,morning,BLACHOWNIA,9,2026-09-28 08:25:00,Michal Machelski,Andriej Fomin,1,3,571415-9,True,b
571415,5674,2026-09-28,morning,BLACHOWNIA,10,2026-09-28 08:45:00,Slawomir Janus,Witold Stechly,3,1,571415-10,True,a
571415,5674,2026-09-28,morning,BLACHOWNIA,11,2026-09-28 09:10:00,Tomasz Kordaszewski,Michal Machelski,0,3,571415-11,True,b
571415,5674,2026-09-28,morning,BLACHOWNIA,12,2026-09-28 09:35:00,Andriej Fomin,Michal Wolny,3,0,571415-12,True,a
571415,5674,2026-09-28,morning,BLACHOWNIA,13,2026-09-28 10:00:00,Slawomir Janus,Michal Machelski,3,1,571415-13,True,a
571415,5674,2026-09-28,morning,BLACHOWNIA,14,2026-09-28 10:20:00,Witold Stechly,Michal Wolny,2,3,571415-14,True,b
571415,5674,2026-09-28,morning,BLACHOWNIA,15,2026-09-28 10:45:00,Tomasz Kordaszewski,Andriej Fomin,0,3,571415-15,True,b
571413,5673,2026-09-28,evening,POCZESNA,1,2026-09-28 19:30:00,Jakub Pruszkowski,Oliwier Sokolowski,3,1,571413-1,True,a
571413,5673,2026-09-28,evening,POCZESNA,2,2026-09-28 19:55:00,Lukasz Oracz,Kacper Adamus,3,0,571413-2,True,a
571413,5673,2026-09-28,evening,POCZESNA,3,2026-09-28 20:20:00,Dawid Dytko,Mariusz Adamus,3,2,571413-3,True,a
571413,5673,2026-09-28,evening,POCZESNA,4,2026-09-28 20:45:00,Jakub Pruszkowski,Lukasz Oracz,3,0,571413-4,True,a
571413,5673,2026-09-28,evening,POCZESNA,5,2026-09-28 21:10:00,Mariusz Adamus,Oliwier Sokolowski,3,2,571413-5,True,a
571413,5673,2026-09-28,evening,POCZESNA,6,2026-09-28 21:30:00,Dawid Dytko,Kacper Adamus,0,3,571413-6,True,b
571413,5673,2026-09-28,evening,POCZESNA,7,2026-09-28 21:55:00,Lukasz Oracz,Oliwier Sokolowski,0,3,571413-7,True,b
571413,5673,2026-09-28,evening,POCZESNA,8,2026-09-28 22:20:00,Jakub Pruszkowski,Dawid Dytko,3,2,571413-8,True,a
571413,5673,2026-09-28,evening,POCZESNA,9,2026-09-28 22:45:00,Mariusz Adamus,Kacper Adamus,3,1,571413-9,True,a
571413,5673,2026-09-28,evening,POCZESNA,10,2026-09-28 23:05:00,Lukasz Oracz,Dawid Dytko,3,0,571413-10,True,a
571413,5673,2026-09-28,evening,POCZESNA,11,2026-09-28 23:30:00,Jakub Pruszkowski,Mariusz Adamus,3,2,571413-11,True,a
571413,5673,2026-09-28,evening,POCZESNA,12,2026-09-28 23:55:00,Kacper Adamus,Oliwier Sokolowski,3,0,571413-12,True,a
571413,5673,2026-09-28,evening,POCZESNA,13,2026-09-28 00:20:00,Lukasz Oracz,Mariusz Adamus,3,1,571413-13,True,a
571413,5673,2026-09-28,evening,POCZESNA,14,2026-09-28 00:40:00,Dawid Dytko,Oliwier Sokolowski,2,3,571413-14,True,b
571413,5673,2026-09-28,evening,POCZESNA,15,2026-09-28 01:05:00,Jakub Pruszkowski,Kacper Adamus,2,3,571413-15,True,b
571408,5672,2026-09-28,afternoon,POCZESNA,1,2026-09-28 13:30:00,Oskar Jadach,Wojciech Tobiasz,3,0,571408-1,True,a
571408,5672,2026-09-28,afternoon,POCZESNA,2,2026-09-28 13:55:00,Grzegorz Wichowski,Pawel Slosarczyk,3,2,571408-2,True,a
571408,5672,2026-09-28,afternoon,POCZESNA,3,2026-09-28 14:20:00,Rafal Niemiec,Yurij Fomin,3,0,571408-3,True,a
571408,5672,2026-09-28,afternoon,POCZESNA,4,2026-09-28 14:45:00,Oskar Jadach,Grzegorz Wichowski,0,3,571408-4,True,b
571408,5672,2026-09-28,afternoon,POCZESNA,5,2026-09-28 15:10:00,Yurij Fomin,Wojciech Tobiasz,3,1,571408-5,True,a
571408,5672,2026-09-28,afternoon,POCZESNA,6,2026-09-28 15:30:00,Rafal Niemiec,Pawel Slosarczyk,3,2,571408-6,True,a
571408,5672,2026-09-28,afternoon,POCZESNA,7,2026-09-28 15:55:00,Grzegorz Wichowski,Wojciech Tobiasz,3,2,571408-7,True,a
571408,5672,2026-09-28,afternoon,POCZESNA,8,2026-09-28 16:20:00,Oskar Jadach,Rafal Niemiec,0,3,571408-8,True,b
571408,5672,2026-09-28,afternoon,POCZESNA,9,2026-09-28 16:45:00,Yurij Fomin,Pawel Slosarczyk,0,3,571408-9,True,b
571408,5672,2026-09-28,afternoon,POCZESNA,10,2026-09-28 17:05:00,Grzegorz Wichowski,Rafal Niemiec,1,3,571408-10,True,b
571408,5672,2026-09-28,afternoon,POCZESNA,11,2026-09-28 17:30:00,Oskar Jadach,Yurij Fomin,2,3,571408-11,True,b
571408,5672,2026-09-28,afternoon,POCZESNA,12,2026-09-28 17:55:00,Pawel Slosarczyk,Wojciech Tobiasz,1,3,571408-12,True,b
571408,5672,2026-09-28,afternoon,POCZESNA,13,2026-09-28 18:20:00,Grzegorz Wichowski,Yurij Fomin,3,0,571408-13,True,a
571408,5672,2026-09-28,afternoon,POCZESNA,14,2026-09-28 18:40:00,Rafal Niemiec,Wojciech Tobiasz,3,0,571408-14,True,a
571408,5672,2026-09-28,afternoon,POCZESNA,15,2026-09-28 19:05:00,Oskar Jadach,Pawel Slosarczyk,3,1,571408-15,True,a
571406,5671,2026-09-28,morning,POCZESNA,1,2026-09-28 07:30:00,Yurij Fomin,Wojciech Tobiasz,3,2,571406-1,True,a
571406,5671,2026-09-28,morning,POCZESNA,2,2026-09-28 07:55:00,Grzegorz Wichowski,Pawel Slosarczyk,3,0,571406-2,True,a
571406,5671,2026-09-28,morning,POCZESNA,3,2026-09-28 08:20:00,Rafal Niemiec,Oskar Jadach,3,0,571406-3,True,a
571406,5671,2026-09-28,morning,POCZESNA,4,2026-09-28 08:45:00,Yurij Fomin,Grzegorz Wichowski,3,2,571406-4,True,a
571406,5671,2026-09-28,morning,POCZESNA,5,2026-09-28 09:10:00,Oskar Jadach,Wojciech Tobiasz,3,1,571406-5,True,a
571406,5671,2026-09-28,morning,POCZESNA,6,2026-09-28 09:30:00,Rafal Niemiec,Pawel Slosarczyk,3,0,571406-6,True,a
571406,5671,2026-09-28,morning,POCZESNA,7,2026-09-28 09:55:00,Grzegorz Wichowski,Wojciech Tobiasz,2,3,571406-7,True,b
571406,5671,2026-09-28,morning,POCZESNA,8,2026-09-28 10:20:00,Yurij Fomin,Rafal Niemiec,1,3,571406-8,True,b
571406,5671,2026-09-28,morning,POCZESNA,9,2026-09-28 10:45:00,Oskar Jadach,Pawel Slosarczyk,3,1,571406-9,True,a
571406,5671,2026-09-28,morning,POCZESNA,10,2026-09-28 11:05:00,Grzegorz Wichowski,Rafal Niemiec,3,1,571406-10,True,a
571406,5671,2026-09-28,morning,POCZESNA,11,2026-09-28 11:30:00,Yurij Fomin,Oskar Jadach,1,3,571406-11,True,b
571406,5671,2026-09-28,morning,POCZESNA,12,2026-09-28 11:55:00,Pawel Slosarczyk,Wojciech Tobiasz,3,1,571406-12,True,a
571406,5671,2026-09-28,morning,POCZESNA,13,2026-09-28 12:20:00,Grzegorz Wichowski,Oskar Jadach,3,1,571406-13,True,a
571406,5671,2026-09-28,morning,POCZESNA,14,2026-09-28 12:40:00,Rafal Niemiec,Wojciech Tobiasz,2,3,571406-14,True,b
571406,5671,2026-09-28,morning,POCZESNA,15,2026-09-28 13:05:00,Yurij Fomin,Pawel Slosarczyk,1,3,571406-15,True,b
571404,5670,2026-09-27,night,POCZESNA,1,2026-09-27 01:30:00,Pawel Adamus,Mariusz Baron,2,3,571404-1,True,b
571404,5670,2026-09-27,night,POCZESNA,2,2026-09-27 01:55:00,Oliver Vincenec,Jakub Pruszkowski,3,1,571404-2,True,a
571404,5670,2026-09-27,night,POCZESNA,3,2026-09-27 02:20:00,Wojciech Urban,Pawel Kurek,1,3,571404-3,True,b
571404,5670,2026-09-27,night,POCZESNA,4,2026-09-27 02:45:00,Pawel Adamus,Oliver Vincenec,3,1,571404-4,True,a
571404,5670,2026-09-27,night,POCZESNA,5,2026-09-27 03:10:00,Pawel Kurek,Mariusz Baron,3,0,571404-5,True,a
571404,5670,2026-09-27,night,POCZESNA,6,2026-09-27 03:30:00,Wojciech Urban,Jakub Pruszkowski,0,3,571404-6,True,b
571404,5670,2026-09-27,night,POCZESNA,7,2026-09-27 03:55:00,Oliver Vincenec,Mariusz Baron,2,3,571404-7,True,b
571404,5670,2026-09-27,night,POCZESNA,8,2026-09-27 04:20:00,Pawel Adamus,Wojciech Urban,3,0,571404-8,True,a
571404,5670,2026-09-27,night,POCZESNA,9,2026-09-27 04:45:00,Pawel Kurek,Jakub Pruszkowski,3,1,571404-9,True,a
571404,5670,2026-09-27,night,POCZESNA,10,2026-09-27 05:05:00,Oliver Vincenec,Wojciech Urban,0,3,571404-10,True,b
571404,5670,2026-09-27,night,POCZESNA,11,2026-09-27 05:30:00,Pawel Adamus,Pawel Kurek,3,0,571404-11,True,a
571404,5670,2026-09-27,night,POCZESNA,12,2026-09-27 05:55:00,Jakub Pruszkowski,Mariusz Baron,3,1,571404-12,True,a
571404,5670,2026-09-27,night,POCZESNA,13,2026-09-27 06:20:00,Oliver Vincenec,Pawel Kurek,0,3,571404-13,True,b
571404,5670,2026-09-27,night,POCZESNA,14,2026-09-27 06:40:00,Wojciech Urban,Mariusz Baron,3,1,571404-14,True,a
571404,5670,2026-09-27,night,POCZESNA,15,2026-09-27 07:05:00,Pawel Adamus,Jakub Pruszkowski,3,0,571404-15,True,a
571162,5669,2026-09-27,night,HSC,1,2026-09-27 23:00:00,Michal Olbrycht,Filip Mlynarski,3,1,571162-1,True,a
571162,5669,2026-09-27,night,HSC,2,2026-09-27 23:25:00,Jakub Kuzmicz,Lukasz Pietraszko,2,3,571162-2,True,b
571162,5669,2026-09-27,night,HSC,3,2026-09-27 23:50:00,Jakub Kuzmicz,Maciej Kolek,3,1,571162-3,True,a
571162,5669,2026-09-27,night,HSC,4,2026-09-27 00:10:00,Filip Mlynarski,Lukasz Pietraszko,1,3,571162-4,True,b
571162,5669,2026-09-27,night,HSC,5,2026-09-27 00:35:00,Maciej Kolek,Filip Mlynarski,3,2,571162-5,True,a
571162,5669,2026-09-27,night,HSC,6,2026-09-27 00:55:00,Michal Olbrycht,Lukasz Pietraszko,0,3,571162-6,True,b
571162,5669,2026-09-27,night,HSC,7,2026-09-27 01:20:00,Jakub Kuzmicz,Filip Mlynarski,3,0,571162-7,True,a
571162,5669,2026-09-27,night,HSC,8,2026-09-27 01:45:00,Michal Olbrycht,Maciej Kolek,3,0,571162-8,True,a
571162,5669,2026-09-27,night,HSC,9,2026-09-27 02:10:00,Jakub Kuzmicz,Michal Olbrycht,3,2,571162-9,True,a
571162,5669,2026-09-27,night,HSC,10,2026-09-27 02:35:00,Maciej Kolek,Lukasz Pietraszko,3,1,571162-10,True,a
570981,5668,2026-09-27,night,OSP,1,2026-09-27 23:00:00,Andrzej Krezel,Grzegorz Mucha,1,3,570981-1,True,b
570981,5668,2026-09-27,night,OSP,2,2026-09-27 23:20:00,Miroslaw Lewczuk,Henryk Tkaczyk,1,3,570981-2,True,b
570981,5668,2026-09-27,night,OSP,3,2026-09-27 23:45:00,Artur Kubiak,Andrzej Szurgot,3,1,570981-3,True,a
570981,5668,2026-09-27,night,OSP,4,2026-09-27 00:10:00,Andrzej Krezel,Miroslaw Lewczuk,3,0,570981-4,True,a
570981,5668,2026-09-27,night,OSP,5,2026-09-27 00:35:00,Andrzej Szurgot,Grzegorz Mucha,1,3,570981-5,True,b
570981,5668,2026-09-27,night,OSP,6,2026-09-27 00:55:00,Artur Kubiak,Henryk Tkaczyk,1,3,570981-6,True,b
570981,5668,2026-09-27,night,OSP,7,2026-09-27 01:20:00,Miroslaw Lewczuk,Grzegorz Mucha,1,3,570981-7,True,b
570981,5668,2026-09-27,night,OSP,8,2026-09-27 01:45:00,Andrzej Krezel,Artur Kubiak,1,3,570981-8,True,b
570981,5668,2026-09-27,night,OSP,9,2026-09-27 02:10:00,Andrzej Szurgot,Henryk Tkaczyk,0,3,570981-9,True,b
570981,5668,2026-09-27,night,OSP,10,2026-09-27 02:35:00,Miroslaw Lewczuk,Artur Kubiak,0,3,570981-10,True,b
570981,5668,2026-09-27,night,OSP,11,2026-09-27 03:00:00,Andrzej Krezel,Andrzej Szurgot,3,0,570981-11,True,a
570981,5668,2026-09-27,night,OSP,12,2026-09-27 03:25:00,Henryk Tkaczyk,Grzegorz Mucha,1,3,570981-12,True,b
570981,5668,2026-09-27,night,OSP,13,2026-09-27 03:45:00,Miroslaw Lewczuk,Andrzej Szurgot,3,1,570981-13,True,a
570981,5668,2026-09-27,night,OSP,14,2026-09-27 04:10:00,Artur Kubiak,Grzegorz Mucha,2,3,570981-14,True,b
570981,5668,2026-09-27,night,OSP,15,2026-09-27 04:35:00,Andrzej Krezel,Henryk Tkaczyk,3,1,570981-15,True,a
570978,5667,2026-09-27,night,OSP,1,2026-09-27 23:05:00,Kamil Rudomina,Szymon Brud,0,3,570978-1,True,b
570978,5667,2026-09-27,night,OSP,2,2026-09-27 23:30:00,Jakub Glanowski,Dawid Kotwica,3,0,570978-2,True,a
570978,5667,2026-09-27,night,OSP,3,2026-09-27 23:55:00,Jakub Glanowski,Adam Linek,3,1,570978-3,True,a
570978,5667,2026-09-27,night,OSP,4,2026-09-27 00:15:00,Szymon Brud,Dawid Kotwica,3,1,570978-4,True,a
570978,5667,2026-09-27,night,OSP,5,2026-09-27 00:35:00,Adam Linek,Szymon Brud,1,3,570978-5,True,b
570978,5667,2026-09-27,night,OSP,6,2026-09-27 00:55:00,Kamil Rudomina,Dawid Kotwica,3,0,570978-6,True,a
570978,5667,2026-09-27,night,OSP,7,2026-09-27 01:20:00,Jakub Glanowski,Szymon Brud,0,3,570978-7,True,b
570978,5667,2026-09-27,night,OSP,8,2026-09-27 01:45:00,Kamil Rudomina,Adam Linek,3,1,570978-8,True,a
570978,5667,2026-09-27,night,OSP,9,2026-09-27 02:10:00,Jakub Glanowski,Kamil Rudomina,1,3,570978-9,True,b
570978,5667,2026-09-27,night,OSP,10,2026-09-27 02:35:00,Adam Linek,Dawid Kotwica,3,0,570978-10,True,a
570976,5666,2026-09-27,evening,HSC,1,2026-09-27 17:00:00,Filip Mlynarski,Michal Olbrycht,3,1,570976-1,True,a
570976,5666,2026-09-27,evening,HSC,2,2026-09-27 17:25:00,Jakub Zochniak,Jakub Kuzmicz,1,3,570976-2,True,b
570976,5666,2026-09-27,evening,HSC,3,2026-09-27 17:45:00,Maciej Kolek,Lukasz Pietraszko,1,3,570976-3,True,b
570976,5666,2026-09-27,evening,HSC,4,2026-09-27 18:05:00,Filip Mlynarski,Jakub Zochniak,3,2,570976-4,True,a
570976,5666,2026-09-27,evening,HSC,5,2026-09-27 18:30:00,Lukasz Pietraszko,Michal Olbrycht,3,1,570976-5,True,a
570976,5666,2026-09-27,evening,HSC,6,2026-09-27 18:55:00,Maciej Kolek,Jakub Kuzmicz,1,3,570976-6,True,b
570976,5666,2026-09-27,evening,HSC,7,2026-09-27 19:20:00,Jakub Zochniak,Michal Olbrycht,2,3,570976-7,True,b
570976,5666,2026-09-27,evening,HSC,8,2026-09-27 19:40:00,Filip Mlynarski,Maciej Kolek,3,0,570976-8,True,a
570976,5666,2026-09-27,evening,HSC,9,2026-09-27 20:05:00,Lukasz Pietraszko,Jakub Kuzmicz,2,3,570976-9,True,b
570976,5666,2026-09-27,evening,HSC,10,2026-09-27 20:30:00,Jakub Zochniak,Maciej Kolek,1,3,570976-10,True,b
570976,5666,2026-09-27,evening,HSC,11,2026-09-27 20:50:00,Filip Mlynarski,Lukasz Pietraszko,3,2,570976-11,True,a
570976,5666,2026-09-27,evening,HSC,12,2026-09-27 21:15:00,Jakub Kuzmicz,Michal Olbrycht,3,0,570976-12,True,a
570976,5666,2026-09-27,evening,HSC,13,2026-09-27 21:40:00,Jakub Zochniak,Lukasz Pietraszko,2,3,570976-13,True,b
570976,5666,2026-09-27,evening,HSC,14,2026-09-27 22:05:00,Maciej Kolek,Michal Olbrycht,2,3,570976-14,True,b
570976,5666,2026-09-27,evening,HSC,15,2026-09-27 22:30:00,Filip Mlynarski,Jakub Kuzmicz,2,3,570976-15,True,b
570974,5665,2026-09-27,evening,OSP,1,2026-09-27 17:00:00,Andrzej Szurgot,Grzegorz Mucha,2,3,570974-1,True,b
570974,5665,2026-09-27,evening,OSP,2,2026-09-27 17:25:00,Miroslaw Lewczuk,Henryk Tkaczyk,2,3,570974-2,True,b
570974,5665,2026-09-27,evening,OSP,3,2026-09-27 17:50:00,Artur Kubiak,Andrzej Krezel,0,3,570974-3,True,b
570974,5665,2026-09-27,evening,OSP,4,2026-09-27 18:15:00,Andrzej Szurgot,Miroslaw Lewczuk,1,3,570974-4,True,b
570974,5665,2026-09-27,evening,OSP,5,2026-09-27 18:35:00,Andrzej Krezel,Grzegorz Mucha,3,2,570974-5,True,a
570974,5665,2026-09-27,evening,OSP,6,2026-09-27 18:55:00,Artur Kubiak,Henryk Tkaczyk,3,0,570974-6,True,a
570974,5665,2026-09-27,evening,OSP,7,2026-09-27 19:20:00,Miroslaw Lewczuk,Grzegorz Mucha,3,2,570974-7,True,a
570974,5665,2026-09-27,evening,OSP,8,2026-09-27 19:45:00,Andrzej Szurgot,Artur Kubiak,3,0,570974-8,True,a
570974,5665,2026-09-27,evening,OSP,9,2026-09-27 20:10:00,Andrzej Krezel,Henryk Tkaczyk,3,0,570974-9,True,a
570974,5665,2026-09-27,evening,OSP,10,2026-09-27 20:30:00,Miroslaw Lewczuk,Artur Kubiak,1,3,570974-10,True,b
570974,5665,2026-09-27,evening,OSP,11,2026-09-27 20:55:00,Andrzej Szurgot,Andrzej Krezel,3,1,570974-11,True,a
570974,5665,2026-09-27,evening,OSP,12,2026-09-27 21:20:00,Henryk Tkaczyk,Grzegorz Mucha,3,2,570974-12,True,a
570974,5665,2026-09-27,evening,OSP,13,2026-09-27 21:40:00,Miroslaw Lewczuk,Andrzej Krezel,3,1,570974-13,True,a
570974,5665,2026-09-27,evening,OSP,14,2026-09-27 22:05:00,Artur Kubiak,Grzegorz Mucha,2,3,570974-14,True,b
570974,5665,2026-09-27,evening,OSP,15,2026-09-27 22:30:00,Andrzej Szurgot,Henryk Tkaczyk,0,3,570974-15,True,b
570972,5664,2026-09-27,evening,OSP,1,2026-09-27 17:00:00,Szymon Brud,Kamil Rudomina,3,2,570972-1,True,a
570972,5664,2026-09-27,evening,OSP,2,2026-09-27 17:25:00,Dawid Poloszczanski,Jakub Glanowski,3,0,570972-2,True,a
570972,5664,2026-09-27,evening,OSP,3,2026-09-27 17:50:00,Dawid Kotwica,Adam Linek,3,2,570972-3,True,a
570972,5664,2026-09-27,evening,OSP,4,2026-09-27 18:15:00,Szymon Brud,Dawid Poloszczanski,0,3,570972-4,True,b
570972,5664,2026-09-27,evening,OSP,5,2026-09-27 18:35:00,Adam Linek,Kamil Rudomina,1,3,570972-5,True,b
570972,5664,2026-09-27,evening,OSP,6,2026-09-27 18:55:00,Dawid Kotwica,Jakub Glanowski,1,3,570972-6,True,b
570972,5664,2026-09-27,evening,OSP,7,2026-09-27 19:20:00,Dawid Poloszczanski,Kamil Rudomina,0,3,570972-7,True,b
570972,5664,2026-09-27,evening,OSP,8,2026-09-27 19:45:00,Szymon Brud,Dawid Kotwica,3,2,570972-8,True,a
570972,5664,2026-09-27,evening,OSP,9,2026-09-27 20:10:00,Adam Linek,Jakub Glanowski,3,2,570972-9,True,a
570972,5664,2026-09-27,evening,OSP,10,2026-09-27 20:30:00,Dawid Poloszczanski,Dawid Kotwica,1,3,570972-10,True,b
570972,5664,2026-09-27,evening,OSP,11,2026-09-27 20:55:00,Szymon Brud,Adam Linek,0,3,570972-11,True,b
570972,5664,2026-09-27,evening,OSP,12,2026-09-27 21:20:00,Jakub Glanowski,Kamil Rudomina,2,3,570972-12,True,b
570972,5664,2026-09-27,evening,OSP,13,2026-09-27 21:40:00,Dawid Poloszczanski,Adam Linek,0,3,570972-13,True,b
570972,5664,2026-09-27,evening,OSP,14,2026-09-27 22:05:00,Dawid Kotwica,Kamil Rudomina,3,1,570972-14,True,a
570972,5664,2026-09-27,evening,OSP,15,2026-09-27 22:30:00,Szymon Brud,Jakub Glanowski,1,3,570972-15,True,b
570970,5663,2026-09-27,afternoon,HSC,1,2026-09-27 11:00:00,Kacper Petas,Tibor Spanik,3,0,570970-1,True,a
570970,5663,2026-09-27,afternoon,HSC,2,2026-09-27 11:20:00,Krystian Kolodziej,Maksymilian Miastowski,0,3,570970-2,True,b
570970,5663,2026-09-27,afternoon,HSC,3,2026-09-27 11:40:00,Grzegorz Adamiak,Marcin Jadczyk,0,3,570970-3,True,b
570970,5663,2026-09-27,afternoon,HSC,4,2026-09-27 12:00:00,Kacper Petas,Krystian Kolodziej,1,3,570970-4,True,b
570970,5663,2026-09-27,afternoon,HSC,5,2026-09-27 12:25:00,Marcin Jadczyk,Tibor Spanik,0,3,570970-5,True,b
570970,5663,2026-09-27,afternoon,HSC,6,2026-09-27 12:50:00,Grzegorz Adamiak,Maksymilian Miastowski,2,3,570970-6,True,b
570970,5663,2026-09-27,afternoon,HSC,7,2026-09-27 13:15:00,Krystian Kolodziej,Tibor Spanik,2,3,570970-7,True,b
570970,5663,2026-09-27,afternoon,HSC,8,2026-09-27 13:40:00,Kacper Petas,Grzegorz Adamiak,3,1,570970-8,True,a
570970,5663,2026-09-27,afternoon,HSC,9,2026-09-27 14:05:00,Marcin Jadczyk,Maksymilian Miastowski,3,1,570970-9,True,a
570970,5663,2026-09-27,afternoon,HSC,10,2026-09-27 14:30:00,Krystian Kolodziej,Grzegorz Adamiak,0,3,570970-10,True,b
570970,5663,2026-09-27,afternoon,HSC,11,2026-09-27 14:55:00,Kacper Petas,Marcin Jadczyk,1,3,570970-11,True,b
570970,5663,2026-09-27,afternoon,HSC,12,2026-09-27 15:20:00,Maksymilian Miastowski,Tibor Spanik,3,2,570970-12,True,a
570970,5663,2026-09-27,afternoon,HSC,13,2026-09-27 15:45:00,Krystian Kolodziej,Marcin Jadczyk,2,3,570970-13,True,b
570970,5663,2026-09-27,afternoon,HSC,14,2026-09-27 16:10:00,Grzegorz Adamiak,Tibor Spanik,0,3,570970-14,True,b
570970,5663,2026-09-27,afternoon,HSC,15,2026-09-27 16:35:00,Kacper Petas,Maksymilian Miastowski,0,3,570970-15,True,b
570968,5662,2026-09-27,afternoon,OSP,1,2026-09-27 11:00:00,Pawel Polok,Wojciech Wojtaszczyk,0,3,570968-1,True,b
570968,5662,2026-09-27,afternoon,OSP,2,2026-09-27 11:25:00,Aleksander Cichocki,Sebastian Szostok,1,3,570968-2,True,b
570968,5662,2026-09-27,afternoon,OSP,3,2026-09-27 11:50:00,Jacek Wieczerzak,Zbigniew Sobkow,1,3,570968-3,True,b
570968,5662,2026-09-27,afternoon,OSP,4,2026-09-27 12:10:00,Pawel Polok,Aleksander Cichocki,3,0,570968-4,True,a
570968,5662,2026-09-27,afternoon,OSP,5,2026-09-27 12:35:00,Zbigniew Sobkow,Wojciech Wojtaszczyk,1,3,570968-5,True,b
570968,5662,2026-09-27,afternoon,OSP,6,2026-09-27 13:00:00,Jacek Wieczerzak,Sebastian Szostok,3,1,570968-6,True,a
570968,5662,2026-09-27,afternoon,OSP,7,2026-09-27 13:25:00,Aleksander Cichocki,Wojciech Wojtaszczyk,0,3,570968-7,True,b
570968,5662,2026-09-27,afternoon,OSP,8,2026-09-27 13:50:00,Pawel Polok,Jacek Wieczerzak,3,2,570968-8,True,a
570968,5662,2026-09-27,afternoon,OSP,9,2026-09-27 14:15:00,Zbigniew Sobkow,Sebastian Szostok,3,1,570968-9,True,a
570968,5662,2026-09-27,afternoon,OSP,10,2026-09-27 14:40:00,Aleksander Cichocki,Jacek Wieczerzak,0,3,570968-10,True,b
570968,5662,2026-09-27,afternoon,OSP,11,2026-09-27 15:05:00,Pawel Polok,Zbigniew Sobkow,3,1,570968-11,True,a
570968,5662,2026-09-27,afternoon,OSP,12,2026-09-27 15:30:00,Sebastian Szostok,Wojciech Wojtaszczyk,3,2,570968-12,True,a
570968,5662,2026-09-27,afternoon,OSP,13,2026-09-27 15:55:00,Aleksander Cichocki,Zbigniew Sobkow,3,0,570968-13,True,a
570968,5662,2026-09-27,afternoon,OSP,14,2026-09-27 16:20:00,Jacek Wieczerzak,Wojciech Wojtaszczyk,0,3,570968-14,True,b
570968,5662,2026-09-27,afternoon,OSP,15,2026-09-27 16:40:00,Pawel Polok,Sebastian Szostok,3,0,570968-15,True,a
570966,5661,2026-09-27,afternoon,HSC,1,2026-09-27 11:00:00,Alan Wos,Damian Wasilewski,3,0,570966-1,True,a
570966,5661,2026-09-27,afternoon,HSC,2,2026-09-27 11:20:00,Dawid Poloszczanski,Karol Kufel,0,3,570966-2,True,b
570966,5661,2026-09-27,afternoon,HSC,3,2026-09-27 11:45:00,Gracjan Kesik,Bartlomiej Mleczko,2,3,570966-3,True,b
570966,5661,2026-09-27,afternoon,HSC,4,2026-09-27 12:05:00,Alan Wos,Dawid Poloszczanski,3,2,570966-4,True,a
570966,5661,2026-09-27,afternoon,HSC,5,2026-09-27 12:30:00,Bartlomiej Mleczko,Damian Wasilewski,1,3,570966-5,True,b
570966,5661,2026-09-27,afternoon,HSC,6,2026-09-27 12:55:00,Gracjan Kesik,Karol Kufel,3,2,570966-6,True,a
570966,5661,2026-09-27,afternoon,HSC,7,2026-09-27 13:20:00,Dawid Poloszczanski,Damian Wasilewski,1,3,570966-7,True,b
570966,5661,2026-09-27,afternoon,HSC,8,2026-09-27 13:45:00,Alan Wos,Gracjan Kesik,3,2,570966-8,True,a
570966,5661,2026-09-27,afternoon,HSC,9,2026-09-27 14:10:00,Bartlomiej Mleczko,Karol Kufel,2,3,570966-9,True,b
570966,5661,2026-09-27,afternoon,HSC,10,2026-09-27 14:35:00,Dawid Poloszczanski,Gracjan Kesik,1,3,570966-10,True,b
570966,5661,2026-09-27,afternoon,HSC,11,2026-09-27 15:00:00,Alan Wos,Bartlomiej Mleczko,3,0,570966-11,True,a
570966,5661,2026-09-27,afternoon,HSC,12,2026-09-27 15:25:00,Karol Kufel,Damian Wasilewski,3,2,570966-12,True,a
570966,5661,2026-09-27,afternoon,HSC,13,2026-09-27 15:50:00,Dawid Poloszczanski,Bartlomiej Mleczko,2,3,570966-13,True,b
570966,5661,2026-09-27,afternoon,HSC,14,2026-09-27 16:15:00,Gracjan Kesik,Damian Wasilewski,3,0,570966-14,True,a
570966,5661,2026-09-27,afternoon,HSC,15,2026-09-27 16:35:00,Alan Wos,Karol Kufel,3,1,570966-15,True,a
570964,5660,2026-09-27,afternoon,OSP,1,2026-09-27 11:00:00,Filip Jablonski,Waclaw Suchecki,0,3,570964-1,True,b
570964,5660,2026-09-27,afternoon,OSP,2,2026-09-27 11:25:00,Michal Skorski,Maciej Sinicki,1,3,570964-2,True,b
570964,5660,2026-09-27,afternoon,OSP,3,2026-09-27 11:50:00,Tomasz Pisarczyk,Adrian Eliasz,1,3,570964-3,True,b
570964,5660,2026-09-27,afternoon,OSP,4,2026-09-27 12:10:00,Filip Jablonski,Michal Skorski,1,3,570964-4,True,b
570964,5660,2026-09-27,afternoon,OSP,5,2026-09-27 12:35:00,Adrian Eliasz,Waclaw Suchecki,3,1,570964-5,True,a
570964,5660,2026-09-27,afternoon,OSP,6,2026-09-27 13:00:00,Tomasz Pisarczyk,Maciej Sinicki,0,3,570964-6,True,b
570964,5660,2026-09-27,afternoon,OSP,7,2026-09-27 13:25:00,Michal Skorski,Waclaw Suchecki,3,2,570964-7,True,a
570964,5660,2026-09-27,afternoon,OSP,8,2026-09-27 13:50:00,Filip Jablonski,Tomasz Pisarczyk,0,3,570964-8,True,b
570964,5660,2026-09-27,afternoon,OSP,9,2026-09-27 14:15:00,Adrian Eliasz,Maciej Sinicki,3,2,570964-9,True,a
570964,5660,2026-09-27,afternoon,OSP,10,2026-09-27 14:40:00,Michal Skorski,Tomasz Pisarczyk,2,3,570964-10,True,b
570964,5660,2026-09-27,afternoon,OSP,11,2026-09-27 15:05:00,Filip Jablonski,Adrian Eliasz,2,3,570964-11,True,b
570964,5660,2026-09-27,afternoon,OSP,12,2026-09-27 15:30:00,Maciej Sinicki,Waclaw Suchecki,3,0,570964-12,True,a
570964,5660,2026-09-27,afternoon,OSP,13,2026-09-27 15:55:00,Michal Skorski,Adrian Eliasz,3,1,570964-13,True,a
570964,5660,2026-09-27,afternoon,OSP,14,2026-09-27 16:20:00,Tomasz Pisarczyk,Waclaw Suchecki,2,3,570964-14,True,b
570964,5660,2026-09-27,afternoon,OSP,15,2026-09-27 16:40:00,Filip Jablonski,Maciej Sinicki,1,3,570964-15,True,b
570962,5659,2026-09-27,morning,HSC,1,2026-09-27 05:00:00,Krystian Kolodziej,Tibor Spanik,1,3,570962-1,True,b
570962,5659,2026-09-27,morning,HSC,2,2026-09-27 05:25:00,Kacper Petas,Grzegorz Adamiak,3,0,570962-2,True,a
570962,5659,2026-09-27,morning,HSC,3,2026-09-27 05:45:00,Maksymilian Miastowski,Marcin Jadczyk,1,3,570962-3,True,b
570962,5659,2026-09-27,morning,HSC,4,2026-09-27 06:10:00,Krystian Kolodziej,Kacper Petas,3,0,570962-4,True,a
570962,5659,2026-09-27,morning,HSC,5,2026-09-27 06:30:00,Marcin Jadczyk,Tibor Spanik,2,3,570962-5,True,b
570962,5659,2026-09-27,morning,HSC,6,2026-09-27 06:55:00,Maksymilian Miastowski,Grzegorz Adamiak,3,0,570962-6,True,a
570962,5659,2026-09-27,morning,HSC,7,2026-09-27 07:15:00,Kacper Petas,Tibor Spanik,3,1,570962-7,True,a
570962,5659,2026-09-27,morning,HSC,8,2026-09-27 07:40:00,Krystian Kolodziej,Maksymilian Miastowski,3,1,570962-8,True,a
570962,5659,2026-09-27,morning,HSC,9,2026-09-27 08:05:00,Marcin Jadczyk,Grzegorz Adamiak,3,1,570962-9,True,a
570962,5659,2026-09-27,morning,HSC,10,2026-09-27 08:30:00,Kacper Petas,Maksymilian Miastowski,3,0,570962-10,True,a
570962,5659,2026-09-27,morning,HSC,11,2026-09-27 08:55:00,Krystian Kolodziej,Marcin Jadczyk,3,2,570962-11,True,a
570962,5659,2026-09-27,morning,HSC,12,2026-09-27 09:20:00,Grzegorz Adamiak,Tibor Spanik,1,3,570962-12,True,b
570962,5659,2026-09-27,morning,HSC,13,2026-09-27 09:45:00,Kacper Petas,Marcin Jadczyk,0,3,570962-13,True,b
570962,5659,2026-09-27,morning,HSC,14,2026-09-27 10:05:00,Maksymilian Miastowski,Tibor Spanik,3,1,570962-14,True,a
570962,5659,2026-09-27,morning,HSC,15,2026-09-27 10:30:00,Krystian Kolodziej,Grzegorz Adamiak,2,3,570962-15,True,b
570960,5658,2026-09-27,morning,OSP,1,2026-09-27 05:00:00,Zbigniew Sobkow,Wojciech Wojtaszczyk,3,0,570960-1,True,a
570960,5658,2026-09-27,morning,OSP,2,2026-09-27 05:25:00,Aleksander Cichocki,Sebastian Szostok,2,3,570960-2,True,b
570960,5658,2026-09-27,morning,OSP,3,2026-09-27 05:50:00,Jacek Wieczerzak,Pawel Polok,0,3,570960-3,True,b
570960,5658,2026-09-27,morning,OSP,4,2026-09-27 06:10:00,Zbigniew Sobkow,Aleksander Cichocki,2,3,570960-4,True,b
570960,5658,2026-09-27,morning,OSP,5,2026-09-27 06:30:00,Pawel Polok,Wojciech Wojtaszczyk,2,3,570960-5,True,b
570960,5658,2026-09-27,morning,OSP,6,2026-09-27 06:55:00,Jacek Wieczerzak,Sebastian Szostok,3,1,570960-6,True,a
570960,5658,2026-09-27,morning,OSP,7,2026-09-27 07:15:00,Aleksander Cichocki,Wojciech Wojtaszczyk,3,1,570960-7,True,a
570960,5658,2026-09-27,morning,OSP,8,2026-09-27 07:40:00,Zbigniew Sobkow,Jacek Wieczerzak,0,3,570960-8,True,b
570960,5658,2026-09-27,morning,OSP,9,2026-09-27 08:05:00,Pawel Polok,Sebastian Szostok,1,3,570960-9,True,b
570960,5658,2026-09-27,morning,OSP,10,2026-09-27 08:30:00,Aleksander Cichocki,Jacek Wieczerzak,1,3,570960-10,True,b
570960,5658,2026-09-27,morning,OSP,11,2026-09-27 08:55:00,Zbigniew Sobkow,Pawel Polok,2,3,570960-11,True,b
570960,5658,2026-09-27,morning,OSP,12,2026-09-27 09:20:00,Sebastian Szostok,Wojciech Wojtaszczyk,1,3,570960-12,True,b
570960,5658,2026-09-27,morning,OSP,13,2026-09-27 09:45:00,Aleksander Cichocki,Pawel Polok,3,0,570960-13,True,a
570960,5658,2026-09-27,morning,OSP,14,2026-09-27 10:10:00,Jacek Wieczerzak,Wojciech Wojtaszczyk,1,3,570960-14,True,b
570960,5658,2026-09-27,morning,OSP,15,2026-09-27 10:35:00,Zbigniew Sobkow,Sebastian Szostok,0,3,570960-15,True,b
570958,5657,2026-09-27,morning,HSC,1,2026-09-27 05:00:00,Bartlomiej Mleczko,Gracjan Kesik,2,3,570958-1,True,b
570958,5657,2026-09-27,morning,HSC,2,2026-09-27 05:20:00,Karol Kufel,Tomasz Pisarczyk,2,3,570958-2,True,b
570958,5657,2026-09-27,morning,HSC,3,2026-09-27 05:40:00,Damian Wasilewski,Alan Wos,0,3,570958-3,True,b
570958,5657,2026-09-27,morning,HSC,4,2026-09-27 06:00:00,Bartlomiej Mleczko,Karol Kufel,0,3,570958-4,True,b
570958,5657,2026-09-27,morning,HSC,5,2026-09-27 06:25:00,Alan Wos,Gracjan Kesik,3,0,570958-5,True,a
570958,5657,2026-09-27,morning,HSC,6,2026-09-27 06:50:00,Damian Wasilewski,Tomasz Pisarczyk,3,2,570958-6,True,a
570958,5657,2026-09-27,morning,HSC,7,2026-09-27 07:15:00,Karol Kufel,Gracjan Kesik,3,1,570958-7,True,a
570958,5657,2026-09-27,morning,HSC,8,2026-09-27 07:35:00,Bartlomiej Mleczko,Damian Wasilewski,3,1,570958-8,True,a
570958,5657,2026-09-27,morning,HSC,9,2026-09-27 08:00:00,Alan Wos,Tomasz Pisarczyk,3,1,570958-9,True,a
570958,5657,2026-09-27,morning,HSC,10,2026-09-27 08:25:00,Karol Kufel,Damian Wasilewski,1,3,570958-10,True,b
570958,5657,2026-09-27,morning,HSC,11,2026-09-27 08:50:00,Bartlomiej Mleczko,Alan Wos,0,3,570958-11,True,b
570958,5657,2026-09-27,morning,HSC,12,2026-09-27 09:15:00,Tomasz Pisarczyk,Gracjan Kesik,2,3,570958-12,True,b
570958,5657,2026-09-27,morning,HSC,13,2026-09-27 09:40:00,Karol Kufel,Alan Wos,1,3,570958-13,True,b
570958,5657,2026-09-27,morning,HSC,14,2026-09-27 10:05:00,Damian Wasilewski,Gracjan Kesik,2,3,570958-14,True,b
570958,5657,2026-09-27,morning,HSC,15,2026-09-27 10:30:00,Bartlomiej Mleczko,Tomasz Pisarczyk,3,1,570958-15,True,a
570956,5656,2026-09-27,morning,OSP,1,2026-09-27 05:00:00,Michal Skorski,Waclaw Suchecki,3,2,570956-1,True,a
570956,5656,2026-09-27,morning,OSP,2,2026-09-27 05:25:00,Filip Jablonski,Adrian Eliasz,3,2,570956-2,True,a
570956,5656,2026-09-27,morning,OSP,3,2026-09-27 05:50:00,Jaroslaw Rolak,Maciej Sinicki,2,3,570956-3,True,b
570956,5656,2026-09-27,morning,OSP,4,2026-09-27 06:10:00,Michal Skorski,Filip Jablonski,1,3,570956-4,True,b
570956,5656,2026-09-27,morning,OSP,5,2026-09-27 06:30:00,Maciej Sinicki,Waclaw Suchecki,3,0,570956-5,True,a
570956,5656,2026-09-27,morning,OSP,6,2026-09-27 06:55:00,Jaroslaw Rolak,Adrian Eliasz,3,1,570956-6,True,a
570956,5656,2026-09-27,morning,OSP,7,2026-09-27 07:15:00,Filip Jablonski,Waclaw Suchecki,1,3,570956-7,True,b
570956,5656,2026-09-27,morning,OSP,8,2026-09-27 07:40:00,Michal Skorski,Jaroslaw Rolak,0,3,570956-8,True,b
570956,5656,2026-09-27,morning,OSP,9,2026-09-27 08:05:00,Maciej Sinicki,Adrian Eliasz,1,3,570956-9,True,b
570956,5656,2026-09-27,morning,OSP,10,2026-09-27 08:30:00,Filip Jablonski,Jaroslaw Rolak,0,3,570956-10,True,b
570956,5656,2026-09-27,morning,OSP,11,2026-09-27 08:55:00,Michal Skorski,Maciej Sinicki,2,3,570956-11,True,b
570956,5656,2026-09-27,morning,OSP,12,2026-09-27 09:20:00,Adrian Eliasz,Waclaw Suchecki,3,1,570956-12,True,a
570956,5656,2026-09-27,morning,OSP,13,2026-09-27 09:40:00,Filip Jablonski,Maciej Sinicki,0,3,570956-13,True,b
570956,5656,2026-09-27,morning,OSP,14,2026-09-27 10:10:00,Jaroslaw Rolak,Waclaw Suchecki,1,3,570956-14,True,b
570956,5656,2026-09-27,morning,OSP,15,2026-09-27 10:35:00,Michal Skorski,Adrian Eliasz,3,0,570956-15,True,a
570919,5655,2026-09-27,night,BLACHOWNIA,1,2026-09-27 23:10:00,Adam Ruszkiewicz,Michal Guzik,1,3,570919-1,True,b
570919,5655,2026-09-27,night,BLACHOWNIA,2,2026-09-27 23:35:00,Rafal Ogon,Michal Jozefiak,1,3,570919-2,True,b
570919,5655,2026-09-27,night,BLACHOWNIA,3,2026-09-27 00:00:00,Sebastian Krupa,Rafal Adach,3,0,570919-3,True,a
570919,5655,2026-09-27,night,BLACHOWNIA,4,2026-09-27 00:25:00,Adam Ruszkiewicz,Rafal Ogon,3,0,570919-4,True,a
570919,5655,2026-09-27,night,BLACHOWNIA,5,2026-09-27 00:50:00,Rafal Adach,Michal Guzik,1,3,570919-5,True,b
570919,5655,2026-09-27,night,BLACHOWNIA,6,2026-09-27 01:10:00,Sebastian Krupa,Michal Jozefiak,3,1,570919-6,True,a
570919,5655,2026-09-27,night,BLACHOWNIA,7,2026-09-27 01:35:00,Rafal Ogon,Michal Guzik,1,3,570919-7,True,b
570919,5655,2026-09-27,night,BLACHOWNIA,8,2026-09-27 02:00:00,Adam Ruszkiewicz,Sebastian Krupa,0,3,570919-8,True,b
570919,5655,2026-09-27,night,BLACHOWNIA,9,2026-09-27 02:25:00,Rafal Adach,Michal Jozefiak,2,3,570919-9,True,b
570919,5655,2026-09-27,night,BLACHOWNIA,10,2026-09-27 02:45:00,Rafal Ogon,Sebastian Krupa,0,3,570919-10,True,b
570919,5655,2026-09-27,night,BLACHOWNIA,11,2026-09-27 03:10:00,Adam Ruszkiewicz,Rafal Adach,1,3,570919-11,True,b
570919,5655,2026-09-27,night,BLACHOWNIA,12,2026-09-27 03:35:00,Michal Jozefiak,Michal Guzik,3,0,570919-12,True,a
570919,5655,2026-09-27,night,BLACHOWNIA,13,2026-09-27 04:00:00,Rafal Ogon,Rafal Adach,3,2,570919-13,True,a
570919,5655,2026-09-27,night,BLACHOWNIA,14,2026-09-27 04:20:00,Sebastian Krupa,Michal Guzik,3,0,570919-14,True,a
570919,5655,2026-09-27,night,BLACHOWNIA,15,2026-09-27 04:45:00,Adam Ruszkiewicz,Michal Jozefiak,0,3,570919-15,True,b
570907,5654,2026-09-27,evening,BLACHOWNIA,1,2026-09-27 17:10:00,Rafal Adach,Michal Guzik,0,3,570907-1,True,b
570907,5654,2026-09-27,evening,BLACHOWNIA,2,2026-09-27 17:35:00,Rafal Ogon,Michal Jozefiak,3,1,570907-2,True,a
570907,5654,2026-09-27,evening,BLACHOWNIA,3,2026-09-27 18:00:00,Sebastian Krupa,Adam Ruszkiewicz,1,3,570907-3,True,b
570907,5654,2026-09-27,evening,BLACHOWNIA,4,2026-09-27 18:25:00,Rafal Adach,Rafal Ogon,3,0,570907-4,True,a
570907,5654,2026-09-27,evening,BLACHOWNIA,5,2026-09-27 18:50:00,Adam Ruszkiewicz,Michal Guzik,3,2,570907-5,True,a
570907,5654,2026-09-27,evening,BLACHOWNIA,6,2026-09-27 19:10:00,Sebastian Krupa,Michal Jozefiak,3,1,570907-6,True,a
570907,5654,2026-09-27,evening,BLACHOWNIA,7,2026-09-27 19:35:00,Rafal Ogon,Michal Guzik,2,3,570907-7,True,b
570907,5654,2026-09-27,evening,BLACHOWNIA,8,2026-09-27 20:00:00,Rafal Adach,Sebastian Krupa,2,3,570907-8,True,b
570907,5654,2026-09-27,evening,BLACHOWNIA,9,2026-09-27 20:25:00,Adam Ruszkiewicz,Michal Jozefiak,3,2,570907-9,True,a
570907,5654,2026-09-27,evening,BLACHOWNIA,10,2026-09-27 20:45:00,Rafal Ogon,Sebastian Krupa,0,3,570907-10,True,b
570907,5654,2026-09-27,evening,BLACHOWNIA,11,2026-09-27 21:10:00,Rafal Adach,Adam Ruszkiewicz,2,3,570907-11,True,b
570907,5654,2026-09-27,evening,BLACHOWNIA,12,2026-09-27 21:35:00,Michal Jozefiak,Michal Guzik,1,3,570907-12,True,b
570907,5654,2026-09-27,evening,BLACHOWNIA,13,2026-09-27 22:00:00,Rafal Ogon,Adam Ruszkiewicz,0,3,570907-13,True,b
570907,5654,2026-09-27,evening,BLACHOWNIA,14,2026-09-27 22:20:00,Sebastian Krupa,Michal Guzik,3,1,570907-14,True,a
570907,5654,2026-09-27,evening,BLACHOWNIA,15,2026-09-27 22:45:00,Rafal Adach,Michal Jozefiak,1,3,570907-15,True,b
570905,5653,2026-09-27,morning,BLACHOWNIA,1,2026-09-27 05:10:00,Krzysztof Juszczyk,Piotr Zemla,1,3,570905-1,True,b
570905,5653,2026-09-27,morning,BLACHOWNIA,2,2026-09-27 05:35:00,Mariusz Adamus,Oskar Sokolowski,0,3,570905-2,True,b
570905,5653,2026-09-27,morning,BLACHOWNIA,3,2026-09-27 06:00:00,Wojciech Pytlas,Rafal Idaczyk,3,0,570905-3,True,a
570905,5653,2026-09-27,morning,BLACHOWNIA,4,2026-09-27 06:25:00,Krzysztof Juszczyk,Mariusz Adamus,2,3,570905-4,True,b
570905,5653,2026-09-27,morning,BLACHOWNIA,5,2026-09-27 06:50:00,Rafal Idaczyk,Piotr Zemla,3,1,570905-5,True,a
570905,5653,2026-09-27,morning,BLACHOWNIA,6,2026-09-27 07:10:00,Wojciech Pytlas,Oskar Sokolowski,3,1,570905-6,True,a
570905,5653,2026-09-27,morning,BLACHOWNIA,7,2026-09-27 07:35:00,Mariusz Adamus,Piotr Zemla,0,3,570905-7,True,b
570905,5653,2026-09-27,morning,BLACHOWNIA,8,2026-09-27 08:00:00,Krzysztof Juszczyk,Wojciech Pytlas,3,1,570905-8,True,a
570905,5653,2026-09-27,morning,BLACHOWNIA,9,2026-09-27 08:25:00,Rafal Idaczyk,Oskar Sokolowski,3,1,570905-9,True,a
570905,5653,2026-09-27,morning,BLACHOWNIA,10,2026-09-27 08:45:00,Mariusz Adamus,Wojciech Pytlas,3,2,570905-10,True,a
570905,5653,2026-09-27,morning,BLACHOWNIA,11,2026-09-27 09:10:00,Krzysztof Juszczyk,Rafal Idaczyk,2,3,570905-11,True,b
570905,5653,2026-09-27,morning,BLACHOWNIA,12,2026-09-27 09:35:00,Oskar Sokolowski,Piotr Zemla,1,3,570905-12,True,b
570905,5653,2026-09-27,morning,BLACHOWNIA,13,2026-09-27 10:00:00,Mariusz Adamus,Rafal Idaczyk,0,3,570905-13,True,b
570905,5653,2026-09-27,morning,BLACHOWNIA,14,2026-09-27 10:20:00,Wojciech Pytlas,Piotr Zemla,0,3,570905-14,True,b
570905,5653,2026-09-27,morning,BLACHOWNIA,15,2026-09-27 10:45:00,Krzysztof Juszczyk,Oskar Sokolowski,3,1,570905-15,True,a
570902,5652,2026-09-27,evening,POCZESNA,1,2026-09-27 19:30:00,Pawel Kurek,Mariusz Baron,0,3,570902-1,True,b
570902,5652,2026-09-27,evening,POCZESNA,2,2026-09-27 19:55:00,Oliver Vincenec,Jakub Pruszkowski,0,3,570902-2,True,b
570902,5652,2026-09-27,evening,POCZESNA,3,2026-09-27 20:20:00,Wojciech Urban,Pawel Adamus,0,3,570902-3,True,b
570902,5652,2026-09-27,evening,POCZESNA,4,2026-09-27 20:45:00,Pawel Kurek,Oliver Vincenec,3,2,570902-4,True,a
570902,5652,2026-09-27,evening,POCZESNA,5,2026-09-27 21:10:00,Pawel Adamus,Mariusz Baron,3,2,570902-5,True,a
570902,5652,2026-09-27,evening,POCZESNA,6,2026-09-27 21:30:00,Wojciech Urban,Jakub Pruszkowski,0,3,570902-6,True,b
570902,5652,2026-09-27,evening,POCZESNA,7,2026-09-27 21:55:00,Oliver Vincenec,Mariusz Baron,3,2,570902-7,True,a
570902,5652,2026-09-27,evening,POCZESNA,8,2026-09-27 22:20:00,Pawel Kurek,Wojciech Urban,3,1,570902-8,True,a
570902,5652,2026-09-27,evening,POCZESNA,9,2026-09-27 22:45:00,Pawel Adamus,Jakub Pruszkowski,3,1,570902-9,True,a
570902,5652,2026-09-27,evening,POCZESNA,10,2026-09-27 23:05:00,Oliver Vincenec,Wojciech Urban,0,3,570902-10,True,b
570902,5652,2026-09-27,evening,POCZESNA,11,2026-09-27 23:30:00,Pawel Kurek,Pawel Adamus,3,0,570902-11,True,a
570902,5652,2026-09-27,evening,POCZESNA,12,2026-09-27 23:55:00,Jakub Pruszkowski,Mariusz Baron,1,3,570902-12,True,b
570902,5652,2026-09-27,evening,POCZESNA,13,2026-09-27 00:20:00,Oliver Vincenec,Pawel Adamus,1,3,570902-13,True,b
570902,5652,2026-09-27,evening,POCZESNA,14,2026-09-27 00:40:00,Wojciech Urban,Mariusz Baron,2,3,570902-14,True,b
570902,5652,2026-09-27,evening,POCZESNA,15,2026-09-27 01:05:00,Pawel Kurek,Jakub Pruszkowski,2,3,570902-15,True,b
570900,5651,2026-09-27,afternoon,POCZESNA,1,2026-09-27 13:30:00,Piotr Gumulinski,Rafal Wojcik,3,2,570900-1,True,a
570900,5651,2026-09-27,afternoon,POCZESNA,2,2026-09-27 13:55:00,Patryk Jedrzejak,Kacper Adamus,3,2,570900-2,True,a
570900,5651,2026-09-27,afternoon,POCZESNA,3,2026-09-27 14:20:00,Marcin Lach,Roman Piechnik,3,2,570900-3,True,a
570900,5651,2026-09-27,afternoon,POCZESNA,4,2026-09-27 14:45:00,Piotr Gumulinski,Patryk Jedrzejak,3,1,570900-4,True,a
570900,5651,2026-09-27,afternoon,POCZESNA,5,2026-09-27 15:10:00,Roman Piechnik,Rafal Wojcik,3,0,570900-5,True,a
570900,5651,2026-09-27,afternoon,POCZESNA,6,2026-09-27 15:30:00,Marcin Lach,Kacper Adamus,3,0,570900-6,True,a
570900,5651,2026-09-27,afternoon,POCZESNA,7,2026-09-27 15:55:00,Patryk Jedrzejak,Rafal Wojcik,3,1,570900-7,True,a
570900,5651,2026-09-27,afternoon,POCZESNA,8,2026-09-27 16:20:00,Piotr Gumulinski,Marcin Lach,3,2,570900-8,True,a
570900,5651,2026-09-27,afternoon,POCZESNA,9,2026-09-27 16:45:00,Roman Piechnik,Kacper Adamus,0,3,570900-9,True,b
570900,5651,2026-09-27,afternoon,POCZESNA,10,2026-09-27 17:05:00,Patryk Jedrzejak,Marcin Lach,2,3,570900-10,True,b
570900,5651,2026-09-27,afternoon,POCZESNA,11,2026-09-27 17:30:00,Piotr Gumulinski,Roman Piechnik,3,1,570900-11,True,a
570900,5651,2026-09-27,afternoon,POCZESNA,12,2026-09-27 17:55:00,Kacper Adamus,Rafal Wojcik,3,1,570900-12,True,a
570900,5651,2026-09-27,afternoon,POCZESNA,13,2026-09-27 18:20:00,Patryk Jedrzejak,Roman Piechnik,0,3,570900-13,True,b
570900,5651,2026-09-27,afternoon,POCZESNA,14,2026-09-27 18:40:00,Marcin Lach,Rafal Wojcik,0,3,570900-14,True,b
570900,5651,2026-09-27,afternoon,POCZESNA,15,2026-09-27 19:05:00,Piotr Gumulinski,Kacper Adamus,3,1,570900-15,True,a
570896,5650,2026-09-27,morning,POCZESNA,1,2026-09-27 07:30:00,Roman Piechnik,Rafal Wojcik,0,3,570896-1,True,b
570896,5650,2026-09-27,morning,POCZESNA,2,2026-09-27 07:55:00,Patryk Jedrzejak,Kacper Adamus,3,1,570896-2,True,a
570896,5650,2026-09-27,morning,POCZESNA,3,2026-09-27 08:20:00,Marcin Lach,Piotr Gumulinski,3,1,570896-3,True,a
570896,5650,2026-09-27,morning,POCZESNA,4,2026-09-27 08:45:00,Roman Piechnik,Patryk Jedrzejak,3,1,570896-4,True,a
570896,5650,2026-09-27,morning,POCZESNA,5,2026-09-27 09:10:00,Piotr Gumulinski,Rafal Wojcik,0,3,570896-5,True,b
570896,5650,2026-09-27,morning,POCZESNA,6,2026-09-27 09:30:00,Marcin Lach,Kacper Adamus,3,1,570896-6,True,a
570896,5650,2026-09-27,morning,POCZESNA,7,2026-09-27 09:55:00,Patryk Jedrzejak,Rafal Wojcik,3,0,570896-7,True,a
570896,5650,2026-09-27,morning,POCZESNA,8,2026-09-27 10:20:00,Roman Piechnik,Marcin Lach,0,3,570896-8,True,b
570896,5650,2026-09-27,morning,POCZESNA,9,2026-09-27 10:45:00,Piotr Gumulinski,Kacper Adamus,2,3,570896-9,True,b
570896,5650,2026-09-27,morning,POCZESNA,10,2026-09-27 11:05:00,Patryk Jedrzejak,Marcin Lach,1,3,570896-10,True,b
570896,5650,2026-09-27,morning,POCZESNA,11,2026-09-27 11:30:00,Roman Piechnik,Piotr Gumulinski,1,3,570896-11,True,b
570896,5650,2026-09-27,morning,POCZESNA,12,2026-09-27 11:55:00,Kacper Adamus,Rafal Wojcik,2,3,570896-12,True,b
570896,5650,2026-09-27,morning,POCZESNA,13,2026-09-27 12:20:00,Patryk Jedrzejak,Piotr Gumulinski,1,3,570896-13,True,b
570896,5650,2026-09-27,morning,POCZESNA,14,2026-09-27 12:40:00,Marcin Lach,Rafal Wojcik,3,1,570896-14,True,a
570896,5650,2026-09-27,morning,POCZESNA,15,2026-09-27 13:05:00,Roman Piechnik,Kacper Adamus,1,3,570896-15,True,b
570894,5649,2026-09-26,night,POCZESNA,1,2026-09-26 01:30:00,Lukasz Bernacki,Jakub Michalski,3,1,570894-1,True,a
570894,5649,2026-09-26,night,POCZESNA,2,2026-09-26 01:55:00,Damian Fira,Henryk Tkaczyk,2,3,570894-2,True,b
570894,5649,2026-09-26,night,POCZESNA,3,2026-09-26 02:20:00,Robert Szymik,Roman Wiza,3,0,570894-3,True,a
570894,5649,2026-09-26,night,POCZESNA,4,2026-09-26 02:45:00,Lukasz Bernacki,Damian Fira,1,3,570894-4,True,b
570894,5649,2026-09-26,night,POCZESNA,5,2026-09-26 03:10:00,Roman Wiza,Jakub Michalski,3,0,570894-5,True,a
570894,5649,2026-09-26,night,POCZESNA,6,2026-09-26 03:30:00,Robert Szymik,Henryk Tkaczyk,3,0,570894-6,True,a
570894,5649,2026-09-26,night,POCZESNA,7,2026-09-26 03:55:00,Damian Fira,Jakub Michalski,3,2,570894-7,True,a
570894,5649,2026-09-26,night,POCZESNA,8,2026-09-26 04:20:00,Lukasz Bernacki,Robert Szymik,0,3,570894-8,True,b
570894,5649,2026-09-26,night,POCZESNA,9,2026-09-26 04:45:00,Roman Wiza,Henryk Tkaczyk,0,3,570894-9,True,b
570894,5649,2026-09-26,night,POCZESNA,10,2026-09-26 05:05:00,Damian Fira,Robert Szymik,3,2,570894-10,True,a
570894,5649,2026-09-26,night,POCZESNA,11,2026-09-26 05:30:00,Lukasz Bernacki,Roman Wiza,0,3,570894-11,True,b
570894,5649,2026-09-26,night,POCZESNA,12,2026-09-26 05:55:00,Henryk Tkaczyk,Jakub Michalski,2,3,570894-12,True,b
570894,5649,2026-09-26,night,POCZESNA,13,2026-09-26 06:20:00,Damian Fira,Roman Wiza,3,1,570894-13,True,a
570894,5649,2026-09-26,night,POCZESNA,14,2026-09-26 06:40:00,Robert Szymik,Jakub Michalski,3,0,570894-14,True,a
570894,5649,2026-09-26,night,POCZESNA,15,2026-09-26 07:05:00,Lukasz Bernacki,Henryk Tkaczyk,3,1,570894-15,True,a
570663,5648,2026-09-26,night,HSC,1,2026-09-26 23:00:00,Maciej Kolek,Daniel Kostal,2,3,570663-1,True,b
570663,5648,2026-09-26,night,HSC,2,2026-09-26 23:25:00,Michal Olbrycht,Filip Mlynarski,3,2,570663-2,True,a
570663,5648,2026-09-26,night,HSC,3,2026-09-26 23:50:00,Michal Olbrycht,Jakub Kuzmicz,3,0,570663-3,True,a
570663,5648,2026-09-26,night,HSC,4,2026-09-26 00:10:00,Daniel Kostal,Filip Mlynarski,3,1,570663-4,True,a
570663,5648,2026-09-26,night,HSC,5,2026-09-26 00:35:00,Jakub Kuzmicz,Daniel Kostal,0,3,570663-5,True,b
570663,5648,2026-09-26,night,HSC,6,2026-09-26 00:55:00,Maciej Kolek,Filip Mlynarski,0,3,570663-6,True,b
570663,5648,2026-09-26,night,HSC,7,2026-09-26 01:20:00,Michal Olbrycht,Daniel Kostal,3,0,570663-7,True,a
570663,5648,2026-09-26,night,HSC,8,2026-09-26 01:45:00,Maciej Kolek,Jakub Kuzmicz,2,3,570663-8,True,b
570663,5648,2026-09-26,night,HSC,9,2026-09-26 02:10:00,Michal Olbrycht,Maciej Kolek,0,3,570663-9,True,b
570663,5648,2026-09-26,night,HSC,10,2026-09-26 02:35:00,Jakub Kuzmicz,Filip Mlynarski,2,3,570663-10,True,b
570424,5647,2026-09-26,night,OSP,1,2026-09-26 23:00:00,Kacper Kwiatkowski,Andrzej Szurgot,0,3,570424-1,True,b
570424,5647,2026-09-26,night,OSP,2,2026-09-26 23:20:00,Slawomir Janus,Krzysztof Malcher,1,3,570424-2,True,b
570424,5647,2026-09-26,night,OSP,3,2026-09-26 23:45:00,Piotr Gesiarz,Jerzy Michalik,1,3,570424-3,True,b
570424,5647,2026-09-26,night,OSP,4,2026-09-26 00:10:00,Kacper Kwiatkowski,Slawomir Janus,2,3,570424-4,True,b
570424,5647,2026-09-26,night,OSP,5,2026-09-26 00:35:00,Jerzy Michalik,Andrzej Szurgot,3,1,570424-5,True,a
570424,5647,2026-09-26,night,OSP,6,2026-09-26 00:55:00,Piotr Gesiarz,Krzysztof Malcher,3,1,570424-6,True,a
570424,5647,2026-09-26,night,OSP,7,2026-09-26 01:20:00,Slawomir Janus,Andrzej Szurgot,3,1,570424-7,True,a
570424,5647,2026-09-26,night,OSP,8,2026-09-26 01:45:00,Kacper Kwiatkowski,Piotr Gesiarz,1,3,570424-8,True,b
570424,5647,2026-09-26,night,OSP,9,2026-09-26 02:10:00,Jerzy Michalik,Krzysztof Malcher,3,0,570424-9,True,a
570424,5647,2026-09-26,night,OSP,10,2026-09-26 02:35:00,Slawomir Janus,Piotr Gesiarz,0,3,570424-10,True,b
570424,5647,2026-09-26,night,OSP,11,2026-09-26 03:00:00,Kacper Kwiatkowski,Jerzy Michalik,3,0,570424-11,True,a
570424,5647,2026-09-26,night,OSP,12,2026-09-26 03:25:00,Krzysztof Malcher,Andrzej Szurgot,3,0,570424-12,True,a
570424,5647,2026-09-26,night,OSP,13,2026-09-26 03:45:00,Slawomir Janus,Jerzy Michalik,2,3,570424-13,True,b
570424,5647,2026-09-26,night,OSP,14,2026-09-26 04:10:00,Piotr Gesiarz,Andrzej Szurgot,3,0,570424-14,True,a
570424,5647,2026-09-26,night,OSP,15,2026-09-26 04:35:00,Kacper Kwiatkowski,Krzysztof Malcher,2,3,570424-15,True,b
570422,5646,2026-09-26,night,OSP,1,2026-09-26 23:05:00,Dawid Poloszczanski,Dawid Kotwica,1,3,570422-1,True,b
570422,5646,2026-09-26,night,OSP,2,2026-09-26 23:30:00,Arkadiusz Mugowski,Jakub Glanowski,2,3,570422-2,True,b
570422,5646,2026-09-26,night,OSP,3,2026-09-26 23:55:00,Arkadiusz Mugowski,Kamil Rudomina,3,1,570422-3,True,a
570422,5646,2026-09-26,night,OSP,4,2026-09-26 00:15:00,Dawid Kotwica,Jakub Glanowski,2,3,570422-4,True,b
570422,5646,2026-09-26,night,OSP,5,2026-09-26 00:35:00,Kamil Rudomina,Dawid Kotwica,3,0,570422-5,True,a
570422,5646,2026-09-26,night,OSP,6,2026-09-26 00:55:00,Dawid Poloszczanski,Jakub Glanowski,2,3,570422-6,True,b
570422,5646,2026-09-26,night,OSP,7,2026-09-26 01:20:00,Arkadiusz Mugowski,Dawid Kotwica,2,3,570422-7,True,b
570422,5646,2026-09-26,night,OSP,8,2026-09-26 01:45:00,Dawid Poloszczanski,Kamil Rudomina,0,3,570422-8,True,b
570422,5646,2026-09-26,night,OSP,9,2026-09-26 02:10:00,Arkadiusz Mugowski,Dawid Poloszczanski,3,1,570422-9,True,a
570422,5646,2026-09-26,night,OSP,10,2026-09-26 02:35:00,Kamil Rudomina,Jakub Glanowski,3,0,570422-10,True,a
570420,5645,2026-09-26,evening,HSC,1,2026-09-26 17:00:00,Daniel Kostal,Maciej Kolek,1,3,570420-1,True,b
570420,5645,2026-09-26,evening,HSC,2,2026-09-26 17:25:00,Jakub Kuzmicz,Michal Olbrycht,3,1,570420-2,True,a
570420,5645,2026-09-26,evening,HSC,3,2026-09-26 17:45:00,Filip Mlynarski,Alan Wos,3,1,570420-3,True,a
570420,5645,2026-09-26,evening,HSC,4,2026-09-26 18:05:00,Daniel Kostal,Jakub Kuzmicz,2,3,570420-4,True,b
570420,5645,2026-09-26,evening,HSC,5,2026-09-26 18:30:00,Alan Wos,Maciej Kolek,2,3,570420-5,True,b
570420,5645,2026-09-26,evening,HSC,6,2026-09-26 18:55:00,Filip Mlynarski,Michal Olbrycht,3,2,570420-6,True,a
570420,5645,2026-09-26,evening,HSC,7,2026-09-26 19:20:00,Jakub Kuzmicz,Maciej Kolek,1,3,570420-7,True,b
570420,5645,2026-09-26,evening,HSC,8,2026-09-26 19:40:00,Daniel Kostal,Filip Mlynarski,2,3,570420-8,True,b
570420,5645,2026-09-26,evening,HSC,9,2026-09-26 20:05:00,Alan Wos,Michal Olbrycht,3,2,570420-9,True,a
570420,5645,2026-09-26,evening,HSC,10,2026-09-26 20:30:00,Jakub Kuzmicz,Filip Mlynarski,0,3,570420-10,True,b
570420,5645,2026-09-26,evening,HSC,11,2026-09-26 20:50:00,Daniel Kostal,Alan Wos,3,0,570420-11,True,a
570420,5645,2026-09-26,evening,HSC,12,2026-09-26 21:15:00,Michal Olbrycht,Maciej Kolek,3,1,570420-12,True,a
570420,5645,2026-09-26,evening,HSC,13,2026-09-26 21:40:00,Jakub Kuzmicz,Alan Wos,3,1,570420-13,True,a
570420,5645,2026-09-26,evening,HSC,14,2026-09-26 22:05:00,Filip Mlynarski,Maciej Kolek,3,1,570420-14,True,a
570420,5645,2026-09-26,evening,HSC,15,2026-09-26 22:30:00,Daniel Kostal,Michal Olbrycht,1,3,570420-15,True,b
570418,5644,2026-09-26,evening,OSP,1,2026-09-26 17:00:00,Jerzy Michalik,Andrzej Szurgot,1,3,570418-1,True,b
570418,5644,2026-09-26,evening,OSP,2,2026-09-26 17:25:00,Slawomir Janus,Krzysztof Malcher,3,2,570418-2,True,a
570418,5644,2026-09-26,evening,OSP,3,2026-09-26 17:50:00,Piotr Gesiarz,Kacper Kwiatkowski,3,0,570418-3,True,a
570418,5644,2026-09-26,evening,OSP,4,2026-09-26 18:15:00,Jerzy Michalik,Slawomir Janus,3,2,570418-4,True,a
570418,5644,2026-09-26,evening,OSP,5,2026-09-26 18:35:00,Kacper Kwiatkowski,Andrzej Szurgot,2,3,570418-5,True,b
570418,5644,2026-09-26,evening,OSP,6,2026-09-26 18:55:00,Piotr Gesiarz,Krzysztof Malcher,3,2,570418-6,True,a
570418,5644,2026-09-26,evening,OSP,7,2026-09-26 19:20:00,Slawomir Janus,Andrzej Szurgot,2,3,570418-7,True,b
570418,5644,2026-09-26,evening,OSP,8,2026-09-26 19:45:00,Jerzy Michalik,Piotr Gesiarz,3,1,570418-8,True,a
570418,5644,2026-09-26,evening,OSP,9,2026-09-26 20:10:00,Kacper Kwiatkowski,Krzysztof Malcher,3,0,570418-9,True,a
570418,5644,2026-09-26,evening,OSP,10,2026-09-26 20:30:00,Slawomir Janus,Piotr Gesiarz,3,2,570418-10,True,a
570418,5644,2026-09-26,evening,OSP,11,2026-09-26 20:55:00,Jerzy Michalik,Kacper Kwiatkowski,3,1,570418-11,True,a
570418,5644,2026-09-26,evening,OSP,12,2026-09-26 21:20:00,Krzysztof Malcher,Andrzej Szurgot,3,0,570418-12,True,a
570418,5644,2026-09-26,evening,OSP,13,2026-09-26 21:40:00,Slawomir Janus,Kacper Kwiatkowski,0,3,570418-13,True,b
570418,5644,2026-09-26,evening,OSP,14,2026-09-26 22:05:00,Piotr Gesiarz,Andrzej Szurgot,1,3,570418-14,True,b
570418,5644,2026-09-26,evening,OSP,15,2026-09-26 22:30:00,Jerzy Michalik,Krzysztof Malcher,3,0,570418-15,True,a
570415,5643,2026-09-26,evening,OSP,1,2026-09-26 17:00:00,Dawid Kotwica,Krzysztof Guminski,2,3,570415-1,True,b
570415,5643,2026-09-26,evening,OSP,2,2026-09-26 17:25:00,Dawid Poloszczanski,Arkadiusz Mugowski,2,3,570415-2,True,b
570415,5643,2026-09-26,evening,OSP,3,2026-09-26 17:50:00,Jakub Glanowski,Tomasz Filbrandt,1,3,570415-3,True,b
570415,5643,2026-09-26,evening,OSP,4,2026-09-26 18:15:00,Dawid Kotwica,Dawid Poloszczanski,3,1,570415-4,True,a
570415,5643,2026-09-26,evening,OSP,5,2026-09-26 18:35:00,Tomasz Filbrandt,Krzysztof Guminski,3,1,570415-5,True,a
570415,5643,2026-09-26,evening,OSP,6,2026-09-26 18:55:00,Jakub Glanowski,Arkadiusz Mugowski,1,3,570415-6,True,b
570415,5643,2026-09-26,evening,OSP,7,2026-09-26 19:20:00,Dawid Poloszczanski,Krzysztof Guminski,0,3,570415-7,True,b
570415,5643,2026-09-26,evening,OSP,8,2026-09-26 19:45:00,Dawid Kotwica,Jakub Glanowski,0,3,570415-8,True,b
570415,5643,2026-09-26,evening,OSP,9,2026-09-26 20:10:00,Tomasz Filbrandt,Arkadiusz Mugowski,3,1,570415-9,True,a
570415,5643,2026-09-26,evening,OSP,10,2026-09-26 20:30:00,Dawid Poloszczanski,Jakub Glanowski,3,1,570415-10,True,a
570415,5643,2026-09-26,evening,OSP,11,2026-09-26 20:55:00,Dawid Kotwica,Tomasz Filbrandt,0,3,570415-11,True,b
570415,5643,2026-09-26,evening,OSP,12,2026-09-26 21:20:00,Arkadiusz Mugowski,Krzysztof Guminski,3,2,570415-12,True,a
570415,5643,2026-09-26,evening,OSP,13,2026-09-26 21:40:00,Dawid Poloszczanski,Tomasz Filbrandt,0,3,570415-13,True,b
570415,5643,2026-09-26,evening,OSP,14,2026-09-26 22:05:00,Jakub Glanowski,Krzysztof Guminski,3,1,570415-14,True,a
570415,5643,2026-09-26,evening,OSP,15,2026-09-26 22:30:00,Dawid Kotwica,Arkadiusz Mugowski,0,3,570415-15,True,b
570413,5642,2026-09-26,afternoon,HSC,1,2026-09-26 11:00:00,Tibor Spanik,Kacper Petas,3,2,570413-1,True,a
570413,5642,2026-09-26,afternoon,HSC,2,2026-09-26 11:20:00,Grzegorz Adamiak,Krystian Kolodziej,3,1,570413-2,True,a
570413,5642,2026-09-26,afternoon,HSC,3,2026-09-26 11:40:00,Amirreza Abbasi,Maksymilian Miastowski,3,2,570413-3,True,a
570413,5642,2026-09-26,afternoon,HSC,4,2026-09-26 12:00:00,Tibor Spanik,Grzegorz Adamiak,2,3,570413-4,True,b
570413,5642,2026-09-26,afternoon,HSC,5,2026-09-26 12:25:00,Maksymilian Miastowski,Kacper Petas,1,3,570413-5,True,b
570413,5642,2026-09-26,afternoon,HSC,6,2026-09-26 12:50:00,Amirreza Abbasi,Krystian Kolodziej,3,0,570413-6,True,a
570413,5642,2026-09-26,afternoon,HSC,7,2026-09-26 13:15:00,Grzegorz Adamiak,Kacper Petas,2,3,570413-7,True,b
570413,5642,2026-09-26,afternoon,HSC,8,2026-09-26 13:40:00,Tibor Spanik,Amirreza Abbasi,3,1,570413-8,True,a
570413,5642,2026-09-26,afternoon,HSC,9,2026-09-26 14:05:00,Maksymilian Miastowski,Krystian Kolodziej,3,2,570413-9,True,a
570413,5642,2026-09-26,afternoon,HSC,10,2026-09-26 14:30:00,Grzegorz Adamiak,Amirreza Abbasi,2,3,570413-10,True,b
570413,5642,2026-09-26,afternoon,HSC,11,2026-09-26 14:55:00,Tibor Spanik,Maksymilian Miastowski,3,1,570413-11,True,a
570413,5642,2026-09-26,afternoon,HSC,12,2026-09-26 15:20:00,Krystian Kolodziej,Kacper Petas,0,3,570413-12,True,b
570413,5642,2026-09-26,afternoon,HSC,13,2026-09-26 15:45:00,Grzegorz Adamiak,Maksymilian Miastowski,3,2,570413-13,True,a
570413,5642,2026-09-26,afternoon,HSC,14,2026-09-26 16:10:00,Amirreza Abbasi,Kacper Petas,1,3,570413-14,True,b
570413,5642,2026-09-26,afternoon,HSC,15,2026-09-26 16:35:00,Tibor Spanik,Krystian Kolodziej,3,0,570413-15,True,a
570411,5641,2026-09-26,afternoon,OSP,1,2026-09-26 11:00:00,Marcin Lach,Aleksander Cichocki,3,2,570411-1,True,a
570411,5641,2026-09-26,afternoon,OSP,2,2026-09-26 11:25:00,Roman Piechnik,Jakub Jesiek,0,3,570411-2,True,b
570411,5641,2026-09-26,afternoon,OSP,3,2026-09-26 11:50:00,Rafal Idaczyk,Pawel Polok,3,1,570411-3,True,a
570411,5641,2026-09-26,afternoon,OSP,4,2026-09-26 12:10:00,Marcin Lach,Roman Piechnik,2,3,570411-4,True,b
570411,5641,2026-09-26,afternoon,OSP,5,2026-09-26 12:35:00,Pawel Polok,Aleksander Cichocki,2,3,570411-5,True,b
570411,5641,2026-09-26,afternoon,OSP,6,2026-09-26 13:00:00,Rafal Idaczyk,Jakub Jesiek,3,2,570411-6,True,a
570411,5641,2026-09-26,afternoon,OSP,7,2026-09-26 13:25:00,Roman Piechnik,Aleksander Cichocki,0,3,570411-7,True,b
570411,5641,2026-09-26,afternoon,OSP,8,2026-09-26 13:50:00,Marcin Lach,Rafal Idaczyk,3,0,570411-8,True,a
570411,5641,2026-09-26,afternoon,OSP,9,2026-09-26 14:15:00,Pawel Polok,Jakub Jesiek,0,3,570411-9,True,b
570411,5641,2026-09-26,afternoon,OSP,10,2026-09-26 14:40:00,Roman Piechnik,Rafal Idaczyk,1,3,570411-10,True,b
570411,5641,2026-09-26,afternoon,OSP,11,2026-09-26 15:05:00,Marcin Lach,Pawel Polok,1,3,570411-11,True,b
570411,5641,2026-09-26,afternoon,OSP,12,2026-09-26 15:30:00,Jakub Jesiek,Aleksander Cichocki,0,3,570411-12,True,b
570411,5641,2026-09-26,afternoon,OSP,13,2026-09-26 15:55:00,Roman Piechnik,Pawel Polok,0,3,570411-13,True,b
570411,5641,2026-09-26,afternoon,OSP,14,2026-09-26 16:20:00,Rafal Idaczyk,Aleksander Cichocki,3,0,570411-14,True,a
570411,5641,2026-09-26,afternoon,OSP,15,2026-09-26 16:40:00,Marcin Lach,Jakub Jesiek,3,0,570411-15,True,a
570409,5640,2026-09-26,afternoon,HSC,1,2026-09-26 11:00:00,Dawid Kosmal,Tadeusz Piotrowski,3,0,570409-1,True,a
570409,5640,2026-09-26,afternoon,HSC,2,2026-09-26 11:20:00,Igor Dabrowski,Alan Wos,1,3,570409-2,True,b
570409,5640,2026-09-26,afternoon,HSC,3,2026-09-26 11:45:00,Tomasz Filbrandt,Bartlomiej Mleczko,1,3,570409-3,True,b
570409,5640,2026-09-26,afternoon,HSC,4,2026-09-26 12:05:00,Dawid Kosmal,Igor Dabrowski,3,0,570409-4,True,a
570409,5640,2026-09-26,afternoon,HSC,5,2026-09-26 12:30:00,Bartlomiej Mleczko,Tadeusz Piotrowski,3,1,570409-5,True,a
570409,5640,2026-09-26,afternoon,HSC,6,2026-09-26 12:55:00,Tomasz Filbrandt,Alan Wos,2,3,570409-6,True,b
570409,5640,2026-09-26,afternoon,HSC,7,2026-09-26 13:20:00,Igor Dabrowski,Tadeusz Piotrowski,2,3,570409-7,True,b
570409,5640,2026-09-26,afternoon,HSC,8,2026-09-26 13:45:00,Dawid Kosmal,Tomasz Filbrandt,0,3,570409-8,True,b
570409,5640,2026-09-26,afternoon,HSC,9,2026-09-26 14:10:00,Bartlomiej Mleczko,Alan Wos,3,2,570409-9,True,a
570409,5640,2026-09-26,afternoon,HSC,10,2026-09-26 14:35:00,Igor Dabrowski,Tomasz Filbrandt,0,3,570409-10,True,b
570409,5640,2026-09-26,afternoon,HSC,11,2026-09-26 15:00:00,Dawid Kosmal,Bartlomiej Mleczko,3,1,570409-11,True,a
570409,5640,2026-09-26,afternoon,HSC,12,2026-09-26 15:25:00,Alan Wos,Tadeusz Piotrowski,3,0,570409-12,True,a
570409,5640,2026-09-26,afternoon,HSC,13,2026-09-26 15:50:00,Igor Dabrowski,Bartlomiej Mleczko,3,1,570409-13,True,a
570409,5640,2026-09-26,afternoon,HSC,14,2026-09-26 16:15:00,Tomasz Filbrandt,Tadeusz Piotrowski,3,2,570409-14,True,a
570409,5640,2026-09-26,afternoon,HSC,15,2026-09-26 16:35:00,Dawid Kosmal,Alan Wos,3,2,570409-15,True,a
570407,5639,2026-09-26,afternoon,OSP,1,2026-09-26 11:00:00,Bartlomiej Wisniewski,Jaroslaw Rolak,3,0,570407-1,True,a
570407,5639,2026-09-26,afternoon,OSP,2,2026-09-26 11:25:00,Jacek Przewlocki,Mateusz Misiak,3,1,570407-2,True,a
570407,5639,2026-09-26,afternoon,OSP,3,2026-09-26 11:50:00,Krzysztof Guminski,Artur Szoltysek,0,3,570407-3,True,b
570407,5639,2026-09-26,afternoon,OSP,4,2026-09-26 12:10:00,Bartlomiej Wisniewski,Jacek Przewlocki,3,1,570407-4,True,a
570407,5639,2026-09-26,afternoon,OSP,5,2026-09-26 12:35:00,Artur Szoltysek,Jaroslaw Rolak,2,3,570407-5,True,b
570407,5639,2026-09-26,afternoon,OSP,6,2026-09-26 13:00:00,Krzysztof Guminski,Mateusz Misiak,3,1,570407-6,True,a
570407,5639,2026-09-26,afternoon,OSP,7,2026-09-26 13:25:00,Jacek Przewlocki,Jaroslaw Rolak,3,1,570407-7,True,a
570407,5639,2026-09-26,afternoon,OSP,8,2026-09-26 13:50:00,Bartlomiej Wisniewski,Krzysztof Guminski,3,1,570407-8,True,a
570407,5639,2026-09-26,afternoon,OSP,9,2026-09-26 14:15:00,Artur Szoltysek,Mateusz Misiak,2,3,570407-9,True,b
570407,5639,2026-09-26,afternoon,OSP,10,2026-09-26 14:40:00,Jacek Przewlocki,Krzysztof Guminski,2,3,570407-10,True,b
570407,5639,2026-09-26,afternoon,OSP,11,2026-09-26 15:05:00,Bartlomiej Wisniewski,Artur Szoltysek,2,3,570407-11,True,b
570407,5639,2026-09-26,afternoon,OSP,12,2026-09-26 15:30:00,Mateusz Misiak,Jaroslaw Rolak,3,1,570407-12,True,a
570407,5639,2026-09-26,afternoon,OSP,13,2026-09-26 15:55:00,Jacek Przewlocki,Artur Szoltysek,1,3,570407-13,True,b
570407,5639,2026-09-26,afternoon,OSP,14,2026-09-26 16:20:00,Krzysztof Guminski,Jaroslaw Rolak,1,3,570407-14,True,b
570407,5639,2026-09-26,afternoon,OSP,15,2026-09-26 16:40:00,Bartlomiej Wisniewski,Mateusz Misiak,3,1,570407-15,True,a
570404,5638,2026-09-26,morning,HSC,1,2026-09-26 05:00:00,Grzegorz Adamiak,Kacper Petas,0,3,570404-1,True,b
570404,5638,2026-09-26,morning,HSC,2,2026-09-26 05:25:00,Jakub Folwarski,Maksymilian Miastowski,3,1,570404-2,True,a
570404,5638,2026-09-26,morning,HSC,3,2026-09-26 05:45:00,Tibor Spanik,Marcin Jadczyk,0,3,570404-3,True,b
570404,5638,2026-09-26,morning,HSC,4,2026-09-26 06:10:00,Grzegorz Adamiak,Jakub Folwarski,0,3,570404-4,True,b
570404,5638,2026-09-26,morning,HSC,5,2026-09-26 06:30:00,Marcin Jadczyk,Kacper Petas,3,1,570404-5,True,a
570404,5638,2026-09-26,morning,HSC,6,2026-09-26 06:55:00,Tibor Spanik,Maksymilian Miastowski,3,1,570404-6,True,a
570404,5638,2026-09-26,morning,HSC,7,2026-09-26 07:15:00,Jakub Folwarski,Kacper Petas,3,0,570404-7,True,a
570404,5638,2026-09-26,morning,HSC,8,2026-09-26 07:40:00,Grzegorz Adamiak,Tibor Spanik,1,3,570404-8,True,b
570404,5638,2026-09-26,morning,HSC,9,2026-09-26 08:05:00,Marcin Jadczyk,Maksymilian Miastowski,2,3,570404-9,True,b
570404,5638,2026-09-26,morning,HSC,10,2026-09-26 08:30:00,Jakub Folwarski,Tibor Spanik,2,3,570404-10,True,b
570404,5638,2026-09-26,morning,HSC,11,2026-09-26 08:55:00,Grzegorz Adamiak,Marcin Jadczyk,3,2,570404-11,True,a
570404,5638,2026-09-26,morning,HSC,12,2026-09-26 09:20:00,Maksymilian Miastowski,Kacper Petas,1,3,570404-12,True,b
570404,5638,2026-09-26,morning,HSC,13,2026-09-26 09:45:00,Jakub Folwarski,Marcin Jadczyk,3,1,570404-13,True,a
570404,5638,2026-09-26,morning,HSC,14,2026-09-26 10:05:00,Tibor Spanik,Kacper Petas,2,3,570404-14,True,b
570404,5638,2026-09-26,morning,HSC,15,2026-09-26 10:30:00,Grzegorz Adamiak,Maksymilian Miastowski,3,2,570404-15,True,a
