player,start_time,elo,elo_form,win10,win30d,setr30,today_n,hrs_since,days_since,n,h2h_net,session_win,venue_win,streak
Vladislav Ursu,2024-04-09 19:50:00,2463.655847252977,22.138868481267764,1.0,0.9661016949152542,0.8653846153846154,9,1.3333333333333333,0.05555555555555555,434,6,0.9271523178807947,0.9389067524115756,32
Jakub Folwarski,2026-09-26 09:45:00,2294.6956081469543,4.036310595856776,0.8,0.7692307692307693,0.6587301587301587,4,1.25,0.052083333333333336,993,34,0.6710526315789473,0.6893401015228426,-1
Jan Zandecki,2026-09-29 16:10:00,2173.809595589855,63.25317299205017,0.7,0.6101694915254238,0.5737704918032787,9,0.8333333333333334,0.034722222222222224,3059,-5,0.5043478260869565,0.4878048780487805,4
Jakub Kosowski,2026-10-05 16:35:00,2140.874709403692,118.97049666576572,0.8,0.5833333333333334,0.5238095238095238,9,1.25,0.052083333333333336,3952,74,0.5557377049180328,0.5653631284916201,3
Amirreza Abbasi,2026-09-26 16:10:00,2117.8159247509952,28.306995843620825,0.7,0.7142857142857143,0.5882352941176471,4,1.6666666666666667,0.06944444444444445,2249,-15,0.535059331175836,0.5699689027099067,1
Martin Olejnik,2026-09-18 16:15:00,2097.730143057971,23.10460305932611,0.7,0.55,0.5737704918032787,9,0.8333333333333334,0.034722222222222224,2308,1,0.5348525469168901,0.5723653395784544,5
Kacper Petas,2026-09-28 15:45:00,2095.718678552154,18.873390485730397,0.6,0.5833333333333334,0.5486725663716814,9,1.25,0.052083333333333336,3377,-50,0.5471264367816092,0.49449297379415114,4
Antoni Witkowski,2026-09-13 09:45:00,2094.177708387941,74.95648667768091,0.7,0.5714285714285714,0.5327868852459017,4,1.25,0.052083333333333336,1847,14,0.5669050051072523,0.5823317307692307,3
Artur Grela,2026-10-01 15:45:00,2070.339012829904,-12.305414977214241,0.7,0.5666666666666667,0.5609756097560976,9,0.8333333333333334,0.034722222222222224,2982,0,0.4725378787878788,0.4828883038736367,1
Maksymilian Miastowski,2026-09-30 16:10:00,2060.6185097789958,46.07919483304158,0.6,0.5333333333333333,0.5775862068965517,9,0.8333333333333334,0.034722222222222224,2864,-20,0.5079872204472844,0.4709639953542393,2
Adrian Wiecek,2026-10-05 15:45:00,2057.28126136458,79.92994380251912,0.7,0.5,0.5,9,0.8333333333333334,0.034722222222222224,4020,-43,0.5385665529010238,0.5345283573317661,2
Adam Dosz,2026-09-13 16:35:00,2043.3577230907342,-83.1299803225877,0.5,0.6,0.5196850393700787,9,1.6666666666666667,0.06944444444444445,2711,3,0.5532407407407407,0.6210664335664335,1
Andrew Baggaley,2026-08-21 17:25:00,2043.0084566430733,-99.86648038908015,0.4,0.3333333333333333,0.512396694214876,4,0.8333333333333334,0.034722222222222224,134,0,0.5869565217391305,0.6694214876033058,2
Mateusz Gołębiowski,2023-10-28 18:00:00,2040.2529581854862,47.7157953212793,0.8,0.7666666666666667,0.7064220183486238,9,0.8333333333333334,0.034722222222222224,1079,-19,0.6228710462287105,0.6630434782608695,5
Tomasz Kotowski,2024-07-18 17:50:00,2033.4151733891795,66.85308953872368,0.7,0.6551724137931034,0.5966386554621849,9,0.8333333333333334,0.034722222222222224,1042,2,0.6875,0.6578947368421053,2
Piotr Cyrnek,2026-09-02 10:30:00,2019.4753409037128,-35.00915946573673,0.5,0.54,0.5275590551181102,4,1.5833333333333333,0.06597222222222222,1308,4,0.5136,0.5399495374264087,-2
Petr David,2026-10-05 15:45:00,2011.4996329281314,-42.545188604961595,0.4,0.55,0.5040650406504065,9,1.25,0.052083333333333336,3365,43,0.626560726447219,0.6493043168034249,-2
Marcin Jadczyk,2026-10-05 09:45:00,2010.5758916721534,-9.578219558897445,0.6,0.5333333333333333,0.5470085470085471,4,0.8333333333333334,0.034722222222222224,6668,-27,0.5608231310237041,0.57124773960217,1
Konrad Kulpa,2026-08-09 15:45:00,2006.9290272241815,-43.03336551809343,0.6,0.5384615384615384,0.5317460317460317,9,0.8333333333333334,0.034722222222222224,788,13,0.7727272727272727,0.7473524962178517,-2
Mateusz Golebiowski,2026-02-12 17:35:00,2005.852113214862,-84.24853133372585,0.3,0.6166666666666667,0.5172413793103449,9,1.0833333333333333,0.04513888888888889,3527,5,0.6543778801843319,0.635040921491361,1
Damian Wederlich,2026-09-19 16:10:00,2001.5672344346453,-42.20657520956274,0.7,0.5789473684210527,0.5254237288135594,9,1.6666666666666667,0.06944444444444445,1619,-2,0.5975975975975976,0.5566944266495836,3
Tibor Spanik,2026-09-28 16:10:00,1997.784331604836,-63.52895553000553,0.4,0.48333333333333334,0.5042735042735043,9,0.8333333333333334,0.034722222222222224,474,-3,0.5546218487394958,0.5476718403547672,1
Grzegorz Felkel,2026-10-05 16:35:00,1988.5208226336974,-185.91833827498454,0.2,0.5,0.5203252032520326,9,1.6666666666666667,0.06944444444444445,4431,-74,0.6093617021276596,0.5938995215311005,-3
Daniel Bak,2026-08-12 18:50:00,1988.3568284257435,32.84624395150331,0.5,0.42105263157894735,0.5078125,9,0.8333333333333334,0.034722222222222224,353,1,0.36363636363636365,0.5223880597014925,-3
Piotr Chodorski,2026-09-29 16:10:00,1986.4198325472441,95.84105408876235,0.4,0.42105263157894735,0.4745762711864407,9,1.6666666666666667,0.06944444444444445,2739,5,0.47300215982721383,0.5488647581441264,3
Szymon Kolasa,2026-09-24 16:10:00,1976.809526107121,-14.947624590751275,0.4,0.4666666666666667,0.46511627906976744,9,1.6666666666666667,0.06944444444444445,1918,-1,0.5148936170212766,0.5086741016109045,-1
Michal Benes,2026-09-09 21:40:00,1976.6791201048566,3.7033355410490003,0.7,0.6153846153846154,0.5609756097560976,9,0.8333333333333334,0.034722222222222224,988,3,0.6557377049180327,0.5060373216245884,-1
Michal Gawlas,2026-08-30 16:10:00,1974.7967821994887,143.38848173986594,0.6,0.358974358974359,0.47540983606557374,9,1.6666666666666667,0.06944444444444445,304,-1,0.4198473282442748,0.41762452107279696,3
Karol Strowski,2026-09-23 15:45:00,1972.4086173406838,41.08028137979204,0.6,0.5666666666666667,0.515625,9,0.8333333333333334,0.034722222222222224,2574,-6,0.5841584158415841,0.5486725663716814,-1
Josef Braun,2026-09-22 16:10:00,1972.28177503368,-76.58378255888624,0.3,0.5833333333333334,0.5083333333333333,9,0.8333333333333334,0.034722222222222224,3128,9,0.5062571103526735,0.4757776644569097,-3
Daniel Bąk,2023-10-10 18:00:00,1964.6423128114611,79.2160226586168,0.5,0.6122448979591837,0.5803571428571429,9,1.1666666666666667,0.04861111111111111,414,1,0.5476190476190477,0.5593869731800766,2
Ibrahim Gunduz,2023-02-18 13:50:00,1962.1153232886588,59.54403837809832,0.7,0.6923076923076923,0.5748031496062992,4,1.0,0.041666666666666664,39,5,0.6666666666666666,0.6829268292682927,6
Dawid Michna,2026-10-02 17:45:00,1958.9541161231869,-5.557680801121478,0.5,0.48333333333333334,0.4883720930232558,9,1.5833333333333333,0.06597222222222222,2286,0,0.5227272727272727,0.5048367593712213,2
Jakub Stecyszyn,2026-09-19 16:10:00,1954.6383029620106,182.25648924863845,0.8,0.7368421052631579,0.5391304347826087,9,0.8333333333333334,0.034722222222222224,559,2,0.6363636363636364,0.3958333333333333,2
Dimitrij Prokopcov,2026-09-23 16:15:00,1951.1994779697422,65.65620943204954,0.7,0.5641025641025641,0.552,9,0.8333333333333334,0.034722222222222224,244,0,0.47107438016528924,0.4364406779661017,2
Adrian Więcek,2023-10-27 18:00:00,1944.5865021849454,16.97438413977079,0.7,0.6166666666666667,0.5454545454545454,9,1.1666666666666667,0.04861111111111111,1496,0,0.573170731707317,0.570414201183432,-1
Daniel Lis,2025-12-30 16:00:00,1943.707072664003,108.52778843590045,0.9,0.6842105263157895,0.6090909090909091,9,0.8333333333333334,0.034722222222222224,978,9,0.5274725274725275,0.6281208935611038,9
Michal Bankosz,2024-10-16 18:25:00,1940.0901524006094,-173.9896466474015,0.4,0.5789473684210527,0.5641025641025641,9,1.5833333333333333,0.06597222222222222,119,-1,0.6190476190476191,0.7355371900826446,-2
Krystian Kolodziej,2026-10-05 16:10:00,1934.4923292028914,79.76998383834848,0.6,0.4,0.5080645161290323,4,1.6666666666666667,0.06944444444444445,4979,-5,0.4934426229508197,0.6416593115622242,-1
Maciej Domin,2026-09-06 16:10:00,1929.9658677839811,24.114558745518707,0.5,0.5166666666666667,0.4921875,9,0.8333333333333334,0.034722222222222224,1863,0,0.5014749262536873,0.49291784702549574,2
Miroslav Horejsi,2026-05-27 17:10:00,1920.5452244351488,5.428895547642469,0.5,0.5454545454545454,0.5040650406504065,9,1.5,0.0625,44,-1,0.6153846153846154,0.5434782608695652,2
Krzysztof Wloczko,2026-10-05 10:05:00,1918.0704854441547,-40.32760768400544,0.4,0.5166666666666667,0.4491525423728814,4,0.75,0.03125,4541,-40,0.5070652173913044,0.4514218009478673,1
Konrad Staszczyk,2026-10-06 02:35:00,1914.179694351846,75.38930966641533,1.0,0.7,0.6379310344827587,2,0.8333333333333334,0.034722222222222224,2535,0,0.547112462006079,0.5272547076313181,10
Damian Węderlich,2023-10-08 12:45:00,1910.2796573089502,0.02684050228799606,0.7,0.6666666666666666,0.5327868852459017,4,1.1666666666666667,0.04861111111111111,259,0,0.5753424657534246,0.4966887417218543,2
Jiri Vrablik,2026-07-22 15:45:00,1909.892563080715,70.07551387815693,0.5,0.5789473684210527,0.46218487394957986,9,0.8333333333333334,0.034722222222222224,59,-6,0.45161290322580644,0.4262295081967213,1
Łukasz Sokołowski,2023-05-10 11:50:00,1905.6603925082943,19.511194423060942,0.6,0.75,0.6637931034482759,4,1.1666666666666667,0.04861111111111111,129,0,0.6197183098591549,0.3333333333333333,-1
Adrian Spychala,2026-09-30 16:15:00,1905.1514365220362,-21.1729635135639,0.6,0.5882352941176471,0.5118110236220472,9,0.8333333333333334,0.034722222222222224,4578,-2,0.4008941877794337,0.33513513513513515,3
Maciej Nowalinski,2026-09-25 16:15:00,1900.155104413796,61.907443490857986,0.8,0.46296296296296297,0.5114503816793893,4,1.6666666666666667,0.06944444444444445,3686,2,0.4923469387755102,0.47527749747729564,-1
Robert Floras,2023-06-15 17:50:00,1899.4272246519336,-56.56786062552419,0.4,0.5641025641025641,0.5045045045045045,9,1.1666666666666667,0.04861111111111111,194,6,0.6619718309859155,0.6232876712328768,1
Kacper Glazowski,2026-09-15 16:15:00,1897.2187407303454,-29.654905402959912,0.5,0.5,0.5634920634920635,9,0.8333333333333334,0.034722222222222224,1642,-8,0.45454545454545453,0.42829457364341084,3
Radoslaw Chrzescian,2026-09-20 15:45:00,1894.3115080178272,77.00505954791652,0.9,0.8947368421052632,0.7024793388429752,9,0.8333333333333334,0.034722222222222224,830,1,0.5390070921985816,0.40384615384615385,9
Jakub Kuzmicz,2026-10-05 16:10:00,1893.5795926780786,26.42305232964327,0.4,0.5333333333333333,0.4608695652173913,4,0.8333333333333334,0.034722222222222224,1287,5,0.5780141843971631,0.5786593707250342,-2
Grzegorz Adamiak,2026-09-27 16:10:00,1891.387311662698,-58.564751889090985,0.3,0.4576271186440678,0.3870967741935484,9,1.6666666666666667,0.06944444444444445,2844,-1,0.42424242424242425,0.41013553329404834,1
Michal Murawski,2026-09-22 15:50:00,1888.3117953856802,-117.09155114536202,0.2,0.3157894736842105,0.4444444444444444,9,0.8333333333333334,0.034722222222222224,2945,-6,0.6087824351297405,0.523335883703137,-1
Miroslav Sklensky,2026-10-05 15:50:00,1886.76141120686,102.36795162500357,0.6,0.5833333333333334,0.5491803278688525,9,0.8333333333333334,0.034722222222222224,2992,34,0.5378564405113078,0.4517704517704518,-1
Jakub Kwapis,2026-10-02 17:45:00,1886.6312295352723,37.83973375827145,0.5,0.48717948717948717,0.5126050420168067,9,1.1666666666666667,0.04861111111111111,757,0,0.5016611295681063,0.41883116883116883,1
Szymon Sporek,2026-09-06 16:10:00,1884.1530950166975,66.62052647748578,0.6,0.5135135135135135,0.49612403100775193,9,1.6666666666666667,0.06944444444444445,2359,0,0.4383838383838384,0.4858156028368794,-1
Slawomir Dosz,2026-09-13 16:35:00,1875.5334040795742,-50.84951779194262,0.2,0.48333333333333334,0.4065040650406504,9,1.25,0.052083333333333336,1454,-3,0.45707070707070707,0.4510108864696734,-5
Patryk Chojnowski,2023-06-21 17:50:00,1871.4422451745993,28.671879405788104,0.6,0.631578947368421,0.5409836065573771,9,0.8333333333333334,0.034722222222222224,39,-2,0.42857142857142855,0.5609756097560976,-2
Patryk Zatówka,2023-07-23 18:00:00,1870.7680948813577,56.02807256000824,0.7,0.5862068965517241,0.5752212389380531,9,0.8333333333333334,0.034722222222222224,159,2,0.39285714285714285,0.4365079365079365,3
Lukasz Nadolski,2025-11-24 09:55:00,1867.8342945184788,28.558252584118236,0.6,0.5172413793103449,0.525,4,1.3333333333333333,0.05555555555555555,635,-7,0.36741214057507987,0.45348837209302323,2
Tomasz Lewandowski,2024-07-18 17:50:00,1855.182294720212,-14.000665371351488,0.5,0.4166666666666667,0.5163934426229508,9,1.1666666666666667,0.04861111111111111,204,-2,0.4230769230769231,0.5454545454545454,3
Jakub Perek,2023-06-22 17:50:00,1852.5842694837602,42.671747658081586,0.6,0.5833333333333334,0.49586776859504134,9,0.8333333333333334,0.034722222222222224,359,4,0.5581395348837209,0.5340314136125655,1
Dawid Kosmal,2026-10-02 23:00:00,1851.2154450951896,74.32833650583598,0.7,0.6166666666666667,0.6610169491525424,9,1.3333333333333333,0.05555555555555555,762,3,0.5461254612546126,0.4793103448275862,2
Jakub Chmielowski,2026-09-23 02:35:00,1842.84626270674,101.76022304364824,0.8,0.5333333333333333,0.5491803278688525,2,1.6666666666666667,0.06944444444444445,875,-1,0.5048543689320388,0.4987012987012987,7
Marcin Balcerzak,2026-08-26 15:50:00,1842.3494703105232,125.89438393046976,0.8,0.5166666666666667,0.5833333333333334,9,1.25,0.052083333333333336,2567,-38,0.4282094594594595,0.4315068493150685,-2
Daniel Gorak,2025-08-22 17:10:00,1839.8990867327109,83.18407881192911,0.6,0.42105263157894735,0.4603174603174603,9,1.5,0.0625,34,-1,0.5238095238095238,0.4444444444444444,-1
Filip Mlynarski,2026-09-28 01:20:00,1838.687776485351,-62.3563920807087,0.6,0.6,0.5983606557377049,2,0.75,0.03125,2862,-1,0.6240369799691834,0.4905756495160469,-4
Dawid Jadam,2026-09-14 02:10:00,1838.4168167387493,39.2502446972253,0.7,0.55,0.4915254237288136,1,0.8333333333333334,0.034722222222222224,323,-12,0.4968553459119497,0.502262443438914,3
Kacper Petaś,2025-07-27 16:50:00,1835.6088196010494,-19.258505405446385,0.4,0.3333333333333333,0.5752212389380531,4,0.75,0.03125,558,0,0.36363636363636365,0.5047619047619047,1
Krzysztof Kapik,2026-10-05 10:05:00,1831.7445765598852,40.78747430659246,0.5,0.48333333333333334,0.5169491525423728,4,0.8333333333333334,0.034722222222222224,7443,2,0.4720496894409938,0.478360781309843,2
Patryk Jendrzejewski,2026-10-02 15:50:00,1827.2179417181976,35.85796788126686,0.6,0.48333333333333334,0.49586776859504134,9,1.25,0.052083333333333336,840,0,0.4722222222222222,0.48704663212435234,-2
Lukasz Jarocki,2026-10-01 15:45:00,1826.2698568975816,-69.09477730076287,0.4,0.5111111111111111,0.4793388429752066,9,1.25,0.052083333333333336,4819,0,0.533213644524237,0.5450674237047551,-6
Jacek Mitas,2026-09-30 02:35:00,1819.9226621541263,-83.62048259242988,0.6,0.6226415094339622,0.7079646017699115,2,1.6666666666666667,0.06944444444444445,270,3,0.5238095238095238,0.4801980198019802,-2
Patrik Klos,2026-09-25 16:35:00,1819.5669105883467,-95.17637963497486,0.5,0.5172413793103449,0.4824561403508772,9,1.1666666666666667,0.04861111111111111,1402,0,0.5,0.5367521367521367,-1
Artur Daniel,2026-09-24 15:45:00,1815.981113895188,55.273756954050896,0.5,0.48333333333333334,0.5193798449612403,9,1.25,0.052083333333333336,5317,-27,0.5,0.45364536453645365,1
Marcin Piotrowski,2024-05-04 17:50:00,1806.6347455775892,-16.81622845303309,0.9,0.8205128205128205,0.6614173228346457,9,0.8333333333333334,0.034722222222222224,539,1,0.6666666666666666,0.6693548387096774,8
Jakub Maslowski,2025-10-09 16:45:00,1805.7614237805583,54.69367714074974,0.5,0.5416666666666666,0.48360655737704916,9,1.5833333333333333,0.06597222222222222,605,-3,0.3717277486910995,0.4265927977839335,-1
Grzegorz Poliniewicz,2026-10-05 15:50:00,1796.2388682792648,26.56554451056877,0.4,0.5,0.4806201550387597,9,1.25,0.052083333333333336,6642,-34,0.5737704918032787,0.4972847168347556,1
Alan Wos,2026-09-27 16:35:00,1792.3181714778732,58.19584175829959,0.9,0.6833333333333333,0.6302521008403361,9,1.5833333333333333,0.06597222222222222,735,1,0.48868778280542985,0.35294117647058826,9
Michal Olbrycht,2026-10-05 16:35:00,1791.3685530122386,-110.42895324549704,0.4,0.5,0.48760330578512395,9,1.1666666666666667,0.04861111111111111,1636,0,0.43014705882352944,0.4682203389830508,-1
Amirezza Abbasi,2023-06-16 18:40:00,1790.7775752663013,290.77757526630126,0.8888888888888888,0.8888888888888888,0.7222222222222222,9,1.3333333333333333,0.05555555555555555,9,1,0.8333333333333334,0.8181818181818182,5
Lukasz Pietraszko,2026-10-05 01:20:00,1788.0787132132953,-41.98091392803326,0.6,0.5666666666666667,0.5307692307692308,2,0.75,0.03125,1819,-3,0.5330188679245284,0.4473684210526316,-1
Giorgos Konstantinopoulos,2023-12-23 18:00:00,1787.3128598735386,-1.1119988413881856,0.5,0.4576271186440678,0.43478260869565216,9,0.8333333333333334,0.034722222222222224,59,-1,0.4838709677419355,0.4117647058823529,2
Karol Wisniewski,2026-10-04 16:10:00,1783.9835883898018,71.54220831728458,0.6,0.45,0.4649122807017544,9,0.8333333333333334,0.034722222222222224,6243,-1,0.4511494252873563,0.41960183767228176,-2
Michal Blinka,2023-10-17 18:35:00,1779.5843962247432,-24.725919811436142,0.5,0.5897435897435898,0.5203252032520326,9,1.1666666666666667,0.04861111111111111,164,17,0.5737704918032787,0.574468085106383,1
Mateusz Rutkowski,2026-10-05 16:15:00,1778.1309685106419,-60.62044219988479,0.5,0.4666666666666667,0.45454545454545453,4,1.6666666666666667,0.06944444444444445,4496,1,0.5274725274725275,0.5045264623955432,-1
David Marek,2026-01-04 22:40:00,1775.7653110053095,-39.617467652106825,0.6,0.6333333333333333,0.6126126126126126,14,0.8333333333333334,0.034722222222222224,401,1,0.2972972972972973,0.3541666666666667,-2
Daniel Kostal,2026-10-05 16:15:00,1771.0632722556666,6.695260021218928,0.5,0.358974358974359,0.4322033898305085,9,0.8333333333333334,0.034722222222222224,89,-1,0.40476190476190477,0.29411764705882354,-2
Maciej Kolek,2026-10-05 16:20:00,1768.6361400451347,-13.659009756979685,0.8,0.55,0.5528455284552846,9,1.6666666666666667,0.06944444444444445,1507,-4,0.5736196319018405,0.5405092592592593,2
Tomas Martinko,2026-06-23 22:30:00,1768.352437786606,-80.36910686286228,0.4,0.42105263157894735,0.4878048780487805,9,1.25,0.052083333333333336,184,3,0.5277777777777778,0.391304347826087,-3
Michal Malachowski,2026-10-05 16:35:00,1765.9904611123186,24.210378940636247,0.5,0.45,0.4132231404958678,9,1.5833333333333333,0.06597222222222222,1167,0,0.4535809018567639,0.40253164556962023,-1
Kacper Szurlej,2026-10-04 16:35:00,1761.0697669746803,45.38550110475626,0.9,0.5,0.7428571428571429,9,1.1666666666666667,0.04861111111111111,415,3,0.5748031496062992,0.5,3
Filip Młynarski,2026-06-28 03:10:00,1758.4151000558338,-54.53345593024642,0.4,0.4,0.47413793103448276,4,0.8333333333333334,0.034722222222222224,1200,-3,0.6657458563535912,0.5513595166163142,1
Jiri Martinko,2024-06-15 18:00:00,1757.8855617176232,28.00079855644617,0.6,0.45,0.5175438596491229,9,0.8333333333333334,0.034722222222222224,29,1,0.375,0.5161290322580645,-2
Mateusz Ufnal,2026-06-24 16:35:00,1752.1843199424234,-30.32653925005411,0.5,0.48333333333333334,0.7333333333333333,10,1.5833333333333333,0.06597222222222222,633,-6,0.375,0.5,-3
Giorgios Konstantinopulos,2023-06-21 18:10:00,1747.558322755402,-18.67808995016412,0.5,0.5862068965517241,0.5742574257425742,9,0.8333333333333334,0.034722222222222224,29,-3,0.6875,0.5714285714285714,-1
Szymon Seroka,2025-05-13 03:30:00,1744.802241698029,-24.843822847981528,0.4,0.5166666666666667,0.45901639344262296,4,0.8333333333333334,0.034722222222222224,3522,-1,0.5433376455368694,0.59688995215311,2
Sławomir Dosz,2023-10-21 12:45:00,1743.443950502228,-149.03891602496765,0.2,0.5588235294117647,0.5135135135135135,4,1.1666666666666667,0.04861111111111111,749,5,0.5590551181102362,0.5192307692307693,1
Miłosz Przybylik,2023-06-03 23:50:00,1742.3337911354665,152.46315206937334,0.9,0.5862068965517241,0.5688073394495413,4,0.6666666666666666,0.027777777777777776,119,2,0.6363636363636364,0.6956521739130435,9
Krystian Kołodziej,2023-10-28 18:25:00,1737.0223691379872,-106.8649768661694,0.2,0.7,0.5185185185185185,9,0.8333333333333334,0.034722222222222224,774,-1,0.8010752688172043,0.6306306306306306,1
Tomasz Filbrandt,2026-09-26 21:40:00,1735.2208336187805,22.474441189412573,0.7,0.5,0.5537190082644629,9,0.75,0.03125,4250,6,0.5026217228464419,0.5789149198520345,7
Szymon Twardowski,2025-09-06 21:45:00,1734.6745571021424,14.533237580439618,0.7,0.6842105263157895,0.6434782608695652,9,0.75,0.03125,597,6,0.5542857142857143,0.6515151515151515,4
Jan Urbanek,2024-01-14 00:45:00,1726.5757551334373,-66.52099163920161,0.5,0.625,0.584070796460177,0,1.1666666666666667,0.04861111111111111,44,2,0.5454545454545454,0.5769230769230769,-3
Maksymillian Miastowski,2024-06-23 18:25:00,1723.7570296658955,160.19274015049882,0.4,0.75,0.5098039215686274,4,1.5833333333333333,0.06597222222222222,14,0,0.5,0.36363636363636365,1
Dariusz Molenda,2026-10-02 00:20:00,1702.1860106818783,13.752676007205991,0.8,0.76,0.7181818181818181,0,0.8333333333333334,0.034722222222222224,299,1,0.7869415807560137,0.7869415807560137,-1
Jakub Zochniak,2026-10-05 15:55:00,1696.3377244372975,42.59805715614061,0.6,0.55,0.5508474576271186,4,0.8333333333333334,0.034722222222222224,7372,5,0.583078491335372,0.5455623306233063,3
Przemyslaw Perzynski,2026-07-29 15:55:00,1696.1437780373913,160.38588623352985,1.0,0.6551724137931034,0.5887096774193549,9,0.8333333333333334,0.034722222222222224,960,-1,0.625,0.5742444152431012,10
Kulpa Konrad,2025-07-20 11:35:00,1695.3069586577567,195.3069586577567,0.5555555555555556,0.5,0.6052631578947368,4,1.5833333333333333,0.06597222222222222,9,0,0.5454545454545454,0.5454545454545454,-2
Daniel Górak,2023-08-05 18:45:00,1692.728508181057,-151.82535224344224,0.2,0.5254237288135594,0.47413793103448276,9,1.1666666666666667,0.04861111111111111,59,1,0.6129032258064516,0.5245901639344263,1
Jakub Seibert,2024-06-12 00:40:00,1692.0787226154541,-23.292018966089017,0.3,0.3684210526315789,0.4782608695652174,0,0.75,0.03125,314,-3,0.6341463414634146,0.4725274725274725,-2
Patryk Dziuba,2024-02-02 23:55:00,1690.4415661811488,43.74573390475871,0.7,0.5588235294117647,0.5304347826086957,9,0.75,0.03125,219,2,0.5185185185185185,0.5051020408163265,5
Milosz Sawczak Jr,2026-04-02 16:25:00,1685.8280367218704,-55.826327805981464,0.3,0.44,0.42016806722689076,9,0.8333333333333334,0.034722222222222224,626,0,0.5289256198347108,0.5189309576837416,-1
Michał Murawski,2023-11-27 11:40:00,1685.5552775697524,-112.83674558700977,0.3,0.3,0.504424778761062,4,1.1666666666666667,0.04861111111111111,1739,-31,0.39485981308411217,0.45722713864306785,-2
Damian Wojdyła,2023-06-21 23:50:00,1684.0713954594223,-11.582206891696842,0.5,0.45,0.45132743362831856,4,1.1666666666666667,0.04861111111111111,1469,1,0.5,0.4890710382513661,-1
kacper Petaś,2023-07-09 18:40:00,1684.0099498286065,184.00994982860652,0.7777777777777778,0.75,0.6153846153846154,4,1.3333333333333333,0.05555555555555555,9,0,0.6666666666666666,0.7272727272727273,1
Łukasz Nadolski,2023-07-17 17:40:00,1678.2467731172653,5.895970748771106,0.6,0.5,0.5172413793103449,9,1.1666666666666667,0.04861111111111111,398,1,0.5185185185185185,0.64,1
Murawski Michal,2024-09-03 14:35:00,1676.4159671616142,176.41596716161416,0.6666666666666666,0.6666666666666666,0.5714285714285714,4,1.4166666666666667,0.05902777777777778,9,0,0.8333333333333334,0.6363636363636364,4
Karol Kufel,2026-10-03 09:45:00,1675.8931712052488,118.91214079976271,0.9,0.6744186046511628,0.6446280991735537,4,1.25,0.052083333333333336,57,0,0.5714285714285714,0.5769230769230769,1
Piotr Chlodnicki,2026-07-01 15:50:00,1674.9370964971558,7.38904657820558,0.4,0.42857142857142855,0.4344262295081967,10,1.25,0.052083333333333336,1751,-11,0.3375959079283887,0.379746835443038,1
Artur Sobel,2026-10-05 16:40:00,1674.2760560448169,-61.71931972924108,0.6,0.7,0.5317460317460317,9,1.5833333333333333,0.06597222222222222,2729,7,0.5689176688251619,0.5823842065299925,2
Marcin Litwiniuk,2025-04-04 16:25:00,1672.6920933519227,-88.50404133493566,0.2,0.3409090909090909,0.4406779661016949,9,1.6666666666666667,0.06944444444444445,995,0,0.3806818181818182,0.46506986027944114,-2
Kamil Kurowski,2026-07-17 15:50:00,1669.554007224432,12.647008115708331,0.5,0.3953488372093023,0.4444444444444444,10,1.25,0.052083333333333336,165,-3,0.352112676056338,0.38235294117647056,-3
Adrian Spychała,2023-10-27 11:40:00,1667.5097411824506,14.234700866602225,0.5,0.35,0.44537815126050423,4,0.8333333333333334,0.034722222222222224,813,0,0.3935483870967742,0.41651376146788993,-1
Michal Krzyzanowski,2026-08-02 02:20:00,1667.113909518584,-53.466721024874914,0.3,0.125,0.46956521739130436,2,0.75,0.03125,701,0,0.5510204081632653,0.48255813953488375,1
Maciej Podsiadło,2023-12-16 13:30:00,1666.2273237696747,24.225941895845153,0.6,1.0,0.5169491525423728,4,1.5,0.0625,1072,1,0.5443262411347518,0.5662337662337662,4
Mateusz Golębiowski,2023-09-19 12:45:00,1664.9382974932946,164.9382974932946,1.0,1.0,0.7058823529411765,4,1.5833333333333333,0.06597222222222222,4,0,0.8333333333333334,0.8333333333333334,4
Igor Gudilkin,2023-12-26 20:50:00,1664.925296620361,98.50710543275068,0.9,0.5833333333333334,0.5945945945945946,9,1.25,0.052083333333333336,44,1,0.6190476190476191,0.717391304347826,2
Miroslaw Warzecha,2026-09-26 04:20:00,1662.1941467166496,23.956720397922027,0.8,0.7166666666666667,0.6923076923076923,3,0.75,0.03125,1791,23,0.6848101265822785,0.7101990049751243,-1
Krystain Kołodziej,2023-07-15 17:40:00,1660.138816103968,160.1388161039681,1.0,1.0,0.9642857142857143,4,0.8333333333333334,0.034722222222222224,9,0,0.8333333333333334,0.9090909090909091,9
Krzysztof Niemiec,2026-07-06 03:00:00,1659.341948457004,40.477388934043574,0.8,0.7142857142857143,0.556390977443609,3,0.8333333333333334,0.034722222222222224,1246,4,0.3670886075949367,0.47746478873239434,4
Jarosław Tomicki,2023-06-07 17:40:00,1658.8937032906022,-111.2161458542555,0.3,0.5128205128205128,0.47413793103448276,9,0.8333333333333334,0.034722222222222224,94,-2,0.4838709677419355,0.43661971830985913,-3
Jakub Nadolny,2026-10-05 02:35:00,1656.5779788437978,88.9405690084609,0.6,0.6111111111111112,0.5443037974683544,2,1.6666666666666667,0.06944444444444445,18,0,0.7,0.6,1
Maciej Podsiadlo,2024-09-13 18:35:00,1656.464784686681,48.470009956552076,0.5,0.38333333333333336,0.4017857142857143,9,1.5833333333333333,0.06597222222222222,1037,-2,0.35714285714285715,0.4293085655314757,2
Vladisav Ursu,2022-12-19 14:00:00,1656.160801028102,156.16080102810201,1.0,1.0,0.8,4,1.0,0.041666666666666664,4,0,0.8333333333333334,0.8333333333333334,4
Filbrandt Tomasz,2026-01-14 03:30:00,1651.851031554801,110.19241290318018,0.7,0.6,0.5757575757575758,4,0.8333333333333334,0.034722222222222224,16,1,0.6923076923076923,0.6111111111111112,1
Jacek Zelezik,2026-10-01 00:40:00,1646.320206837008,27.294173415472187,0.8,0.6833333333333333,0.6470588235294118,0,0.75,0.03125,754,-1,0.5664739884393064,0.5294117647058824,4
Sebastian Baran,2026-07-11 03:00:00,1645.1910635003028,43.83105029751914,0.8,0.5952380952380952,0.5725806451612904,4,0.4166666666666667,0.017361111111111112,2836,6,0.6122905027932961,0.5779483037156704,8
Adam Dudzicz,2023-03-20 10:50:00,1643.5027619403277,0.26920516609902734,0.5,0.5294117647058824,0.5245901639344263,4,1.0,0.041666666666666664,34,3,0.5238095238095238,0.5277777777777778,-1
Pawel Koziel,2024-06-05 17:50:00,1640.422548527613,0.24790572223309937,0.4,0.5,0.504950495049505,9,0.8333333333333334,0.034722222222222224,24,0,0.45454545454545453,0.5,-1
Przybylik Miłosz,2023-02-21 21:40:00,1640.01060968309,140.01060968309002,0.8888888888888888,0.8888888888888888,0.7575757575757576,3,1.0,0.041666666666666664,9,1,0.6666666666666666,0.6666666666666666,2
Dominik Solilo,2026-10-05 16:20:00,1639.272260480015,-64.97093842034542,0.6,0.5666666666666667,0.5271317829457365,4,0.8333333333333334,0.034722222222222224,576,4,0.5091743119266054,0.4779116465863454,-2
Pawel Gasiorski,2026-09-24 22:00:00,1636.341352810963,63.758022083914284,0.9,0.7586206896551724,0.6341463414634146,4,0.8333333333333334,0.034722222222222224,904,17,0.84375,0.8292682926829268,3
Damian Wojdyla,2023-03-11 21:50:00,1634.6875935858145,109.79258184263495,0.8,1.0,0.6545454545454545,4,1.5,0.0625,14,0,0.8181818181818182,0.75,5
Ktrystian Kolodziej,2025-12-18 22:35:00,1634.4194254514352,134.41942545143525,0.75,0.75,0.7333333333333333,4,1.5833333333333333,0.06597222222222222,4,0,0.6666666666666666,0.6666666666666666,3
Przemyslaw Blocho,2026-10-01 02:35:00,1631.8159275214537,75.74804597235652,0.5,0.43333333333333335,0.4262295081967213,2,1.6666666666666667,0.06944444444444445,2686,0,0.541,0.6320272572402045,3
Mateusz Gołebiowski,2023-03-28 06:10:00,1630.8985569966437,130.89855699664372,1.0,1.0,0.8,4,1.5,0.0625,4,0,0.8333333333333334,0.8333333333333334,4
Marcin Zielinski,2026-10-06 03:50:00,1627.522589277112,35.287166576930986,0.7,0.7,0.575,3,1.3333333333333333,0.05555555555555555,30,0,0.6470588235294118,0.5,-1
Bartosz Czerwiński,2024-02-19 12:05:00,1627.463353284894,-36.98957533395287,0.4,0.0,0.4473684210526316,4,0.8333333333333334,0.034722222222222224,1257,0,0.4230769230769231,0.4824242424242424,-4
Łukasz Pietraszko,2023-12-10 18:35:00,1626.3787444841628,-40.13853055856407,0.6,0.5,0.6050420168067226,4,1.5833333333333333,0.06597222222222222,598,2,0.6637931034482759,0.6993865030674846,1
Kaper Petaś,2023-01-25 14:50:00,1626.0106245867419,126.01062458674187,1.0,1.0,0.6666666666666666,4,1.5,0.0625,4,0,0.8333333333333334,0.8333333333333334,4
Mariusz Sikora,2025-12-28 04:00:00,1625.2748094730246,-34.32928716022502,0.6,0.7241379310344828,0.6134453781512605,4,0.8333333333333334,0.034722222222222224,229,2,0.691358024691358,0.7520661157024794,3
Aleksander Lilien,2026-09-09 16:40:00,1620.6757119422139,98.45044759953407,0.9,0.5666666666666667,0.5254237288135594,9,1.5833333333333333,0.06597222222222222,4759,26,0.5422018348623853,0.5491289198606272,6
Krzysztof Włóczko,2023-10-15 12:00:00,1616.6455173283068,-62.466982255503126,0.2,0.5,0.4774774774774775,4,1.1666666666666667,0.04861111111111111,274,-3,0.4632352941176471,0.39473684210526316,1
Krzysztof Gumiński,2023-10-28 20:00:00,1615.9688052811548,81.72711407982138,0.9,0.875,0.6909090909090909,9,0.8333333333333334,0.034722222222222224,184,2,0.4426229508196721,0.8461538461538461,3
Łukasz Jarocki,2023-10-29 00:20:00,1615.1764768188316,-97.55943295237648,0.4,0.5666666666666667,0.5,0,1.5833333333333333,0.06597222222222222,1832,5,0.5181347150259067,0.45305164319248825,1
Tomasz Kocik,2026-10-03 04:20:00,1613.6050426684947,-109.43261416170549,0.6,0.7692307692307693,0.652542372881356,3,0.75,0.03125,116,-1,0.711864406779661,0.6458333333333334,1
Patr David,2023-08-25 18:45:00,1611.5621506157377,111.56215061573766,0.75,0.75,0.6111111111111112,4,1.1666666666666667,0.04861111111111111,4,0,0.6666666666666666,0.6666666666666666,2
Patryk Lewandowski,2026-06-03 17:10:00,1611.5360145219602,-44.77692473275306,0.0,0.22033898305084745,0.2631578947368421,9,0.6666666666666666,0.027777777777777776,1073,-17,0.3699421965317919,0.3277777777777778,-10
Szymon Brud,2026-10-05 02:10:00,1610.7961172049436,66.97679251814975,0.6,0.574468085106383,0.48333333333333334,1,0.8333333333333334,0.034722222222222224,1424,3,0.4836193447737909,0.38992042440318303,-1
Marcin Litiwniuk,2023-09-10 18:00:00,1609.0484650722074,109.04846507220736,0.4444444444444444,0.0,0.48484848484848486,4,1.1666666666666667,0.04861111111111111,9,0,0.45454545454545453,0.16666666666666666,-4
Lukasz Kapron,2024-11-16 18:45:00,1607.738682188424,-90.78573538635374,0.2,0.3103448275862069,0.38016528925619836,9,1.5833333333333333,0.06597222222222222,329,-5,0.25,0.5242718446601942,-3
Michal0/3 Olbrycht,2026-05-08 03:05:00,1607.3503956551576,107.35039565515763,0.8,0.8,0.5714285714285714,4,0.4166666666666667,0.017361111111111112,5,-1,0.7142857142857143,0.7142857142857143,2
Marcin Marchlewski,2026-10-04 15:50:00,1604.6821416767345,-100.61658109072232,0.6,0.4642857142857143,0.456,9,1.25,0.052083333333333336,2325,7,0.570631970260223,0.42857142857142855,-2
Przemysław Perzyński,2023-09-25 00:45:00,1602.9695061025452,66.79648061007583,0.6,0.48333333333333334,0.4666666666666667,0,1.5833333333333333,0.06597222222222222,204,4,0.47368421052631576,0.44086021505376344,-2
Maksymialian Miastowski,2022-12-01 14:15:00,1602.0532135880462,102.05321358804622,1.0,1.0,0.8571428571428571,4,2.0,0.08333333333333333,4,0,0.8333333333333334,0.8333333333333334,4
Jacek Oracz,2026-10-04 04:00:00,1601.5701517070759,-32.297374638151496,0.6,0.6666666666666666,0.6166666666666667,3,1.25,0.052083333333333336,1127,-4,0.6624548736462094,0.6911764705882353,-1
Felkel Grzegorz,2024-08-19 18:45:00,1600.747736592297,100.74773659229709,0.75,0.75,0.5294117647058824,4,1.1666666666666667,0.04861111111111111,4,0,0.6666666666666666,0.6666666666666666,3
Artur Gromek,2026-10-06 02:35:00,1600.4024407489994,-58.13310883531335,0.1,0.5,0.3389830508474576,2,1.6666666666666667,0.06944444444444445,156,0,0.2857142857142857,0.28431372549019607,-3
Gracjan Kesik,2026-10-02 23:45:00,1599.714327093398,-0.11981207342455491,0.6,0.5208333333333334,0.47107438016528924,8,1.25,0.052083333333333336,781,-3,0.5466101694915254,0.527972027972028,-2
Piotr Szafranek,2026-05-26 15:55:00,1597.5602930074897,-36.50902858009954,0.4,0.55,0.5111111111111111,9,0.8333333333333334,0.034722222222222224,721,1,0.5428571428571428,0.5309352517985612,-2
Marcin Woskowicz,2023-08-01 00:45:00,1597.0324901398344,52.06141370727369,0.4,0.4090909090909091,0.46017699115044247,0,1.5833333333333333,0.06597222222222222,44,-1,0.42857142857142855,0.41304347826086957,-1
Krzysztof Kaczmarek,2024-02-18 17:50:00,1595.6534221715328,32.02943070307333,0.6,0.46938775510204084,0.5299145299145299,9,1.1666666666666667,0.04861111111111111,538,8,0.5695364238410596,0.6207865168539326,1
Jakub Glanowski,2026-10-06 02:10:00,1595.248279744626,79.35621521073972,0.9,0.5833333333333334,0.5210084033613446,2,0.4166666666666667,0.017361111111111112,4241,6,0.4258064516129032,0.44885679903730447,1
Czernik Mateusz,2024-03-08 06:25:00,1594.0278794719895,94.02787947198954,0.75,0.75,0.625,4,0.8333333333333334,0.034722222222222224,4,0,0.6666666666666666,0.6666666666666666,3
Kamil Durak,2026-09-19 04:35:00,1593.8653068121437,39.658590336576026,0.9,0.8205128205128205,0.6554621848739496,3,1.5833333333333333,0.06597222222222222,123,2,0.625,0.6619718309859155,5
Piotr Chłodnicki,2023-10-15 00:45:00,1593.0854503022351,67.041705555926,0.7,0.4915254237288136,0.48623853211009177,0,1.5833333333333333,0.06597222222222222,548,0,0.45180722891566266,0.36585365853658536,-1
Młynarski Filip,2023-08-13 18:25:00,1592.6047311094917,92.6047311094917,0.75,0.75,0.6666666666666666,4,1.5833333333333333,0.06597222222222222,4,0,0.6666666666666666,0.6666666666666666,2
Arkadiusz Żuk,2023-10-31 17:50:00,1592.217944904614,-58.613306485712656,0.2,0.5,0.43636363636363634,4,0.8333333333333334,0.034722222222222224,683,-2,0.4327485380116959,0.4829787234042553,1
Filip Rułka,2023-10-13 20:00:00,1591.9392722273942,-34.618231137471184,0.7,0.6923076923076923,0.7168141592920354,9,0.8333333333333334,0.034722222222222224,52,0,0.7058823529411765,0.8055555555555556,6
Nuchchart Sitisak,2023-03-03 14:50:00,1591.5014551851873,-39.339061612288106,0.2,0.41025641025641024,0.4260869565217391,4,1.5,0.0625,39,-2,0.23809523809523808,0.4146341463414634,-2
Anotni Witkowski,2023-06-06 17:10:00,1591.210001641742,91.21000164174211,0.75,0.75,0.625,4,1.0,0.041666666666666664,4,0,0.6666666666666666,0.6666666666666666,1
Ronit Bhanja,2022-10-24 21:30:00,1591.0683737946738,91.06837379467379,0.6666666666666666,0.6666666666666666,0.5714285714285714,9,1.0,0.041666666666666664,9,1,0.6666666666666666,0.6363636363636364,1
Dariusz Steuer,2023-12-28 20:25:00,1590.7139290318132,39.96226516737511,0.8,0.6590909090909091,0.5737704918032787,9,1.6666666666666667,0.06944444444444445,44,1,0.6451612903225806,0.6521739130434783,-1
Mikołaj Szaliński,2023-12-16 14:00:00,1590.1513608150874,60.63357220404532,0.7,0.5,0.45689655172413796,4,1.0,0.041666666666666664,663,6,0.526829268292683,0.6405405405405405,1
Kamil Nalepa,2024-03-26 11:40:00,1586.579116044238,0.95346992684199,0.2,0.2413793103448276,0.32407407407407407,4,1.1666666666666667,0.04861111111111111,440,-8,0.33640552995391704,0.5172413793103449,-2
Karol Wiśniewski,2024-02-05 00:45:00,1585.4037024934248,-81.25646738962769,0.5,0.25,0.5135135135135135,0,1.1666666666666667,0.04861111111111111,2497,0,0.45685279187817257,0.45984848484848484,-1
Adam Stalzer,2024-06-15 18:00:00,1583.7461801534191,76.98548506686643,0.4,0.2631578947368421,0.3283582089552239,9,1.1666666666666667,0.04861111111111111,19,-1,0.36363636363636365,0.2857142857142857,1
Bartosz Czerwinski,2026-10-02 16:20:00,1583.1825261810511,-114.38628625618912,0.4,0.6333333333333333,0.576271186440678,4,0.8333333333333334,0.034722222222222224,3654,12,0.48964677222898906,0.4789915966386555,-1
Petas Kacper,2025-07-26 16:50:00,1581.9471140064145,81.9471140064145,0.5,0.5,0.5333333333333333,4,1.1666666666666667,0.04861111111111111,4,0,0.5,0.5,-2
Krzystof Kapik,2023-01-31 13:30:00,1581.2848395057085,81.28483950570853,1.0,1.0,0.75,4,1.5,0.0625,4,0,0.8333333333333334,0.8333333333333334,4
konrad Staszczyk,2026-10-02 01:20:00,1580.618720601454,80.61872060145402,1.0,1.0,0.9,2,0.75,0.03125,3,0,0.8,0.8,3
Krzysztof Marcinowski,2026-06-14 04:00:00,1579.1468513009918,-14.915677423729448,0.5,0.5,0.48412698412698413,5,0.4166666666666667,0.017361111111111112,1469,0,0.3760869565217391,0.32618683001531396,-2
Marian Lebek,2026-10-02 10:20:00,1577.7954074408385,124.28238626320535,0.8,0.65,0.631578947368421,8,0.75,0.03125,1934,10,0.6143024618991794,0.5813528336380256,6
Cezary Pawlik,2026-10-04 04:00:00,1577.7429325156245,-11.869533342683553,0.7,0.6,0.5689655172413793,4,0.8333333333333334,0.034722222222222224,705,4,0.5862068965517241,0.5953420669577875,6
Filip3/1 Kujawa,2025-08-13 16:35:00,1577.4022173452465,77.40221734524653,1.0,1.0,0.6666666666666666,4,1.1666666666666667,0.04861111111111111,4,0,0.8333333333333334,0.8333333333333334,4
Marcin Lach,2026-09-27 18:40:00,1576.2586178605552,69.64725731672411,0.9,0.5833333333333334,0.5462184873949579,9,1.5833333333333333,0.06597222222222222,244,6,0.6036036036036037,0.6515151515151515,1
Poliniewicz. Grzegorz,2025-11-09 09:30:00,1575.6722135620228,75.67221356202276,0.8,0.8,0.65,5,1.25,0.052083333333333336,5,1,0.7142857142857143,0.7142857142857143,4
Lukasz Sokolowski,2023-11-08 18:00:00,1575.1547127870517,-47.25129661975802,0.3,0.41379310344827586,0.4485981308411215,9,0.8333333333333334,0.034722222222222224,29,0,0.5,0.2727272727272727,1
Jakub Kwapiś,2023-09-28 18:45:00,1574.3295784072018,-59.197985776212136,0.3,0.4166666666666667,0.32432432432432434,9,1.1666666666666667,0.04861111111111111,298,-4,0.4473684210526316,0.4144144144144144,-3
Kapik Krzysztof,2024-02-07 12:25:00,1573.7287731657168,73.7287731657168,0.75,0.75,0.6666666666666666,4,1.1666666666666667,0.04861111111111111,4,0,0.6666666666666666,0.6666666666666666,2
karol Strowski,2026-08-31 21:40:00,1572.5448480699558,72.54484806995583,0.5,0.5,0.5555555555555556,4,1.1666666666666667,0.04861111111111111,4,0,0.5,0.5,-1
Matuesz Gołębiowski,2023-10-08 12:25:00,1572.1310924645647,72.13109246456474,0.5,0.5,0.5384615384615384,4,0.8333333333333334,0.034722222222222224,4,0,0.5,0.5,-1
Balcerzak Marcin,2024-12-17 16:10:00,1571.7402205647693,71.74022056476929,0.75,0.75,0.6,4,0.75,0.03125,4,0,0.6666666666666666,0.6666666666666666,3
Seibert Jakub,2023-10-31 18:45:00,1571.5028886357047,71.50288863570472,0.5,0.5,0.42857142857142855,4,1.1666666666666667,0.04861111111111111,4,0,0.5,0.5,-2
Michal Minda,2026-10-01 15:55:00,1571.132163244069,-110.8671710965989,0.4,0.45,0.5234375,9,1.25,0.052083333333333336,5033,30,0.5065165876777251,0.4970917225950783,-4
Tomasz Filbrant,2025-11-20 03:30:00,1571.0699136801807,71.06991368018066,0.6,0.6,0.5,4,0.8333333333333334,0.034722222222222224,5,1,0.5714285714285714,0.5714285714285714,1
Mateusz Golebiowsi,2023-11-19 18:45:00,1570.0597481072607,70.0597481072607,0.75,0.75,0.6470588235294118,4,1.5833333333333333,0.06597222222222222,4,0,0.6666666666666666,0.6666666666666666,-1
Rafal Utylski,2026-06-05 15:55:00,1569.8162921098915,-14.033563262066764,0.4,0.4,0.43410852713178294,4,1.25,0.052083333333333336,493,6,0.4146341463414634,0.43455497382198954,-3
Grzegorz Wichowski,2026-10-05 18:20:00,1569.67201475992,36.16036758139035,0.7,0.6833333333333333,0.6991150442477876,9,0.8333333333333334,0.034722222222222224,1728,34,0.6375757575757576,0.6182890855457227,2
Piotr Gumulinski,2026-10-06 01:05:00,1569.394170153906,-63.83551148295601,0.6,0.7333333333333333,0.6484375,0,1.1666666666666667,0.04861111111111111,3756,5,0.515263644773358,0.5465160075329567,1
"Milosz, Jr Sawczak",2024-01-02 23:55:00,1568.3638802900518,68.36388029005184,0.5555555555555556,0.5555555555555556,0.5454545454545454,9,1.1666666666666667,0.04861111111111111,9,0,0.6666666666666666,0.5454545454545454,-1
Sebastian Krupa,2026-09-30 22:00:00,1567.1615603270802,140.44007398997337,0.9,0.65,0.6551724137931034,4,0.8333333333333334,0.034722222222222224,878,-29,0.5012787723785166,0.5159420289855072,1
Ibrahim (TUR) Gunduz,2023-02-13 14:20:00,1566.7989386490635,66.79893864906353,0.5,0.5,0.5,4,1.0,0.041666666666666664,4,0,0.5,0.5,1
Misiak Mateusz,2024-08-19 00:15:00,1565.8391726970012,65.83917269700123,0.75,0.75,0.6875,0,0.8333333333333334,0.034722222222222224,4,0,0.6666666666666666,0.6666666666666666,-1
Robert Olencki,2023-11-08 13:40:00,1564.8687266640732,64.86872666407317,0.7777777777777778,0.7777777777777778,0.6285714285714286,9,1.25,0.052083333333333336,9,1,0.8333333333333334,0.7272727272727273,4
Adam Drzyzga,2023-10-03 13:25:00,1564.1672091711098,64.16720917110979,0.7,0.5,0.6486486486486487,4,1.6666666666666667,0.06944444444444445,10,0,0.5,0.5,3
Patryk Jendrzewski,2026-01-28 03:30:00,1563.7525092525143,63.7525092525143,0.6,0.6,0.65,3,1.25,0.052083333333333336,5,1,0.5714285714285714,0.5714285714285714,-2
Michał Krzyżanowski,2023-09-23 23:55:00,1563.6613415668614,-24.08930189575358,0.4,0.3684210526315789,0.4954954954954955,10,0.75,0.03125,312,-4,0.5606060606060606,0.5190839694656488,-5
Mateusz Burkacki,2026-02-10 15:50:00,1563.287908824384,105.75820753278026,0.8,0.5098039215686274,0.5689655172413793,10,1.25,0.052083333333333336,3165,-6,0.4986449864498645,0.5626992561105207,-1
Spychala Adrian,2025-09-04 16:00:00,1561.6798301033696,61.67983010336957,0.5,0.5,0.5294117647058824,4,1.25,0.052083333333333336,4,0,0.5,0.5,-2
Andriej Fomin,2026-10-04 04:35:00,1561.3671401913912,30.87708871996597,0.8,0.65,0.5423728813559322,3,1.1666666666666667,0.04861111111111111,1003,-1,0.6253298153034301,0.6878048780487804,-1
Milosz Kukawka,2026-10-05 02:35:00,1560.306617113027,-10.32573206650477,0.5,0.47368421052631576,0.5086206896551724,2,0.8333333333333334,0.034722222222222224,821,0,0.6318181818181818,0.6130653266331658,-2
Filp Mlynarski,2023-12-10 18:00:00,1557.5106642677574,57.51066426775742,0.5,0.5,0.5,4,0.8333333333333334,0.034722222222222224,4,0,0.5,0.5,-2
Krysztof Kapik,2023-07-11 00:30:00,1557.1017965421297,57.101796542129705,0.75,0.75,0.6,0,1.0,0.041666666666666664,4,0,0.6666666666666666,0.6666666666666666,1
Jakub Budzyński,2023-10-20 00:50:00,1556.5114206749956,56.511420674995634,0.75,0.75,0.65625,0,1.1666666666666667,0.04861111111111111,8,1,0.6666666666666666,0.7,3
Igor Misztal,2023-03-24 11:20:00,1553.6246821581815,-22.41511914960006,0.4,0.3793103448275862,0.423728813559322,4,1.1666666666666667,0.04861111111111111,34,0,0.2857142857142857,0.5,-1
Jakub Michalczyk,2026-09-06 21:40:00,1551.8870535392573,88.50927289923447,0.7,0.5526315789473685,0.5163934426229508,12,1.1666666666666667,0.04861111111111111,413,-3,0.5071090047393365,0.5254237288135594,2
Fabis Adrian,2024-12-27 23:55:00,1551.0584445487177,51.058444548717716,1.0,1.0,0.6666666666666666,4,1.1666666666666667,0.04861111111111111,4,0,0.8333333333333334,0.8333333333333334,4
Filip Szymański,2023-01-24 13:50:00,1549.2418654157239,49.24186541572385,0.3333333333333333,0.3333333333333333,0.35135135135135137,4,1.0,0.041666666666666664,9,0,0.5,0.36363636363636365,1
Stanislaw Sójka,2023-11-23 20:00:00,1548.78849532,48.78849532000004,1.0,1.0,0.9230769230769231,4,0.8333333333333334,0.034722222222222224,4,0,0.8333333333333334,0.8333333333333334,4
piotr Chodorski,2022-12-13 22:30:00,1548.7800594248583,48.78005942485834,0.5,0.5,0.5,4,2.0,0.08333333333333333,4,0,0.5,0.5,-1
Bartek Gala,2023-10-03 20:50:00,1548.7735865136422,48.77358651364216,0.75,0.75,0.6875,9,1.6666666666666667,0.06944444444444445,8,1,0.6666666666666666,0.7,1
Pawel Polok,2026-10-05 18:40:00,1548.509615940491,99.62854462556288,0.8,0.6333333333333333,0.5714285714285714,9,0.75,0.03125,275,-1,0.5671641791044776,0.6372549019607843,5
Bartomiej Wisniewski,2024-05-25 07:05:00,1548.0308435306752,48.030843530675156,1.0,1.0,0.8,4,0.3333333333333333,0.013888888888888888,4,0,0.8333333333333334,0.8333333333333334,4
Oskar Jedrzejowski,2026-09-19 04:45:00,1547.242054859248,115.93546593174824,0.7,0.48333333333333334,0.5294117647058824,3,1.1666666666666667,0.04861111111111111,238,-1,0.5333333333333333,0.5571428571428572,-1
Kamil Kostyk,2026-09-22 01:20:00,1547.2251135018216,84.93153587962911,0.5,0.3584905660377358,0.5,2,0.75,0.03125,458,-1,0.4927536231884058,0.40654205607476634,-2
Kamil Rudomina,2026-10-05 22:30:00,1545.807007841687,43.13284794664719,0.3,0.4666666666666667,0.46825396825396826,7,1.6666666666666667,0.06944444444444445,5626,6,0.4688449848024316,0.45518453427065025,1
Sebstian Szostok,2025-08-29 10:20:00,1545.758109192611,45.75810919261107,1.0,1.0,0.8,4,1.5833333333333333,0.06597222222222222,4,0,0.8333333333333334,0.8333333333333334,4
Kacper Zajac,2023-12-07 20:00:00,1545.3906949557722,76.5826655668086,0.7,0.5384615384615384,0.591304347826087,9,1.25,0.052083333333333336,39,0,0.5238095238095238,0.5365853658536586,1
Rafal Skotniczny,2026-10-05 18:40:00,1544.9902323154777,-46.52686728958702,0.7,0.75,0.6386554621848739,9,1.5833333333333333,0.06597222222222222,2113,1,0.4842696629213483,0.5096909376636982,1
Gaik Krystian,2025-08-02 15:50:00,1544.3470407056202,73.87208503624424,0.8,1.0,0.5833333333333334,4,1.25,0.052083333333333336,14,0,0.7272727272727273,0.7272727272727273,5
Radosław Chrześcian,2023-10-14 23:55:00,1544.142292018653,62.17656630616375,0.5,0.5185185185185185,0.4473684210526316,10,1.1666666666666667,0.04861111111111111,499,-7,0.49029126213592233,0.44075829383886256,2
Przemyslaw Korzec,2024-07-26 00:20:00,1543.6350469329818,54.20588953424135,0.6,0.6,0.5546218487394958,0,0.75,0.03125,195,-1,0.6761363636363636,0.7009345794392523,1
Maiej Makajew,2023-01-21 03:30:00,1542.056506998465,42.05650699846501,1.0,1.0,0.7058823529411765,2,1.5,0.0625,4,0,0.8333333333333334,0.8333333333333334,4
Jakub Masłowski,2023-10-20 00:20:00,1541.815699095533,-62.05427875786472,0.4,0.4358974358974359,0.5045045045045045,0,1.5833333333333333,0.06597222222222222,604,9,0.46153846153846156,0.44140625,-2
Tomasz Trzaskowski,2024-08-08 06:55:00,1541.270431677111,-139.64803306450062,0.4,0.6166666666666667,0.5855855855855856,4,1.3333333333333333,0.05555555555555555,69,3,0.6078431372549019,0.647887323943662,-1
Piotr Brozek,2026-09-30 16:20:00,1541.0297549741822,-9.280403223320718,0.7,0.64,0.6147540983606558,9,0.8333333333333334,0.034722222222222224,179,1,0.5409836065573771,0.5921052631578947,-1
Filbrandt. Tomasz,2023-06-03 00:30:00,1539.3092923213485,39.309292321348494,0.75,0.75,0.5294117647058824,0,1.3333333333333333,0.05555555555555555,4,0,0.6666666666666666,0.6666666666666666,2
jakub Seibert,2023-09-20 18:15:00,1536.6758809566377,36.675880956637684,0.5,0.5,0.5,4,1.5833333333333333,0.06597222222222222,4,0,0.5,0.5,-1
Alan Kulczycki,2025-10-31 16:00:00,1536.34609773458,33.378378887116014,0.2,0.10344827586206896,0.34146341463414637,9,1.25,0.052083333333333336,29,0,0.125,0.2727272727272727,1
Mirosław Warzecha,2025-01-23 01:05:00,1536.1615365239822,36.16153652398225,0.75,0.75,0.5789473684210527,0,1.5833333333333333,0.06597222222222222,4,0,0.6666666666666666,0.6666666666666666,2
Simon Belik,2026-05-20 16:00:00,1535.9284234574347,71.4219828789096,0.4,0.2,0.3017241379310345,9,0.8333333333333334,0.034722222222222224,404,-1,0.25301204819277107,0.32653061224489793,1
Jakub Lamperski,2026-10-03 02:35:00,1535.4303168294762,37.47579121840363,0.7,0.627906976744186,0.6936936936936937,2,0.8333333333333334,0.034722222222222224,63,2,0.52,0.5961538461538461,2
Bartłomiej Wiśniewski,2023-10-28 04:35:00,1535.0859427531254,-7.331220974393091,0.7,0.7,0.6964285714285714,3,0.8333333333333334,0.034722222222222224,236,1,0.43842364532019706,0.47468354430379744,1
Jakub Witkowski,2026-09-15 21:40:00,1534.7196929244408,-49.71173550791241,0.4,0.3333333333333333,0.42276422764227645,9,0.8333333333333334,0.034722222222222224,1821,0,0.400990099009901,0.34801762114537443,-2
Rafal Niemiec,2026-10-01 18:20:00,1533.9290513861959,17.688613533255193,0.7,0.62,0.6290322580645161,9,0.8333333333333334,0.034722222222222224,280,-1,0.5492957746478874,0.6666666666666666,-1
Rafał Utylski,2023-02-12 05:50:00,1533.0001964068153,-12.259491442980789,0.4,0.4090909090909091,0.40384615384615385,4,1.0,0.041666666666666664,124,1,0.5352112676056338,0.4365079365079365,-2
Radosłąw Malinowski,2023-01-07 14:30:00,1532.9739464170339,32.97394641703386,0.75,0.75,0.6875,4,2.0,0.08333333333333333,4,0,0.6666666666666666,0.6666666666666666,2
Sklensky Miroslav,2025-09-02 10:50:00,1532.8401842254816,32.84018422548161,0.25,0.25,0.35294117647058826,4,1.1666666666666667,0.04861111111111111,4,0,0.3333333333333333,0.3333333333333333,1
Michal Krutak,2026-09-26 04:45:00,1532.3102816293203,22.71637055816541,0.6,0.5510204081632653,0.5537190082644629,3,1.5833333333333333,0.06597222222222222,354,5,0.5911602209944752,0.5759162303664922,-1
Igor Dabrowski,2026-10-03 15:45:00,1532.2209664808906,61.42992845236927,0.6,0.5084745762711864,0.5038759689922481,9,1.25,0.052083333333333336,3062,-7,0.4658273381294964,0.5275387263339071,2
Michała Minda,2023-07-02 18:00:00,1531.0327126069997,31.032712606999667,0.75,0.75,0.6,4,1.5,0.0625,4,0,0.6666666666666666,0.6666666666666666,2
Henryk Tkaczyk,2026-10-06 03:30:00,1531.0262320963843,-36.074966580055616,0.7,0.5666666666666667,0.6403508771929824,3,0.6666666666666666,0.027777777777777776,1675,0,0.672289156626506,0.7391304347826086,1
Adamus. Mariusz,2025-08-18 03:50:00,1530.9171176983764,30.917117698376387,0.7777777777777778,0.7777777777777778,0.6486486486486487,4,0.6666666666666666,0.027777777777777776,9,1,0.8333333333333334,0.7272727272727273,6
Maciej Makajew,2026-10-04 01:20:00,1530.4952423578727,30.254655689043602,0.3,0.29411764705882354,0.42016806722689076,2,0.75,0.03125,1797,-3,0.5537974683544303,0.5579514824797843,2
Grzegorz Poliniewcz,2024-08-27 02:10:00,1529.3997973069202,29.399797306920163,0.75,0.75,0.6428571428571429,1,1.25,0.052083333333333336,4,0,0.6666666666666666,0.6666666666666666,-1
Michał Olbrycht,2023-10-08 23:40:00,1529.298365161544,29.71420670679595,0.6,0.38461538461538464,0.47413793103448276,10,1.1666666666666667,0.04861111111111111,39,0,0.4375,0.5,-2
Bartosz Czerwinśki,2023-02-20 14:10:00,1528.289654715654,28.289654715654024,0.5,0.5,0.42857142857142855,4,1.5,0.0625,4,0,0.5,0.5,1
Piotrowski Tadeusz,2024-08-03 17:50:00,1527.5473569410321,27.54735694103215,0.75,0.75,0.6666666666666666,4,0.8333333333333334,0.034722222222222224,4,0,0.6666666666666666,0.6666666666666666,2
Zbigniew Nocun,2026-10-05 03:45:00,1525.3241754780065,-16.25857270175038,0.6,0.65,0.5609756097560976,3,1.1666666666666667,0.04861111111111111,2237,2,0.6044843049327354,0.5830258302583026,3
Damian Wasilewski,2026-09-27 16:15:00,1524.8502178859696,-15.802916505793746,0.5,0.5263157894736842,0.532258064516129,9,0.8333333333333334,0.034722222222222224,512,0,0.5787037037037037,0.6666666666666666,-1
sebastian Baran,2023-02-19 06:30:00,1524.0032504485853,24.003250448585277,0.75,0.75,0.55,3,2.0,0.08333333333333333,4,0,0.6666666666666666,0.6666666666666666,-1
Tomasz Flibrandt,2023-06-24 11:20:00,1523.1501603966974,23.1501603966974,0.75,0.75,0.6666666666666666,4,1.1666666666666667,0.04861111111111111,4,0,0.6666666666666666,0.6666666666666666,1
Gerasimos Chatziligeroudis,2023-06-21 17:40:00,1523.0971566149535,91.42809985552958,0.5,0.2413793103448276,0.35714285714285715,9,0.8333333333333334,0.034722222222222224,29,0,0.1875,0.5,-2
Tadeusz Piotrowski,2026-10-04 16:20:00,1521.5259825807586,141.59034244849636,0.8,0.54,0.4608695652173913,9,1.6666666666666667,0.06944444444444445,2670,0,0.6122026887280249,0.6248986212489862,4
Knrad Staszczyk,2023-05-11 00:30:00,1520.0833251803876,20.083325180387646,0.5,0.5,0.5,0,1.0,0.041666666666666664,4,0,0.5,0.5,-1
Mateusz Nowalinski,2024-12-14 12:00:00,1520.0660072455305,20.0660072455305,0.25,0.25,0.375,4,1.1666666666666667,0.04861111111111111,4,0,0.3333333333333333,0.3333333333333333,-3
Piotr Zemla,2026-10-04 10:20:00,1519.8146961247792,21.760336291671365,0.7,0.7,0.6666666666666666,4,0.75,0.03125,130,-6,0.7317073170731707,0.6206896551724138,3
Jakub Wożniak,2023-10-10 20:50:00,1519.3927764711395,19.39277647113954,0.7777777777777778,0.7777777777777778,0.6764705882352942,9,1.25,0.052083333333333336,9,1,0.5,0.7272727272727273,-2
Krysztof Kotyl,2024-07-13 06:25:00,1518.1741905844576,18.17419058445762,0.5,0.5,0.5625,4,1.5833333333333333,0.06597222222222222,4,0,0.5,0.5,2
Krzyztof Kotyl,2023-05-31 02:10:00,1517.137788197918,17.1377881979181,0.75,0.75,0.5789473684210527,1,1.5,0.0625,4,0,0.6666666666666666,0.6666666666666666,1
Aleksandder Lilien,2025-03-18 15:55:00,1516.9493441226707,16.94934412267071,0.5,0.5,0.5882352941176471,4,0.8333333333333334,0.034722222222222224,4,0,0.5,0.5,1
Dabrowski Igor,2025-12-02 09:45:00,1516.0942149327932,16.094214932793193,0.5,0.5,0.4117647058823529,4,1.25,0.052083333333333336,4,0,0.5,0.5,-1
Akradiusz Żuk,2023-05-12 11:20:00,1515.8293122710031,15.829312271003118,0.4444444444444444,0.0,0.5,4,0.8333333333333334,0.034722222222222224,9,0,0.45454545454545453,0.45454545454545453,-4
Adam Linek,2026-10-06 02:10:00,1515.2228974824375,27.811456378115736,0.6,0.5,0.4482758620689655,1,0.8333333333333334,0.034722222222222224,4369,-6,0.4518581081081081,0.3959537572254335,-1
Stecyszyn Jakub,2023-09-09 12:45:00,1515.00945797769,15.00945797769009,0.25,0.25,0.35294117647058826,4,1.5833333333333333,0.06597222222222222,4,0,0.3333333333333333,0.3333333333333333,-2
Arkadiusz Zuk,2024-01-24 00:45:00,1514.966992130139,-22.043258160165124,0.3,0.423728813559322,0.44144144144144143,0,1.0833333333333333,0.04513888888888889,184,0,0.39344262295081966,0.3968253968253968,-3
Damian Korczak,2024-06-20 00:20:00,1514.8325533273617,-19.25896553447842,0.2,0.36666666666666664,0.37815126050420167,0,1.25,0.052083333333333336,2425,-37,0.38071065989847713,0.40789473684210525,-2
Paweł Kozieł,2023-04-16 18:10:00,1513.136109592294,-166.4346049073688,0.1,0.4406779661016949,0.4473684210526316,9,1.5,0.0625,124,-6,0.16666666666666666,0.4090909090909091,-8
Miroslaw Lewczuk,2026-10-06 03:10:00,1512.5795971403313,58.80964697381614,0.6,0.5333333333333333,0.5371900826446281,3,0.6666666666666666,0.027777777777777776,1988,0,0.5160256410256411,0.5476190476190477,1
Krzyztof Kapik,2023-01-05 14:30:00,1511.2513702582125,11.251370258212546,0.5555555555555556,0.5,0.5,4,2.0,0.08333333333333333,9,0,0.5454545454545454,0.5454545454545454,1
Mateusz Karpiuk,2026-10-04 04:10:00,1510.8759007240699,-39.555756073532166,0.5,0.6,0.5303030303030303,3,0.75,0.03125,338,2,0.43529411764705883,0.45,-2
Michal Olbrych,2024-07-24 09:30:00,1510.7353816290213,10.735381629021276,0.6666666666666666,0.6666666666666666,0.7,3,0.8333333333333334,0.034722222222222224,3,0,0.6,0.6,-1
Lukuasz Jarocki,2024-10-09 00:40:00,1510.143293037495,10.143293037494914,0.25,0.25,0.35714285714285715,0,0.75,0.03125,4,0,0.3333333333333333,0.3333333333333333,-1
Nocun Zbigniew,2025-01-03 01:05:00,1509.2869373768415,9.286937376841479,0.75,0.75,0.5625,0,1.5833333333333333,0.06597222222222222,4,0,0.6666666666666666,0.6666666666666666,3
Sulkowski Karol,2026-02-21 09:05:00,1509.2653229134328,9.265322913432783,0.6,0.6,0.55,5,0.4166666666666667,0.017361111111111112,5,-1,0.5714285714285714,0.5714285714285714,-1
karol Wisniewski,2025-08-16 22:40:00,1508.907598789027,8.907598789026906,0.25,0.25,0.2857142857142857,4,1.1666666666666667,0.04861111111111111,4,0,0.3333333333333333,0.3333333333333333,1
Błążej Szczepanek,2023-09-24 00:25:00,1508.152376740621,8.152376740621094,0.75,0.75,0.6875,0,0.75,0.03125,4,0,0.6666666666666666,0.6666666666666666,-1
Krystian Gudzik,2026-09-18 04:35:00,1505.5254922767224,83.95788980947941,0.6,0.5,0.4959349593495935,3,1.1666666666666667,0.04861111111111111,129,1,0.45454545454545453,0.5274725274725275,1
Pzemyslaw Korzec,2024-05-12 23:50:00,1505.2891895713299,5.289189571329871,0.5,0.5,0.5,4,0.8333333333333334,0.034722222222222224,4,0,0.5,0.5,1
Artur Zmijewski,2026-10-06 04:00:00,1504.1776508948296,-67.52079616273977,0.4,0.5833333333333334,0.5666666666666667,4,0.8333333333333334,0.034722222222222224,180,3,0.5760869565217391,0.6111111111111112,2
Bartlomiej Skorko,2024-04-19 15:50:00,1503.990812504924,13.891835125523812,0.6,0.5217391304347826,0.5772357723577236,8,1.25,0.052083333333333336,46,3,0.5769230769230769,0.5208333333333334,2
Barlomiej Wisniewski,2026-02-06 04:20:00,1502.5357066675567,2.535706667556724,0.6,0.6,0.5263157894736842,4,0.75,0.03125,10,1,0.5714285714285714,0.5714285714285714,1
Łuasz Sokołowski,2023-02-14 21:10:00,1501.7024934661492,1.7024934661492352,0.25,0.25,0.4375,4,1.5,0.0625,4,0,0.3333333333333333,0.3333333333333333,-2
Barłomiej Gala,2023-10-14 13:00:00,1501.681983789519,1.6819837895191085,0.75,0.75,0.5882352941176471,4,1.25,0.052083333333333336,4,0,0.6666666666666666,0.6666666666666666,1
kamil Kostyk,2025-10-19 10:45:00,1501.667068143305,1.6670681433049594,0.5,0.5,0.47058823529411764,4,1.5833333333333333,0.06597222222222222,4,0,0.5,0.5,1
Marek Tkocz,2026-10-02 04:20:00,1501.5864598913824,40.540099334345996,0.6,0.6,0.5619834710743802,4,1.5833333333333333,0.06597222222222222,1466,-10,0.6200657894736842,0.6521412471825695,-1
Daniel Murawski,2026-04-11 15:55:00,1501.0057154580493,-88.26614807497299,0.4,0.5517241379310345,0.5042016806722689,9,0.8333333333333334,0.034722222222222224,1988,23,0.5449330783938815,0.5178384050367262,1
Frantisek Krcil,2026-10-02 16:40:00,1500.0325347121964,46.9927615113952,0.6,0.43333333333333335,0.4666666666666667,9,1.5833333333333333,0.06597222222222222,1514,1,0.43029259896729777,0.46564885496183206,1
canceled,2026-04-07 10:50:00,1500.0,0.0,0.5,0.5,0.5,4,1.1666666666666667,0.04861111111111111,0,0,0.5,0.5,0
Bartlomiej Mleczko,2026-10-03 15:45:00,1499.9517608643603,6.314323195857469,0.5,0.4406779661016949,0.44,9,0.8333333333333334,0.034722222222222224,1864,7,0.5553571428571429,0.4864864864864865,2
", Tadeusz Piotrowski",2023-09-16 11:40:00,1499.381567163385,-0.6184328366150567,0.5,0.5,0.4666666666666667,4,0.8333333333333334,0.034722222222222224,4,0,0.5,0.5,-1
Stapor Rafal,2026-02-18 03:25:00,1498.8802539995652,-1.1197460004348159,0.6,0.6,0.55,4,0.8333333333333334,0.034722222222222224,5,-1,0.5714285714285714,0.5714285714285714,1
Szymom Radlo,2024-06-30 00:45:00,1497.7678478740474,-2.2321521259525525,0.25,0.25,0.375,0,1.5833333333333333,0.06597222222222222,4,0,0.3333333333333333,0.3333333333333333,-1
Szymon Radlo,2026-02-05 03:00:00,1496.8597360104604,43.480894526239126,0.5,0.43333333333333335,0.4576271186440678,3,0.8333333333333334,0.034722222222222224,3561,5,0.5227272727272727,0.49060671388974436,3
Michal Jurczak,2023-11-19 18:35:00,1496.6362934262715,17.48240880989124,0.6,0.5,0.509090909090909,9,1.5833333333333333,0.06597222222222222,14,-2,0.45454545454545453,0.5,1
Rafal Stapoor,2026-02-22 03:30:00,1495.920340335745,-4.079659664254905,0.4,0.4,0.45454545454545453,3,1.25,0.052083333333333336,5,-1,0.42857142857142855,0.42857142857142855,1
Stanislaw Sojka,2026-10-03 16:40:00,1495.7385888154088,92.35419123509541,0.8,0.6842105263157895,0.5901639344262295,9,1.5833333333333333,0.06597222222222222,144,1,0.6190476190476191,0.7272727272727273,1
Mateusz Burkaci,2024-01-21 12:30:00,1495.4013793295526,-4.598620670447417,0.5,0.5,0.5555555555555556,4,1.5833333333333333,0.06597222222222222,4,0,0.5,0.5,1
Mugowski Arkadiusz,2024-05-20 15:50:00,1495.058956162605,-4.941043837395,0.5,0.5,0.4666666666666667,4,1.25,0.052083333333333336,4,0,0.5,0.5,-1
Sebastain Baran,2023-03-12 14:30:00,1494.6931671000582,-5.30683289994181,0.5555555555555556,0.5,0.5365853658536586,4,2.0,0.08333333333333333,9,1,0.5454545454545454,0.5454545454545454,-1
Jakub Miszkurka,2023-02-12 22:50:00,1494.5104627288333,58.3495414116685,0.3,0.41379310344827586,0.42857142857142855,9,2.0,0.08333333333333333,44,-1,0.5,0.4166666666666667,2
Krzysztof Pawłowski,2023-10-27 13:50:00,1492.8550772078484,69.89979188217217,0.7,0.5833333333333334,0.6074766355140186,4,1.6666666666666667,0.06944444444444445,87,1,0.6341463414634146,0.6619718309859155,1
Grzegorz Mucha,2026-10-05 04:10:00,1492.8112463041925,42.210870399102305,0.6,0.5166666666666667,0.5354330708661418,3,1.5833333333333333,0.06597222222222222,368,2,0.5513513513513514,0.509375,2
Dariusz Swider,2026-10-04 15:55:00,1492.5025363277955,-7.497463672204503,0.6,0.6,0.5681818181818182,9,0.8333333333333334,0.034722222222222224,10,0,0.42857142857142855,0.5,1
Bartłomiej Gala,2023-10-28 20:25:00,1491.871173308315,-12.288276447248563,0.6,0.65,0.6178861788617886,9,0.8333333333333334,0.034722222222222224,107,-1,0.8076923076923077,0.7391304347826086,1
Michal Wandachowicz,2026-07-18 15:50:00,1490.7012006520827,31.170450582549392,0.3,0.2,0.33620689655172414,9,0.8333333333333334,0.034722222222222224,87,0,0.17073170731707318,0.17721518987341772,1
Filip Kujawa,2026-06-28 16:35:00,1489.97855574448,-35.57327797340167,0.4,0.36666666666666664,0.456,4,1.1666666666666667,0.04861111111111111,3395,1,0.4577181208053691,0.5068027210884354,-4
Krzysztof Pawlowski,2025-10-28 04:20:00,1489.610031911504,42.36677341165614,0.6,0.5333333333333333,0.5583333333333333,4,0.75,0.03125,1395,2,0.5031545741324921,0.5110619469026548,1
Kacper Slawinski,2026-10-05 16:20:00,1486.4084393346288,10.02940321122037,0.7,0.6333333333333333,0.5853658536585366,9,0.8333333333333334,0.034722222222222224,3201,0,0.668646080760095,0.5607476635514018,2
Piecowski Miroslaw,2025-10-06 03:00:00,1486.3682275423803,-13.631772457619718,0.4,0.4,0.47619047619047616,4,0.4166666666666667,0.017361111111111112,5,1,0.42857142857142855,0.42857142857142855,-1
Piotr Gumuliński,2025-06-07 06:40:00,1485.5884664130758,-14.411533586924179,0.6666666666666666,0.75,0.6,4,1.5833333333333333,0.06597222222222222,9,0,0.6363636363636364,0.6363636363636364,-1
Mateusz Woskowicz,2026-09-20 15:45:00,1485.4102807600593,26.877444901707804,0.4,0.3181818181818182,0.4296875,6,1.25,0.052083333333333336,264,-1,0.5625,0.5492957746478874,-1
Milosz Sawczak JR,2023-11-18 00:45:00,1485.0591400464516,-14.940859953548397,0.25,0.25,0.35714285714285715,0,1.5833333333333333,0.06597222222222222,4,0,0.3333333333333333,0.3333333333333333,-1
Jaroslaw Badura,2026-10-05 16:20:00,1484.781530485357,51.68444710078097,0.7,0.6388888888888888,0.6271186440677966,9,1.6666666666666667,0.06944444444444445,675,0,0.5957446808510638,0.5294117647058824,2
Patryk Jedrzejak,2026-10-04 18:20:00,1484.277203210083,72.91153909862601,0.8,0.55,0.5517241379310345,9,0.8333333333333334,0.034722222222222224,1344,15,0.6427289048473968,0.6966463414634146,-1
Podsiadło Maciej,2023-08-09 12:05:00,1484.183515906552,-15.816484093448025,0.25,0.25,0.3333333333333333,4,0.8333333333333334,0.034722222222222224,4,0,0.3333333333333333,0.3333333333333333,-3
Radoslaw Malinowski,2026-09-25 23:20:00,1483.1857786335784,9.272187647628925,0.4,0.2777777777777778,0.42016806722689076,8,1.6666666666666667,0.06944444444444445,974,-4,0.47643979057591623,0.41304347826086957,-2
Mateusz Czernik,2026-05-10 22:40:00,1481.2622927527837,-158.9105162329165,0.0,0.36666666666666664,0.40458015267175573,14,1.1666666666666667,0.04861111111111111,1641,0,0.31643625192012287,0.3253588516746411,-12
Bartlomiej Wiśniewski,2023-11-28 00:25:00,1481.0059838978757,-18.994016102124306,0.5,0.5,0.4444444444444444,0,0.75,0.03125,4,0,0.5,0.5,1
Michał Małachowski,2023-10-22 00:45:00,1480.9543485383138,-26.7049323641711,0.4,0.36666666666666664,0.41379310344827586,0,1.5833333333333333,0.06597222222222222,392,-9,0.2962962962962963,0.36312849162011174,-1
Bartek Sulkowski,2026-10-05 16:40:00,1480.6572371210234,-24.447881464882812,0.3,0.4666666666666667,0.3983050847457627,7,1.1666666666666667,0.04861111111111111,1368,-7,0.4583333333333333,0.45343367826904984,1
Jakub Budzynski,2023-11-11 17:50:00,1478.8196129395938,-44.09591413658359,0.5,0.5263157894736842,0.5070422535211268,9,1.1666666666666667,0.04861111111111111,19,0,0.5,0.5238095238095238,-2
Dariusz Szlubowski,2026-10-02 22:05:00,1476.3227933935964,63.52739888765086,0.7,0.5454545454545454,0.5916666666666667,4,1.5833333333333333,0.06597222222222222,673,0,0.64937106918239,0.5454545454545454,-1
Jacek Wieczerzak,2026-09-27 16:20:00,1476.033749996825,13.429763345606716,0.5,0.5166666666666667,0.543859649122807,9,1.6666666666666667,0.06944444444444445,290,-3,0.5405405405405406,0.5504587155963303,1
Adrian Myszewski,2026-10-03 16:10:00,1475.362157705179,-27.7232608687616,0.5,0.55,0.5573770491803278,9,1.6666666666666667,0.06944444444444445,1609,-4,0.4307931570762053,0.5565610859728507,-2
Mirosłąw Piecowski,2023-09-03 11:45:00,1475.3106249346786,-24.68937506532143,0.75,0.75,0.5625,4,0.8333333333333334,0.034722222222222224,4,0,0.6666666666666666,0.6666666666666666,1
Karol Jablonski,2026-09-25 16:40:00,1474.4251246255558,7.717497929476167,0.6,0.5641025641025641,0.5462184873949579,9,1.1666666666666667,0.04861111111111111,284,-1,0.49504950495049505,0.6363636363636364,1
Zochniak Jakub,2024-08-19 18:15:00,1473.5566866136414,-26.443313386358568,0.25,0.25,0.3076923076923077,3,1.5833333333333333,0.06597222222222222,4,0,0.3333333333333333,0.3333333333333333,-1
Oskar Jadach,2026-10-02 15:55:00,1472.8231190361137,19.401225623346136,0.6,0.5666666666666667,0.5934959349593496,9,1.25,0.052083333333333336,3079,18,0.6472114137483788,0.5175438596491229,2
Delikatny Kamil,2025-11-05 00:40:00,1472.677976100896,-27.322023899103897,0.5,0.5,0.5384615384615384,0,1.5833333333333333,0.06597222222222222,4,0,0.5,0.5,2
Piotr Wiciok,2026-10-02 18:20:00,1472.5588427299278,-27.441157270072154,0.5555555555555556,0.5555555555555556,0.4864864864864865,9,1.25,0.052083333333333336,9,-1,0.5,0.5454545454545454,-1
Michal Jozefiak,2026-10-01 10:20:00,1472.4225320779742,164.8487913063625,0.8,0.5172413793103449,0.5083333333333333,9,1.5833333333333333,0.06597222222222222,29,1,0.5454545454545454,0.6190476190476191,3
Bartosz Częrwiński,2023-08-11 12:05:00,1472.411497451397,-27.588502548602946,0.0,0.0,0.2,4,1.5833333333333333,0.06597222222222222,4,0,0.16666666666666666,0.16666666666666666,-4
Mariusz Leczycki,2026-10-06 03:30:00,1471.5321322216757,-28.467867778324262,0.6,0.6,0.525,3,1.3333333333333333,0.05555555555555555,10,0,0.42857142857142855,0.5833333333333334,1
Piotr Sudoł,2023-10-27 12:30:00,1470.0025466124687,54.29295076959488,0.6,0.5,0.5641025641025641,4,1.1666666666666667,0.04861111111111111,209,1,0.4270833333333333,0.4223300970873786,1
FIlip Witczak,2025-09-13 19:05:00,1469.6135722332378,23.812930782228705,0.6,0.5555555555555556,0.48717948717948717,9,1.5833333333333333,0.06597222222222222,19,-3,0.5454545454545454,0.5714285714285714,1
Arkdiusz Mugowski,2023-02-10 14:10:00,1469.560938079831,-30.439061920169024,0.25,0.25,0.35294117647058826,4,1.5,0.0625,4,0,0.3333333333333333,0.3333333333333333,-2
Jarosław Rolak,2023-10-28 17:55:00,1468.1455921355976,45.775506495843956,0.7,0.5333333333333333,0.5338983050847458,4,0.8333333333333334,0.034722222222222224,623,-5,0.325,0.36,1
Aleksander Pilch,2026-09-20 02:35:00,1467.7977015749252,31.79863934569221,0.6,0.5294117647058824,0.4925373134328358,2,0.8333333333333334,0.034722222222222224,17,1,0.4444444444444444,0.6,1
Jakub Cyndera,2026-10-06 04:00:00,1467.4752597693478,27.916052542078205,0.6,0.55,0.5128205128205128,3,1.25,0.052083333333333336,613,-3,0.5629370629370629,0.5954022988505747,2
Damian Fira,2026-10-03 00:40:00,1467.436956098858,61.65867935830647,0.7,0.559322033898305,0.5454545454545454,0,0.8333333333333334,0.034722222222222224,1194,-1,0.42411642411642414,0.387123745819398,6
Piotr Staniszewski,2026-10-04 16:15:00,1467.4148064438596,96.56699554738475,0.6,0.5172413793103449,0.4959349593495935,9,0.8333333333333334,0.034722222222222224,1979,2,0.44894651539708263,0.4657258064516129,2
Marol Wiśniewski,2023-01-23 06:50:00,1466.764376010158,-33.235623989842,0.25,0.25,0.3888888888888889,4,1.5,0.0625,4,0,0.3333333333333333,0.3333333333333333,-1
Michal Kratochvil,2025-07-04 23:35:00,1466.4478310503812,45.34166579106159,0.6,0.6666666666666666,0.47435897435897434,9,1.75,0.07291666666666667,19,0,0.45454545454545453,0.6363636363636364,3
Andrzej Krezel,2026-10-06 03:50:00,1466.3560827860665,-73.92097176677385,0.5,0.65,0.5603448275862069,3,1.0,0.041666666666666664,280,0,0.4953271028037383,0.3488372093023256,-1
Michał Machelski,2025-07-26 22:20:00,1465.716674256764,-34.28332574323599,0.5,0.5,0.4666666666666667,4,0.75,0.03125,4,0,0.5,0.5,-2
Onder Bajger,2023-07-19 18:45:00,1465.515417902503,-34.48458209749697,0.0,0.0,0.29411764705882354,4,1.5833333333333333,0.06597222222222222,4,0,0.16666666666666666,0.16666666666666666,-4
Jaroslav Baca,2026-02-05 04:20:00,1465.1473439341578,108.93207115391215,0.6,0.5,0.5128205128205128,4,0.75,0.03125,306,-1,0.4945054945054945,0.5126353790613718,-1
Oleksandr Tereshscenko,2022-12-26 13:45:00,1465.035582888473,-34.96441711152693,0.5555555555555556,0.5555555555555556,0.4594594594594595,4,2.0,0.08333333333333333,9,0,0.6666666666666666,0.5454545454545454,1
Piotr Maruszak,2026-10-04 15:50:00,1464.6583048599189,53.61382521215137,0.7,0.4339622641509434,0.47058823529411764,9,0.8333333333333334,0.034722222222222224,1996,-7,0.4680365296803653,0.35911602209944754,2
Wojciech Wojtaszczyk,2026-10-04 15:55:00,1462.5503084901866,-50.65129252151792,0.5,0.6333333333333333,0.5391304347826087,9,1.25,0.052083333333333336,870,0,0.6853448275862069,0.6428571428571429,1
Rafal Stapor,2026-10-05 21:40:00,1461.7807625002397,-60.52566156989906,0.4,0.48333333333333334,0.46825396825396826,6,1.1666666666666667,0.04861111111111111,1274,9,0.5824915824915825,0.564066852367688,1
Jakub Jesiek,2026-10-04 16:40:00,1461.716715126663,18.992197161614968,0.6,0.5,0.5258620689655172,9,1.1666666666666667,0.04861111111111111,558,-2,0.5,0.49107142857142855,-1
Pawel Kurek,2026-10-05 01:05:00,1461.656171507389,-13.288799529736934,0.6,0.5666666666666667,0.5378151260504201,0,1.5833333333333333,0.06597222222222222,934,-12,0.5511811023622047,0.45867768595041325,-1
Jakub Skorupa,2026-10-04 04:20:00,1461.1552936607623,4.694567088156418,0.5,0.4666666666666667,0.5042016806722689,4,1.5833333333333333,0.06597222222222222,730,-6,0.5,0.45320197044334976,2
Zbginiew Nocun,2024-07-18 00:20:00,1460.5569461990997,-39.443053800900316,0.4444444444444444,0.4444444444444444,0.4594594594594595,0,0.8333333333333334,0.034722222222222224,9,-1,0.6666666666666666,0.45454545454545453,3
Michał Oracz,2023-11-12 12:50:00,1458.6481145348946,-48.17730676388578,0.5,0.5,0.5272727272727272,4,1.25,0.052083333333333336,14,0,0.5454545454545454,0.5,-3
Bartłomiej Pacia,2024-10-27 18:40:00,1458.1120229097737,-41.887977090226286,0.5555555555555556,0.5555555555555556,0.5675675675675675,9,0.75,0.03125,9,-1,0.5,0.5454545454545454,2
Wojcich Głuszek,2023-03-31 01:50:00,1457.244463559978,-42.75553644002207,0.5,0.5,0.5625,1,1.5,0.0625,4,0,0.5,0.5,2
Mikolaj Olejnik,2026-06-14 16:00:00,1457.0146785093152,84.90245612457556,0.6,0.4411764705882353,0.5,9,1.25,0.052083333333333336,328,0,0.4472049689440994,0.4609375,-1
Ondrej Bajger,2024-12-30 18:15:00,1457.002894116374,-31.208407259474825,0.1,0.1111111111111111,0.19626168224299065,9,1.5833333333333333,0.06597222222222222,349,0,0.19047619047619047,0.4863013698630137,-2
Wojciech Pytlas,2026-10-04 10:45:00,1456.860345719344,71.25763889841278,0.7,0.5,0.504424778761062,4,1.5833333333333333,0.06597222222222222,928,9,0.558,0.5393939393939394,2
MIkołaj Szaliński,2022-11-05 05:30:00,1456.851413372529,-43.148586627471104,0.25,0.25,0.375,4,1.0,0.041666666666666664,4,0,0.3333333333333333,0.3333333333333333,1
Artur Szołtysek,2023-10-28 20:25:00,1456.360094393161,-43.639905606838965,0.4444444444444444,0.4444444444444444,0.47368421052631576,9,1.6666666666666667,0.06944444444444445,9,1,0.6666666666666666,0.45454545454545453,2
wojciech Głuszek,2022-11-16 06:30:00,1456.3124777994362,-43.68752220056376,0.0,0.0,0.25,3,2.0,0.08333333333333333,4,0,0.16666666666666666,0.16666666666666666,-4
Bartosz Such,2022-11-06 05:30:00,1455.582819265106,-44.41718073489392,0.3333333333333333,0.3333333333333333,0.3448275862068966,4,1.0,0.041666666666666664,9,-1,0.5,0.36363636363636365,1
Michal Czernik,2023-11-19 17:50:00,1455.429207136118,-44.570792863881934,0.25,0.25,0.35294117647058826,4,0.8333333333333334,0.034722222222222224,4,0,0.3333333333333333,0.3333333333333333,-2
Mateusz Przybyl,2023-11-14 00:05:00,1455.0014192987978,-44.99858070120217,0.25,0.25,0.375,0,1.25,0.052083333333333336,4,0,0.3333333333333333,0.3333333333333333,1
Jakub Grzegorczyk,2025-02-10 03:45:00,1454.6075996626937,38.962381917924404,0.6,0.5666666666666667,0.49586776859504134,3,1.1666666666666667,0.04861111111111111,1750,5,0.4792408066429419,0.38873994638069703,1
Patryk Gamrot,2026-09-26 19:05:00,1453.7299686484182,164.21956463480433,0.8,0.8888888888888888,0.4696969696969697,9,1.1666666666666667,0.04861111111111111,664,-2,0.4940239043824701,0.5030959752321982,7
Filip Witczak,2026-09-13 19:05:00,1452.1667781495742,-22.385124757677886,0.5,0.55,0.5309734513274337,9,1.5833333333333333,0.06597222222222222,1254,3,0.5675675675675675,0.5798180314309347,1
Jurij Fomin,2023-11-06 20:00:00,1451.45706627767,-48.54293372232996,0.6666666666666666,0.6666666666666666,0.5526315789473685,9,0.8333333333333334,0.034722222222222224,9,-1,0.8333333333333334,0.6363636363636364,4
Bartłomiej Mleczko,2023-10-22 17:55:00,1451.0314666373047,-3.234786501224562,0.6,0.6551724137931034,0.6293103448275862,4,0.8333333333333334,0.034722222222222224,114,-2,0.4426229508196721,0.4954954954954955,2
Batłomiej Mleczko,2023-10-22 12:10:00,1451.0093418479955,-48.99065815200447,0.25,0.25,0.4444444444444444,4,1.5833333333333333,0.06597222222222222,4,0,0.3333333333333333,0.3333333333333333,-1
Aleksander Cichocki,2026-09-27 15:55:00,1450.5372286984766,-165.93755013539908,0.3,0.6666666666666666,0.5641025641025641,9,1.25,0.052083333333333336,213,3,0.5813953488372093,0.6305732484076433,-4
Michał Galas,2023-06-02 12:00:00,1450.5003584834813,-79.08988163715571,0.2,0.3333333333333333,0.4745762711864407,4,1.5,0.0625,1044,-8,0.41386554621848737,0.4112808460634548,-3
Łukasz Strof,2023-10-22 20:50:00,1449.47805516868,21.87109321327216,0.6,0.5862068965517241,0.5210084033613446,9,1.25,0.052083333333333336,29,3,0.5625,0.5806451612903226,1
Jadach Oskar,2025-03-03 03:45:00,1448.8783873131765,-51.12161268682348,0.25,0.25,0.3888888888888889,3,0.75,0.03125,4,0,0.3333333333333333,0.3333333333333333,1
Damian Swieczek,2024-01-27 12:25:00,1448.8068807693048,-51.193119230695174,0.25,0.25,0.3333333333333333,4,1.1666666666666667,0.04861111111111111,4,0,0.3333333333333333,0.3333333333333333,-3
Krzysztof Hetnar,2026-10-02 18:40:00,1448.7133320340156,-32.51860432806802,0.4,0.6,0.584070796460177,9,1.5833333333333333,0.06597222222222222,1544,9,0.5601023017902813,0.5303703703703704,1
Szczepanek. Blazej,2023-12-04 07:05:00,1448.202925250553,-51.79707474944689,0.25,0.25,0.4,4,1.6666666666666667,0.06944444444444445,4,0,0.3333333333333333,0.3333333333333333,-3
Igor Dąbrowski,2023-10-29 00:05:00,1447.696439485172,-42.03021295020767,0.7,0.6440677966101694,0.6017699115044248,0,1.25,0.052083333333333336,298,1,0.44761904761904764,0.512280701754386,-1
Wojciech Głuszek,2025-07-21 15:50:00,1447.5675770246512,3.5584920782168865,0.5,0.5,0.5663716814159292,4,1.25,0.052083333333333336,644,0,0.5,0.5149501661129569,1
Robert Szymik,2026-10-04 00:20:00,1446.2455511042697,-14.011382260836854,0.6,0.6,0.5526315789473685,0,1.25,0.052083333333333336,1884,-6,0.6194331983805668,0.6731707317073171,1
Kaczmarek Jakub,2024-07-01 18:45:00,1446.1862649820637,-53.813735017936324,0.5,0.5,0.47058823529411764,4,0.6666666666666666,0.027777777777777776,4,0,0.5,0.5,2
Szymon Radło,2023-10-28 06:25:00,1446.0658941024224,-46.98292359963693,0.5,0.55,0.45132743362831856,4,1.5833333333333333,0.06597222222222222,2091,-21,0.5515734265734266,0.543046357615894,-1
Krystian Gaik,2026-06-14 22:05:00,1445.9810923029545,-121.261736269121,0.4,0.4444444444444444,0.5365853658536586,4,0.75,0.03125,548,10,0.5206422018348624,0.462406015037594,-2
Jakub Zochaniak,2022-11-05 21:15:00,1445.435253867683,-54.56474613231694,0.25,0.25,0.35714285714285715,4,1.5,0.0625,4,0,0.3333333333333333,0.3333333333333333,-3
Sebastian Szostok,2026-10-05 15:55:00,1443.6044793818864,-29.020379069779665,0.7,0.6166666666666667,0.5655737704918032,9,1.25,0.052083333333333336,2990,22,0.5778816199376947,0.5085714285714286,1
Arkadiuaz Mugowski,2024-07-30 08:40:00,1443.4187637047073,-56.58123629529268,0.0,0.0,0.25,3,0.75,0.03125,3,0,0.2,0.2,-3
Damien Korczak,2023-03-30 12:00:00,1443.013490336969,-56.98650966303103,0.0,0.0,0.2,4,1.1666666666666667,0.04861111111111111,4,0,0.16666666666666666,0.16666666666666666,-4
Kamil Klocek,2026-10-02 21:40:00,1442.5145700747544,73.75045206778805,0.6,0.5166666666666667,0.4918032786885246,7,1.1666666666666667,0.04861111111111111,932,7,0.5317220543806647,0.5544554455445545,1
Fillbrandt. Tomasz,2023-06-27 11:45:00,1442.0480934110558,-57.95190658894421,0.25,0.25,0.4117647058823529,4,0.8333333333333334,0.034722222222222224,4,0,0.3333333333333333,0.3333333333333333,1
Stanisław Sójka,2023-10-27 20:50:00,1441.7234336126512,61.4466515021943,0.6,0.7142857142857143,0.5739130434782609,9,1.25,0.052083333333333336,71,0,0.6470588235294118,0.7068965517241379,3
Aleskander Lilien,2023-07-14 20:45:00,1440.1360680751225,-59.863931924877534,0.25,0.25,0.2857142857142857,4,1.5,0.0625,4,0,0.3333333333333333,0.3333333333333333,-2
Kotyl. Krzysztof,2025-11-29 10:15:00,1438.4234653125725,-61.57653468742751,0.25,0.25,0.375,4,0.75,0.03125,4,0,0.3333333333333333,0.3333333333333333,1
Igor Daborowski,2023-11-12 12:10:00,1438.292909453018,-61.707090546982045,0.25,0.25,0.42105263157894735,4,1.5833333333333333,0.06597222222222222,4,0,0.3333333333333333,0.3333333333333333,-1
Kamil Wodniak,2023-12-27 20:50:00,1437.8476478138973,-52.84311041071669,0.4,0.5789473684210527,0.5039370078740157,9,1.25,0.052083333333333336,58,-2,0.6333333333333333,0.5333333333333333,-2
Paweł Ślosarczyk,2025-06-07 06:40:00,1437.420681045761,-62.57931895423894,0.25,0.25,0.47058823529411764,4,0.75,0.03125,4,0,0.3333333333333333,0.3333333333333333,1
Filip Sikora,2025-08-20 04:20:00,1437.0693760843255,54.10160491517536,0.6,0.627906976744186,0.5284552845528455,5,1.1666666666666667,0.04861111111111111,176,11,0.5897435897435898,0.6666666666666666,1
Pawel Grela,2024-05-11 17:50:00,1436.0602635810378,57.62845182893716,0.6,0.45,0.44954128440366975,11,1.25,0.052083333333333336,310,5,0.46153846153846156,0.47115384615384615,2
Jerzy Pelka,2026-10-05 19:05:00,1434.961456337511,32.89233209089275,0.6,0.5166666666666667,0.5172413793103449,9,1.5833333333333333,0.06597222222222222,1809,14,0.4504881450488145,0.4581218274111675,-1
Bartomiej Mleczko,2026-04-06 16:40:00,1434.4940996926518,-65.50590030734816,0.3333333333333333,0.25,0.3888888888888889,4,1.5833333333333333,0.06597222222222222,9,0,0.3333333333333333,0.36363636363636365,1
Michał Skórski,2023-10-26 20:00:00,1434.467213535509,10.88499801891885,0.6,0.5833333333333334,0.5789473684210527,9,0.8333333333333334,0.034722222222222224,399,-8,0.5238095238095238,0.6666666666666666,2
Michal Guzik,2026-10-05 04:45:00,1434.058441497946,-129.22905374708057,0.4,0.7333333333333333,0.5084745762711864,3,1.5833333333333333,0.06597222222222222,254,0,0.6984126984126984,0.5974025974025974,-2
Michał Minda,2023-10-28 17:40:00,1431.3496753177994,125.7445441570967,0.7,0.45,0.4715447154471545,9,1.1666666666666667,0.04861111111111111,1588,9,0.46987951807228917,0.4774972557628979,1
Robert Kostepski,2026-07-31 16:40:00,1431.3057781101547,28.617099844894938,0.6,0.48333333333333334,0.532258064516129,9,1.1666666666666667,0.04861111111111111,509,8,0.5869565217391305,0.4918032786885246,-1
Kasperski Adam,2025-05-31 05:10:00,1430.3625315877866,-69.63746841221337,0.25,0.25,0.3125,3,0.8333333333333334,0.034722222222222224,4,0,0.3333333333333333,0.3333333333333333,1
Michal Oracz,2026-10-04 18:40:00,1429.019968827262,-26.252524027730942,0.5,0.55,0.5094339622641509,9,0.75,0.03125,1208,4,0.6086956521739131,0.6025,-1
MIchal Machelski,2026-07-24 00:20:00,1427.3718757171036,-72.62812428289635,0.4444444444444444,0.4444444444444444,0.4444444444444444,0,1.25,0.052083333333333336,9,0,0.16666666666666666,0.45454545454545453,-5
Michal Skórski,2022-11-12 03:15:00,1426.7770305243448,-73.22296947565519,0.25,0.25,0.4444444444444444,2,1.5,0.0625,4,0,0.3333333333333333,0.3333333333333333,-1
Jerzy Michalik,2026-10-06 04:20:00,1426.1034046098187,-14.44316992182371,0.4,0.5,0.5,4,1.5833333333333333,0.06597222222222222,2181,-9,0.44799270072992703,0.48032786885245904,1
Adrian Elliasz,2026-02-15 10:10:00,1424.5929882549713,-75.40701174502874,0.3333333333333333,0.25,0.40625,4,1.6666666666666667,0.06944444444444445,9,0,0.3333333333333333,0.36363636363636365,-3
Kacper Nagel,2026-05-21 04:20:00,1422.0875958784657,97.21664117397677,0.6,0.40625,0.4375,4,0.75,0.03125,640,-3,0.40869565217391307,0.3926940639269406,3
Piotr Gesiarz,2026-10-05 22:20:00,1421.3838136918969,45.40625375747959,0.5,0.4666666666666667,0.5166666666666667,4,1.5833333333333333,0.06597222222222222,359,-6,0.4876325088339223,0.45664739884393063,1
Kacper \Ż Makowski,2023-03-11 13:30:00,1420.2439731088905,-79.75602689110951,0.0,0.0,0.25,4,1.5,0.0625,4,0,0.16666666666666666,0.16666666666666666,-4
Yurij Fomin,2026-10-05 18:20:00,1420.0498114220322,79.64702835973003,0.6,0.42,0.4434782608695652,9,1.25,0.052083333333333336,1243,-34,0.47858942065491183,0.47624703087885983,2
Milosz Piecowski,2026-09-13 16:15:00,1419.4292914247817,-11.857516006962214,0.3,0.6333333333333333,0.5121951219512195,9,0.8333333333333334,0.034722222222222224,2324,-2,0.4537987679671458,0.5209302325581395,-1
Akradiusz Mugowski,2023-06-24 17:45:00,1417.8420327559609,-1.6917976032741535,0.6,0.5555555555555556,0.504424778761062,4,1.5,0.0625,29,0,0.6666666666666666,0.6875,2
Lukasz Matlag,2023-12-26 17:55:00,1417.8312534193537,-82.16874658064626,0.3,0.3,0.34285714285714286,10,1.1666666666666667,0.04861111111111111,10,-2,0.5,0.3333333333333333,2
Arkadiusz Mugowski,2026-10-04 01:20:00,1417.6862244507715,-113.54847304688997,0.4,0.4666666666666667,0.4715447154471545,2,0.75,0.03125,7063,3,0.4493564633463906,0.4530571333110591,-3
Piotr Przewlocki,2026-10-05 15:55:00,1416.4601268204624,5.093891566956472,0.5,0.48333333333333334,0.5483870967741935,9,0.8333333333333334,0.034722222222222224,1575,-22,0.4645390070921986,0.49554896142433236,-1
Wojciech Gluszek,2026-09-26 02:35:00,1415.7397337810455,148.9398368836189,0.7,0.36666666666666664,0.5130434782608696,2,1.6666666666666667,0.06944444444444445,4125,1,0.46111111111111114,0.4376657824933687,2
Adam Ruszkiewicz,2026-10-05 04:20:00,1415.0151091287619,109.91092140618912,0.7,0.55,0.5526315789473685,3,0.75,0.03125,1080,-1,0.3588850174216028,0.34651898734177217,2
Andrzej Zamojda,2023-12-01 20:00:00,1413.7404755457349,-86.25952445426515,0.25,0.25,0.3333333333333333,4,0.8333333333333334,0.034722222222222224,4,0,0.3333333333333333,0.3333333333333333,1
Machelski Michal,2026-07-20 10:45:00,1413.381449513701,-86.618550486299,0.25,0.25,0.375,4,1.1666666666666667,0.04861111111111111,4,0,0.3333333333333333,0.3333333333333333,-3
Piotr Sudol,2023-12-15 18:40:00,1412.114203165724,100.82459104046666,0.5,0.3,0.3644067796610169,4,1.5833333333333333,0.06597222222222222,174,-4,0.42105263157894735,0.3684210526315789,1
Ales Rusnak,2026-02-05 04:00:00,1411.4342160480448,-62.789303333509224,0.3,0.4583333333333333,0.4838709677419355,4,0.8333333333333334,0.034722222222222224,279,2,0.44537815126050423,0.4826086956521739,1
Patryk Bielecki,2024-06-14 18:15:00,1410.982877699758,-52.25425701948484,0.0,0.08333333333333333,0.29591836734693877,9,0.8333333333333334,0.034722222222222224,24,-1,0.1875,0.14285714285714285,-10
Michal Natkaniec,2026-09-26 04:20:00,1409.7082948043083,5.126156015089691,0.4,0.358974358974359,0.41739130434782606,4,1.5833333333333333,0.06597222222222222,539,-23,0.33948339483394835,0.35147392290249435,1
Mugowski.Arkadiusz,2023-07-22 05:40:00,1409.0127575742622,-90.9872424257378,0.0,0.0,0.29411764705882354,4,1.1666666666666667,0.04861111111111111,4,0,0.16666666666666666,0.16666666666666666,-4
Pawel Polanski,2026-05-20 01:05:00,1408.8610545742997,45.757544822624595,0.6,0.4411764705882353,0.423728813559322,0,1.1666666666666667,0.04861111111111111,1521,-15,0.5286458333333334,0.512214983713355,-2
Rostislav Niezgoda,2025-06-15 22:30:00,1408.7681284451019,-5.46869947538039,0.6,0.42857142857142855,0.5241935483870968,9,1.1666666666666667,0.04861111111111111,79,1,0.3333333333333333,0.39344262295081966,-1
Mateusz Kalinowski,2026-02-22 21:40:00,1408.5763204595748,-96.74284178980497,0.3,0.3333333333333333,0.4921875,4,1.1666666666666667,0.04861111111111111,259,0,0.5686274509803921,0.4158415841584158,-3
Grzgorz Poliniewicz,2023-05-21 18:00:00,1406.4799285326174,-93.52007146738265,0.0,0.0,0.2,4,1.5,0.0625,4,0,0.16666666666666666,0.16666666666666666,-4
Oliver Vincenec,2026-10-05 16:40:00,1405.0918550835597,136.80073320841188,0.8,0.48333333333333334,0.5040650406504065,9,1.5833333333333333,0.06597222222222222,1685,-4,0.4807121661721068,0.4647887323943662,1
Jan Orszulik,2026-09-26 01:05:00,1405.0651337735849,14.26614485844516,0.6,0.5862068965517241,0.5855855855855856,0,1.1666666666666667,0.04861111111111111,269,1,0.4342105263157895,0.4788732394366197,-1
Krzysztof Kotyl,2026-08-17 10:10:00,1404.9979197885,28.100008151683824,0.4,0.4666666666666667,0.48333333333333334,4,0.8333333333333334,0.034722222222222224,5736,2,0.43010752688172044,0.3664812239221141,-1
Głuszek Wojciech,2022-12-22 02:45:00,1404.985297622786,-95.01470237721401,0.0,0.0,0.2,1,1.0,0.041666666666666664,4,0,0.16666666666666666,0.16666666666666666,-4
Oliwier Gwizdoń,2023-02-07 14:30:00,1402.9974343784734,-97.00256562152663,0.0,0.0,0.07692307692307693,4,1.5,0.0625,4,0,0.16666666666666666,0.16666666666666666,-4
Krzyszof Kotyl,2023-09-03 18:30:00,1402.4871442970714,-97.51285570292862,0.25,0.25,0.3888888888888889,4,1.1666666666666667,0.04861111111111111,4,0,0.3333333333333333,0.3333333333333333,-1
Rafal Glica,2026-08-30 18:40:00,1401.9499303702894,-52.062449387068455,0.4,0.5588235294117647,0.5245901639344263,9,1.5833333333333333,0.06597222222222222,160,1,0.5652173913043478,0.36363636363636365,-3
MIchał Murawski,2022-11-18 13:45:00,1401.353083790773,-98.6469162092269,0.0,0.0,0.25,4,1.0,0.041666666666666664,4,0,0.16666666666666666,0.16666666666666666,-4
Maciej Wisniewski,2024-01-14 18:40:00,1401.1383973597115,-98.86160264028854,0.0,0.0,0.2,4,1.6666666666666667,0.06944444444444445,4,0,0.16666666666666666,0.16666666666666666,-4
Adrian Eliasz,2026-10-04 16:40:00,1400.8762182906378,56.05336261719526,0.7,0.5166666666666667,0.4959349593495935,12,0.75,0.03125,3848,10,0.4484536082474227,0.4381666186220813,1
Pavel Wawrosz,2026-02-05 04:20:00,1400.3001936709143,-75.2621195972888,0.4,0.42857142857142855,0.45454545454545453,5,1.1666666666666667,0.04861111111111111,21,1,0.46153846153846156,0.43478260869565216,-3
Jaorsław Rolak,2023-07-07 01:30:00,1400.0584068589437,-99.94159314105627,0.4444444444444444,0.5,0.4634146341463415,2,0.8333333333333334,0.034722222222222224,9,0,0.5,0.5,1
Mariusz Zwolinski,2026-10-05 15:55:00,1399.3584272488015,41.66516918717912,0.7,0.4666666666666667,0.45081967213114754,9,1.25,0.052083333333333336,761,-5,0.36070381231671556,0.35745296671490595,-1
Przemysław Korzec,2023-10-28 00:05:00,1399.1160355568732,27.33156541119979,0.6,0.7368421052631579,0.6017699115044248,0,1.25,0.052083333333333336,154,6,0.4838709677419355,0.36036036036036034,-1
Jarosłw Rolak,2023-02-11 21:10:00,1398.1546529811133,-101.84534701888674,0.0,0.0,0.3684210526315789,4,1.0,0.041666666666666664,4,0,0.16666666666666666,0.16666666666666666,-4
Blazej Warpas,2026-10-05 10:10:00,1397.6085707096133,19.130281204786115,0.4,0.3333333333333333,0.39473684210526316,4,1.6666666666666667,0.06944444444444445,837,9,0.44680851063829785,0.4829787234042553,1
Slawek Tomsia,2023-12-02 20:00:00,1397.4011431914153,-102.59885680858474,0.2222222222222222,0.2222222222222222,0.37142857142857144,9,0.8333333333333334,0.034722222222222224,9,-1,0.3333333333333333,0.2727272727272727,-1
Paweł Piotrowski,2023-10-27 18:15:00,1396.6304841298015,-32.00644876177694,0.2,0.1111111111111111,0.30973451327433627,9,1.5833333333333333,0.06597222222222222,119,0,0.1935483870967742,0.2786885245901639,1
Rafał Tatraczuch,2023-04-29 12:00:00,1396.4191714998697,-103.58082850013034,0.25,0.25,0.26666666666666666,4,1.5,0.0625,4,0,0.3333333333333333,0.3333333333333333,1
Artur Kubiak,2026-10-06 04:20:00,1394.943396457697,-92.9110862917878,0.3,0.48333333333333334,0.5084745762711864,3,0.75,0.03125,1499,9,0.5403225806451613,0.5354416575790621,1
Witczak Filip,2024-12-31 18:20:00,1394.4746020238879,-105.52539797611212,0.25,0.25,0.3333333333333333,4,0.8333333333333334,0.034722222222222224,4,0,0.3333333333333333,0.3333333333333333,-2
Szymon Skop,2026-06-03 21:40:00,1394.1074428928032,-103.17123949065558,0.1,0.3076923076923077,0.4146341463414634,4,0.75,0.03125,605,-1,0.39204545454545453,0.41810344827586204,-8
Wojciech Urban,2026-10-06 00:40:00,1392.734403833092,66.84595540804162,0.6,0.48333333333333334,0.5039370078740157,0,0.75,0.03125,1748,2,0.39679715302491103,0.46162927981109797,1
Wojciech Iwasyszyn,2026-10-04 16:40:00,1392.1394501475786,-9.853309078672282,0.4,0.4,0.5263157894736842,9,1.1666666666666667,0.04861111111111111,2955,5,0.5440931780366056,0.4045643153526971,1
Kamil Smolka,2026-08-26 18:30:00,1391.0562179913054,-42.082302670756235,0.4,0.5306122448979592,0.5317460317460317,9,1.0,0.041666666666666664,444,10,0.4675925925925926,0.5201793721973094,-1
Jakub Pruszkowski,2026-10-05 16:40:00,1390.8838512112582,-156.55905448647854,0.3,0.65,0.5213675213675214,9,1.1666666666666667,0.04861111111111111,3913,4,0.5824022346368715,0.5726141078838174,-3
Tomasz Bluszcz,2025-11-28 00:20:00,1390.831370568582,1.9347520703624923,0.6,0.5,0.44537815126050423,0,0.8333333333333334,0.034722222222222224,274,-3,0.47019867549668876,0.4935897435897436,-1
Pawel Piotrowski,2023-10-30 00:20:00,1390.596893527897,-109.40310647210299,0.0,0.0,0.06896551724137931,0,1.5833333333333333,0.06597222222222222,9,-1,0.16666666666666666,0.09090909090909091,-9
Marcin Lasota,2023-10-13 20:25:00,1389.8958517123208,26.607641485649765,0.5,0.55,0.5084745762711864,9,1.6666666666666667,0.06944444444444445,125,0,0.6363636363636364,0.6086956521739131,1
Boguslaw Madej,2026-09-30 18:40:00,1389.5528530148008,183.66975125781005,0.9,0.46938775510204084,0.5,9,1.5833333333333333,0.06597222222222222,534,0,0.38961038961038963,0.37339055793991416,4
Skotniczny Rafal,2026-01-09 19:05:00,1389.2403818204104,-110.75961817958955,0.4444444444444444,0.4444444444444444,0.5,9,1.5833333333333333,0.06597222222222222,9,1,0.16666666666666666,0.45454545454545453,-5
Kacper Makowski,2026-10-04 16:15:00,1388.85461940617,19.68375874021808,0.5,0.5,0.4666666666666667,9,1.6666666666666667,0.06944444444444445,941,-2,0.4011299435028249,0.4786885245901639,-1
Michal Durda,2026-10-04 16:20:00,1388.5059880545764,121.02052628959859,0.7,0.47368421052631576,0.43902439024390244,2,1.6666666666666667,0.06944444444444445,297,0,0.6736842105263158,0.7044334975369458,6
Jakub Krawczyk,2026-09-29 21:40:00,1388.2269079114913,-61.11123781561287,0.1,0.15789473684210525,0.4032258064516129,9,0.8333333333333334,0.034722222222222224,455,-2,0.3602941176470588,0.19444444444444445,-9
Jakub Wozniak,2026-09-26 10:05:00,1388.0306874021276,-104.81678432873127,0.2,0.39285714285714285,0.4065040650406504,4,1.6666666666666667,0.06944444444444445,2184,6,0.44153846153846155,0.48756218905472637,-2
Rozum Dawid,2025-06-28 16:35:00,1387.629829547785,-112.370170452215,0.0,0.0,0.07692307692307693,4,1.1666666666666667,0.04861111111111111,4,0,0.16666666666666666,0.16666666666666666,-4
Michal Siwiec,2024-09-02 19:05:00,1386.2223740653283,-18.893724906088437,0.6,0.5517241379310345,0.5344827586206896,9,1.1666666666666667,0.04861111111111111,29,0,0.45454545454545453,0.5483870967741935,1
Radosław Malinowski,2023-10-22 00:25:00,1385.6605124040377,-60.90664333252312,0.4,0.41025641025641024,0.4260869565217391,0,1.5833333333333333,0.06597222222222222,438,2,0.4397163120567376,0.4983922829581994,2
Kacper Kwiatkowski,2026-10-05 03:45:00,1384.9497622674035,-69.09725572167554,0.4,0.4666666666666667,0.48760330578512395,3,0.75,0.03125,330,-2,0.4550898203592814,0.45689655172413796,-1
Michal Paszkiewicz,2026-09-25 16:20:00,1384.7857374716368,-3.0253512766760196,0.5,0.4666666666666667,0.5,9,0.8333333333333334,0.034722222222222224,893,1,0.6885245901639344,0.5573770491803278,-2
Blazej Cioch,2026-07-01 03:00:00,1384.7045684863579,-2.9167112916970837,0.6,0.47619047619047616,0.46875,4,0.4166666666666667,0.017361111111111112,778,0,0.4880174291938998,0.4600262123197903,-2
Grzegorz Marud,2026-09-23 03:45:00,1384.4517153841498,-17.43740669182762,0.5,0.5833333333333334,0.4672131147540984,3,0.75,0.03125,2439,-32,0.4961896697713802,0.6470588235294118,-1
Piotr Kaczynski,2026-09-30 22:45:00,1383.2923553774078,-7.129039068459633,0.5,0.5,0.5,4,1.5833333333333333,0.06597222222222222,404,-8,0.5326460481099656,0.5328083989501312,-1
Artur Szoltysek,2026-10-04 15:55:00,1382.9799499282983,106.83910284919602,0.6,0.4,0.46551724137931033,9,1.25,0.052083333333333336,1194,-1,0.4231536926147705,0.42028985507246375,2
Piotr Ostachowski,2026-10-05 04:45:00,1382.3208710714314,322.4380250434333,0.9,0.2391304347826087,0.40350877192982454,3,1.1666666666666667,0.04861111111111111,93,0,0.25,0.5,9
Jakub Woźniak,2025-07-24 22:30:00,1382.0093244376783,65.0245567104223,0.4,0.5,0.4215686274509804,4,1.5833333333333333,0.06597222222222222,448,10,0.3372093023255814,0.42592592592592593,-2
Mateusz Trela,2026-10-06 01:20:00,1381.741091437011,11.271063240622652,0.5,0.4166666666666667,0.5126050420168067,2,0.75,0.03125,3043,-5,0.5025839793281653,0.49673202614379086,-1
Mateusz Zagajewski,2026-10-04 16:35:00,1381.019666169665,-32.06765916958443,0.2,0.375,0.42016806722689076,9,1.5833333333333333,0.06597222222222222,1584,-3,0.4973637961335677,0.55,-2
Karol Dzida,2026-06-05 16:15:00,1380.9128545510684,-70.7609470973996,0.2,0.47619047619047616,0.45132743362831856,10,0.8333333333333334,0.034722222222222224,155,-4,0.42857142857142855,0.3956043956043956,-3
Korzec Przemysław,2023-09-29 23:55:00,1380.192389688642,-119.80761031135808,0.0,0.0,0.2,4,1.25,0.052083333333333336,4,0,0.16666666666666666,0.16666666666666666,-4
Lukasz Oracz,2026-10-06 01:05:00,1378.5248300846524,44.83981148053249,0.6,0.5333333333333333,0.5299145299145299,0,1.5833333333333333,0.06597222222222222,2148,-5,0.5988372093023255,0.5320388349514563,-1
Jacek Przewocki,2025-08-29 09:05:00,1377.7016809309919,-122.29831906900813,0.0,0.0,0.25,5,0.8333333333333334,0.034722222222222224,5,-1,0.14285714285714285,0.14285714285714285,-5
Fomin Andriej,2025-09-22 10:00:00,1377.404628509179,-62.04877108252958,0.3,0.35714285714285715,0.3877551020408163,4,0.8333333333333334,0.034722222222222224,14,1,0.45454545454545453,0.375,2
Kamil Delikatny,2026-09-24 03:45:00,1375.9833320303053,27.021390026217887,0.4,0.41025641025641024,0.4608695652173913,3,1.1666666666666667,0.04861111111111111,647,-5,0.5046153846153846,0.45161290322580644,3
Bartlomiej Gala,2025-02-15 05:35:00,1375.8289195768264,-26.815771148193335,0.5,0.48717948717948717,0.5491803278688525,4,1.25,0.052083333333333336,424,4,0.48226950354609927,0.5516014234875445,-2
Damian Świerczek,2023-10-26 17:55:00,1375.5199590644188,82.20617569660976,0.5,0.4666666666666667,0.4336283185840708,9,1.1666666666666667,0.04861111111111111,868,-3,0.4393939393939394,0.33127572016460904,1
Michal Wojewodka,2026-04-20 03:25:00,1374.4976406670826,69.13233271344279,0.5,0.40625,0.4380165289256198,4,0.8333333333333334,0.034722222222222224,349,-2,0.49640287769784175,0.49079754601226994,1
Gerasimos Chatzilygeroudis,2024-05-23 11:40:00,1373.2163825338,-54.054222606336,0.0,0.14705882352941177,0.26956521739130435,4,1.1666666666666667,0.04861111111111111,34,0,0.14285714285714285,0.16666666666666666,-17
Kacper Marchlewski,2026-09-23 02:35:00,1372.89303393471,-16.094260239357254,0.5,0.4666666666666667,0.515625,2,0.8333333333333334,0.034722222222222224,1490,-1,0.4509433962264151,0.40326340326340326,1
Mateusz Sikon,2026-10-05 04:20:00,1372.843316242767,-52.44314348962962,0.5,0.6166666666666667,0.5078125,4,1.5833333333333333,0.06597222222222222,481,1,0.453125,0.5632183908045977,-2
Mateusz Gielazyn,2023-11-16 17:55:00,1372.3839860068745,-59.354143286829185,0.5,0.4166666666666667,0.45081967213114754,9,1.1666666666666667,0.04861111111111111,74,1,0.36585365853658536,0.40789473684210525,-4
Krzesirmir Kleszcz,2022-12-24 03:15:00,1371.6473296159277,-128.35267038407233,0.0,0.0,0.29411764705882354,1,2.0,0.08333333333333333,4,0,0.16666666666666666,0.16666666666666666,-4
Błażej Cioch,2023-10-15 00:25:00,1371.5407989414484,10.249620146330471,0.4,0.4444444444444444,0.4260869565217391,0,1.1666666666666667,0.04861111111111111,378,2,0.3900709219858156,0.45652173913043476,-1
Bartlomiej Wisniewski,2026-10-05 09:40:00,1371.4177077018378,-8.81208344963261,0.4,0.4166666666666667,0.4482758620689655,4,1.1666666666666667,0.04861111111111111,4582,-18,0.4632352941176471,0.5048923679060665,1
Bartosz Kwodawski,2026-10-06 02:10:00,1370.8228114507285,2.9187828855292537,0.2,0.16666666666666666,0.40476190476190477,1,0.8333333333333334,0.034722222222222224,1325,-5,0.5507246376811594,0.4173160173160173,-2
Tomasz Pisarczyk,2026-09-27 16:20:00,1370.3458671378305,-46.0526291844792,0.3,0.3684210526315789,0.46774193548387094,9,1.6666666666666667,0.06944444444444445,499,-1,0.4079601990049751,0.3877995642701525,2
Daniel Morawiec,2026-10-03 18:40:00,1370.1604209569828,52.07926164044261,0.5,0.3448275862068966,0.432,9,1.5833333333333333,0.06597222222222222,1560,18,0.6006493506493507,0.5467015022860875,3
Jaroslaw Klamut,2023-12-13 20:25:00,1370.12856191276,24.367498187576075,0.5,0.38461538461538464,0.44166666666666665,9,1.6666666666666667,0.06944444444444445,39,1,0.2857142857142857,0.3902439024390244,1
Piotr Ferenc,2023-09-30 18:25:00,1369.5580517276824,-47.45845135077593,0.3,0.5254237288135594,0.40476190476190477,9,1.1666666666666667,0.04861111111111111,124,0,0.5,0.4132231404958678,-2
Niemiec Rafal,2026-07-24 18:20:00,1368.327527387027,-131.67247261297302,0.3333333333333333,0.3333333333333333,0.38235294117647056,9,1.25,0.052083333333333336,9,-1,0.3333333333333333,0.36363636363636365,-3
Mateusz Baran,2026-10-04 04:45:00,1367.868270268839,-95.52383678647334,0.2,0.48333333333333334,0.5038759689922481,3,1.5833333333333333,0.06597222222222222,189,-1,0.5263157894736842,0.42857142857142855,-2
Marian Brunner,2026-09-30 01:05:00,1367.710405053274,22.0797009311666,0.4,0.3898305084745763,0.4132231404958678,0,1.5833333333333333,0.06597222222222222,1206,-3,0.44601769911504424,0.4606440071556351,-1
Krupa Sebastian,2025-04-21 00:40:00,1366.726872381283,-133.2731276187169,0.4444444444444444,0.4444444444444444,0.4857142857142857,0,1.5833333333333333,0.06597222222222222,9,-1,0.3333333333333333,0.45454545454545453,-3
Mikolaj Stodolica,2025-11-17 04:00:00,1364.6713996807057,-28.524043352842455,0.2,0.19230769230769232,0.3063063063063063,5,0.4166666666666667,0.017361111111111112,148,-2,0.3870967741935484,0.4948453608247423,-5
Mateusz Giełażyn,2023-09-24 11:40:00,1364.0105962721893,-28.482942696316286,0.3,0.3,0.37815126050420167,4,1.1666666666666667,0.04861111111111111,64,-2,0.375,0.34615384615384615,-2
Waldemar Glanowski,2026-10-01 18:20:00,1363.8343974949896,59.62400186571631,0.5,0.34,0.45454545454545453,9,1.25,0.052083333333333336,1696,1,0.34285714285714286,0.5315391084945332,-2
Paweł Stopiński,2023-01-08 21:40:00,1363.718688119669,-136.28131188033103,0.2222222222222222,0.2222222222222222,0.41025641025641024,9,1.0,0.041666666666666664,9,-1,0.5,0.2727272727272727,2
Dawid Gala,2025-02-15 04:45:00,1363.656689033051,57.13079723272267,0.6,0.6666666666666666,0.4224137931034483,4,1.1666666666666667,0.04861111111111111,349,-5,0.3262411347517731,0.3533834586466165,2
Dawid Kotwica,2026-10-01 02:35:00,1362.9249458318063,-57.49328648848473,0.4,0.48333333333333334,0.42016806722689076,2,1.6666666666666667,0.06944444444444445,5516,-2,0.3503683241252302,0.3849171752397559,-2
Wojciech Kotyl,2026-06-08 03:25:00,1362.1179168927079,-63.89556460285303,0.3,0.45,0.49230769230769234,4,0.8333333333333334,0.034722222222222224,945,-3,0.6096866096866097,0.4716981132075472,-3
Karol Sulkowski,2026-10-06 02:10:00,1359.8183424322199,-14.215816565377281,0.5,0.4666666666666667,0.43478260869565216,2,0.4166666666666667,0.017361111111111112,1331,5,0.573170731707317,0.46844181459566075,1
Dawid Pyrek,2026-10-04 04:35:00,1359.7561848760038,24.929443242639763,0.5,0.3333333333333333,0.3739130434782609,3,1.5833333333333333,0.06597222222222222,1128,1,0.4107142857142857,0.4666666666666667,-1
Jiri Skrla,2025-08-20 04:20:00,1359.6423195578832,13.210317832889586,0.4,0.4418604651162791,0.49193548387096775,4,0.75,0.03125,115,-11,0.40384615384615385,0.3815789473684211,-2
Maciej Sinicki,2026-10-03 15:50:00,1358.58898025163,-64.32091263906568,0.4,0.5306122448979592,0.5254237288135594,9,0.8333333333333334,0.034722222222222224,2084,-82,0.4700193423597679,0.42138364779874216,-1
Mariusz Koczyba,2026-10-04 10:20:00,1358.3626454876883,53.68864571290692,0.5,0.5,0.4793388429752066,4,1.5833333333333333,0.06597222222222222,3309,6,0.7147435897435898,0.6954156954156954,1
Krzysztof Juszczyk,2026-10-04 10:45:00,1358.1479665485826,61.26655624150908,0.5,0.55,0.45528455284552843,4,1.1666666666666667,0.04861111111111111,2521,-9,0.4908424908424908,0.5387045813586098,3
Jakub Werner,2023-03-19 05:30:00,1358.1087924662763,117.31524805786489,0.6,0.42105263157894735,0.37168141592920356,4,1.5,0.0625,54,0,0.23076923076923078,0.5625,2
Michal Skorski,2026-10-03 21:40:00,1358.082086203717,-12.688687393313103,0.4,0.48333333333333334,0.5166666666666667,9,0.75,0.03125,3172,3,0.5744897959183674,0.4897713598074609,-2
Tomasz Lojtek,2026-10-03 10:20:00,1357.9429235741022,16.004297881795537,0.5,0.47368421052631576,0.5,4,1.5833333333333333,0.06597222222222222,1604,1,0.18633540372670807,0.47619047619047616,1
Jakub Krzywniak,2023-10-25 18:15:00,1357.2105708336792,-64.0331776043713,0.3,0.3157894736842105,0.34782608695652173,9,0.8333333333333334,0.034722222222222224,19,-1,0.36363636363636365,0.3333333333333333,-6
Adamus. Kacper,2025-11-06 19:05:00,1356.638216746892,-143.3617832531079,0.3333333333333333,0.3333333333333333,0.3939393939393939,9,1.1666666666666667,0.04861111111111111,9,1,0.3333333333333333,0.36363636363636365,-3
Michał Stefaniak,2023-10-23 20:25:00,1355.7857633755264,-54.287557375471806,0.4,0.5294117647058824,0.5161290322580645,4,0.8333333333333334,0.034722222222222224,34,0,0.5238095238095238,0.5277777777777778,-1
Zbigniew Sobkow,2026-09-27 15:55:00,1355.670823573402,-43.961478979586445,0.3,0.38333333333333336,0.48739495798319327,9,0.8333333333333334,0.034722222222222224,139,-3,0.4393939393939394,0.47107438016528924,-1
Sebastian Juzek,2026-09-29 18:20:00,1354.9631940660681,133.69018544445998,0.6,0.42592592592592593,0.4344262295081967,9,1.25,0.052083333333333336,939,-13,0.40617577197149646,0.40960809102402024,-1
Marcin Kowalczyk,2026-10-06 01:20:00,1353.808700002201,88.90475673034143,0.6,0.45,0.47058823529411764,2,0.75,0.03125,2730,0,0.43899018232819076,0.44075829383886256,-3
Damian Swierczek,2024-03-24 23:50:00,1350.1895010183587,25.412928935607624,0.4,0.35,0.4,8,0.8333333333333334,0.034722222222222224,366,-16,0.45652173913043476,0.3804347826086957,-2
Lukasz Bernacki,2026-10-03 15:55:00,1349.41864687015,-102.41131666858541,0.4,0.5084745762711864,0.47863247863247865,9,1.25,0.052083333333333336,1408,-2,0.5039370078740157,0.34285714285714286,-3
Krzysztof Malcher,2026-10-03 04:45:00,1349.3299321869947,63.223054940455995,0.3,0.358974358974359,0.38596491228070173,3,1.1666666666666667,0.04861111111111111,124,-3,0.32786885245901637,0.2682926829268293,-1
Wtold Buczyński,2023-10-25 20:50:00,1348.6975641644997,-151.30243583550032,0.3333333333333333,0.3333333333333333,0.38461538461538464,4,1.6666666666666667,0.06944444444444445,9,0,0.3333333333333333,0.36363636363636365,-1
Miroslaw Piecowski,2026-09-13 16:50:00,1346.9775328938597,-34.48846143578544,0.5,0.43333333333333335,0.504,9,1.3333333333333333,0.05555555555555555,2007,-25,0.4100877192982456,0.43213728549141966,-2
Krzysztof Schaniel,2026-10-02 16:20:00,1346.95209555847,3.4621929369702684,0.5,0.45,0.5076923076923077,9,0.8333333333333334,0.034722222222222224,4112,-4,0.4968789013732834,0.44594594594594594,1
Bartlomiej Szymanek,2024-01-05 19:05:00,1346.4849162045366,47.687599535261825,0.3,0.2222222222222222,0.36752136752136755,4,1.5833333333333333,0.06597222222222222,39,0,0.34615384615384615,0.2926829268292683,-2
Potr Staniszewski,2023-07-02 17:45:00,1346.1369238506416,-153.86307614935845,0.0,0.0,0.0,4,0.8333333333333334,0.034722222222222224,4,0,0.16666666666666666,0.16666666666666666,-4
Marcin Wozniczka,2026-10-03 04:45:00,1345.7646410861503,-31.337841738938323,0.2,0.3103448275862069,0.3644067796610169,3,1.5833333333333333,0.06597222222222222,419,3,0.5204081632653061,0.5665024630541872,1
Mirosław Piecowski,2023-10-22 18:15:00,1345.3584027838176,-21.119963417296958,0.4,0.45454545454545453,0.4583333333333333,9,1.5,0.0625,343,-10,0.4691358024691358,0.4911504424778761,-1
Adam Kasperski,2026-05-11 03:00:00,1345.3318765379286,-43.014772953371676,0.3,0.43333333333333335,0.4166666666666667,4,0.4166666666666667,0.017361111111111112,3556,-45,0.4298863021115322,0.4126984126984127,-2
Bartlomiej Mrugala,2026-09-30 02:35:00,1344.5308841820702,-15.24688974794367,0.4,0.5,0.48333333333333334,2,0.8333333333333334,0.034722222222222224,708,-7,0.4482758620689655,0.49732620320855614,1
Adrian Burkacki,2026-10-01 10:45:00,1343.307392201269,6.420038775580224,0.4,0.41025641025641024,0.4380165289256198,8,1.1666666666666667,0.04861111111111111,380,-3,0.41711229946524064,0.3709677419354839,-1
Bartłomiej Szymanek,2023-02-23 21:10:00,1341.4558858404278,-19.12964640385667,0.3,0.3333333333333333,0.36666666666666664,4,1.0,0.041666666666666664,59,-3,0.2857142857142857,0.24390243902439024,-2
Dariusz Scigany,2025-09-26 01:05:00,1340.6126811339448,-112.63295881355748,0.3,0.6333333333333333,0.5315315315315315,0,1.1666666666666667,0.04861111111111111,1642,31,0.7231788079470198,0.7004830917874396,-1
Oliwier Sokolowski,2026-10-02 10:45:00,1339.654450373525,26.113276209952573,0.5,0.4166666666666667,0.4358974358974359,8,1.1666666666666667,0.04861111111111111,632,-16,0.35987261146496813,0.38686131386861317,-3
Paweł Grela,2023-10-28 06:25:00,1337.5376393409265,9.511199143610611,0.4,0.375,0.45454545454545453,4,1.1666666666666667,0.04861111111111111,442,-10,0.23846153846153847,0.2967032967032967,-1
Wiktor Klag,2025-12-22 03:05:00,1336.3433410645127,-7.399434589654902,0.3,0.2,0.39823008849557523,3,0.8333333333333334,0.034722222222222224,247,-9,0.43243243243243246,0.32673267326732675,-3
Dominik Idaczyk,2026-02-21 16:15:00,1335.777117398805,3.023287013217441,0.3,0.3333333333333333,0.4573643410852713,4,1.6666666666666667,0.06944444444444445,116,0,0.45652173913043476,0.3855421686746988,-3
Marek Bartusik,2024-03-26 18:40:00,1333.5682787420797,23.0834400602198,0.3,0.21428571428571427,0.36752136752136755,4,1.5833333333333333,0.06597222222222222,82,-1,0.2727272727272727,0.33783783783783783,2
Wojciech Gronowski,2026-09-19 16:35:00,1331.2631935407887,-14.107738204735597,0.3,0.3235294117647059,0.4016393442622951,9,1.1666666666666667,0.04861111111111111,1150,-3,0.474,0.452914798206278,-2
Krzysztof Guminski,2026-09-26 22:05:00,1329.1816196406467,7.8071508770308355,0.4,0.4444444444444444,0.3983739837398374,9,0.75,0.03125,877,-2,0.4563106796116505,0.4067796610169492,-1
Dariusz Wrobel,2026-10-03 09:40:00,1326.2848716203332,-108.02235795699517,0.3,0.38636363636363635,0.4444444444444444,4,1.25,0.052083333333333336,1797,-2,0.48863636363636365,0.52099533437014,-3
Kacper Adamus,2026-10-06 00:20:00,1326.2040101075404,-155.38031091558742,0.2,0.48333333333333334,0.4915254237288136,0,1.25,0.052083333333333336,2280,-5,0.6039325842696629,0.566996699669967,-2
Tomasz Wrzalik,2026-08-28 18:20:00,1325.2256270600433,-157.52627849795545,0.2,0.45,0.488,9,1.25,0.052083333333333336,1103,-23,0.4111111111111111,0.4418918918918919,1
Michal Bodnar,2023-12-17 13:00:00,1324.5232578907833,-2.918808298466729,0.3,0.28205128205128205,0.371900826446281,4,0.8333333333333334,0.034722222222222224,59,-1,0.22580645161290322,0.3114754098360656,1
Maciej Wiśniewski,2023-10-23 00:25:00,1324.3965736447994,-140.2101958406447,0.2,0.3684210526315789,0.4155844155844156,0,1.5833333333333333,0.06597222222222222,19,0,0.45454545454545453,0.38095238095238093,-2
Mateusz Przybył,2023-02-09 22:10:00,1323.697949778011,-176.30205022198902,0.0,0.0,0.18181818181818182,9,1.5,0.0625,9,0,0.16666666666666666,0.16666666666666666,-9
Grzegorz Jurowicz,2026-10-02 04:00:00,1322.8427225764735,-57.29058535607851,0.3,0.4,0.3944954128440367,3,1.25,0.052083333333333336,1023,-21,0.4634146341463415,0.37254901960784315,2
Wiktor Ptak,2026-10-01 19:05:00,1320.03992233313,-9.596335917077113,0.3,0.46153846153846156,0.44537815126050423,9,1.5833333333333333,0.06597222222222222,164,0,0.5492957746478874,0.5061728395061729,1
Marek Chybinski,2023-12-31 13:40:00,1319.9067124195158,-102.98882458834578,0.3,0.5,0.5,9,1.25,0.052083333333333336,149,-1,0.4473684210526316,0.39072847682119205,-1
Slawomir Janus,2026-10-05 10:00:00,1319.8855883836002,-22.347524834922524,0.4,0.55,0.47540983606557374,4,1.25,0.052083333333333336,694,13,0.5017182130584192,0.48265895953757226,-4
Aleksander Majchrzak,2024-01-30 23:55:00,1319.157095393786,-43.613482425510256,0.2,0.21428571428571427,0.32456140350877194,9,0.75,0.03125,164,-2,0.17857142857142858,0.2,-6
Jakub Kaczmarek,2026-10-05 19:05:00,1319.1334805309914,-41.22762844838985,0.3,0.45,0.4444444444444444,9,1.1666666666666667,0.04861111111111111,2841,-14,0.40552016985138006,0.3758241758241758,-2
Michal Wodniak,2025-04-12 22:05:00,1318.9592636657749,-159.22560609901916,0.2,0.35714285714285715,0.44680851063829785,4,0.75,0.03125,24,0,0.45454545454545453,0.375,-6
Marek Kowol,2026-08-16 16:15:00,1318.6866382913865,-139.21559789139587,0.2,0.2222222222222222,0.4881889763779528,9,0.8333333333333334,0.034722222222222224,530,-1,0.4520547945205479,0.3851851851851852,-4
Adam Staniczek,2026-10-06 04:45:00,1318.343865970168,-63.30038266450106,0.2,0.36666666666666664,0.453781512605042,3,1.1666666666666667,0.04861111111111111,1602,28,0.34892541087231355,0.31645569620253167,-3
Jakub Nosiadek,2026-09-15 22:05:00,1317.382143025611,-30.206383071687924,0.4,0.4166666666666667,0.432,4,1.5833333333333333,0.06597222222222222,94,-2,0.47058823529411764,0.3541666666666667,-1
Jaroslaw Rolak,2026-10-04 15:55:00,1312.5037626870374,49.141839673842924,0.6,0.43333333333333335,0.45614035087719296,1,1.25,0.052083333333333336,3926,9,0.45588235294117646,0.4993464052287582,-1
Mariusz Baron,2026-10-03 04:10:00,1312.283927289027,-75.50751719757636,0.4,0.4666666666666667,0.464,3,0.75,0.03125,4018,13,0.4298531810766721,0.4690265486725664,-3
Arkadiusz Skupinski,2026-10-02 03:45:00,1311.7375789467078,30.03178469298973,0.4,0.3333333333333333,0.46774193548387094,3,1.1666666666666667,0.04861111111111111,965,-11,0.3920265780730897,0.29411764705882354,-2
Krzysztof Czyrnia,2023-01-18 03:00:00,1310.8868245435524,-108.14012156214812,0.2,0.21428571428571427,0.32727272727272727,1,1.0,0.041666666666666664,14,1,0.2727272727272727,0.25,-4
Paweł Adamus,2023-11-06 20:25:00,1310.8490680888408,135.08870513270676,0.7,0.3673469387755102,0.4444444444444444,4,0.8333333333333334,0.034722222222222224,68,0,0.3333333333333333,0.34285714285714286,1
Dawid Poloszczanski,2026-10-04 02:35:00,1310.7716713792815,-0.47085051318003934,0.3,0.38333333333333336,0.4166666666666667,2,1.6666666666666667,0.06944444444444445,2331,-11,0.21788990825688073,0.3319630010277492,3
Kacper Sławiński,2023-10-29 00:50:00,1310.2599423603792,-5.831256129586336,0.3,0.4318181818181818,0.46956521739130436,0,1.1666666666666667,0.04861111111111111,48,-4,0.45454545454545453,0.43333333333333335,2
Dawid Dytko,2026-10-06 00:20:00,1310.0133223969133,-32.4023978979601,0.4,0.55,0.4745762711864407,0,0.8333333333333334,0.034722222222222224,480,5,0.4583333333333333,0.5555555555555556,-4
Bartosz Sobel,2026-01-01 10:45:00,1309.4020762961084,-87.82284518739152,0.3,0.21428571428571427,0.35714285714285715,8,1.1666666666666667,0.04861111111111111,14,-2,0.3333333333333333,0.25,-3
Kuba Golaszewski,2026-10-06 02:35:00,1307.6570394950766,10.408217855570683,0.5,0.43333333333333335,0.4827586206896552,2,1.6666666666666667,0.06944444444444445,996,3,0.41148325358851673,0.4735632183908046,-2
Daniel Kisielewicz,2023-03-24 18:00:00,1307.5575595218825,-11.513664162697069,0.2,0.23529411764705882,0.28440366972477066,10,1.5,0.0625,69,-1,0.16666666666666666,0.19444444444444445,-5
Pawel Chojnacki,2026-07-28 06:20:00,1306.2236285417684,-10.350773071499134,0.2,0.36666666666666664,0.36752136752136755,8,0.8333333333333334,0.034722222222222224,844,-10,0.42042755344418054,0.3983739837398374,-4
Rafal Wojcik,2026-10-03 18:40:00,1305.8997076289722,22.096571041222887,0.4,0.423728813559322,0.4344262295081967,9,0.75,0.03125,1134,-18,0.43283582089552236,0.43370165745856354,1
Pawel Adamus,2026-10-02 15:55:00,1305.5339038441598,-230.6892443121676,0.1,0.5,0.5083333333333333,9,0.8333333333333334,0.034722222222222224,1327,-18,0.4939759036144578,0.532258064516129,-4
Mateusz Misiak,2026-10-03 16:35:00,1304.596121807087,-142.84300259430734,0.0,0.4067796610169492,0.4426229508196721,9,1.25,0.052083333333333336,6315,-3,0.48558758314855877,0.4864864864864865,-10
Szymon Marciniak,2023-01-06 14:50:00,1303.96582503496,-72.18599502856091,0.0,0.13793103448275862,0.25925925925925924,4,1.5,0.0625,29,-1,0.125,0.16129032258064516,-13
Adam Pokorny,2025-06-14 22:30:00,1302.926261015018,-89.09334831342653,0.3,0.3902439024390244,0.45614035087719296,9,1.1666666666666667,0.04861111111111111,61,0,0.3225806451612903,0.16666666666666666,-4
Rudolf Steuer,2023-10-16 20:25:00,1302.7225671526521,-197.27743284734788,0.2222222222222222,0.2222222222222222,0.25,9,1.6666666666666667,0.06944444444444445,9,-1,0.3333333333333333,0.2727272727272727,-1
Rafał Tatarczuch,2023-04-30 17:10:00,1301.6365013436869,-159.5827579603665,0.2,0.21428571428571427,0.3559322033898305,9,1.0,0.041666666666666664,14,0,0.2727272727272727,0.25,-3
Piotr Strus,2026-10-05 21:40:00,1301.2238401658656,-35.7098014194396,0.3,0.4166666666666667,0.4628099173553719,4,0.75,0.03125,2079,-11,0.44819819819819817,0.39161554192229037,2
Pawel Slosarczyk,2026-10-02 19:05:00,1298.383974459113,8.924648263168592,0.3,0.3333333333333333,0.4166666666666667,9,1.1666666666666667,0.04861111111111111,1228,-2,0.3582089552238806,0.2774566473988439,-1
Bartłomiej Skórko,2023-10-27 00:45:00,1297.2330306476501,-99.68074500199214,0.1,0.20689655172413793,0.3055555555555556,0,1.5833333333333333,0.06597222222222222,29,0,0.09090909090909091,0.23076923076923078,-4
Mikolaj Lukaszewski,2026-10-05 10:10:00,1297.1103111865475,-8.86178590076156,0.4,0.36666666666666664,0.42735042735042733,4,0.8333333333333334,0.034722222222222224,2426,-9,0.4279835390946502,0.43287037037037035,-2
Maciej Karmoliński,2023-03-20 06:20:00,1294.1304319881478,-60.76162045294177,0.2,0.20689655172413793,0.32407407407407407,3,1.0,0.041666666666666664,29,0,0.16666666666666666,0.2857142857142857,-5
Michal Wolny,2026-10-05 10:45:00,1293.34558071105,-16.777569352746468,0.2,0.32608695652173914,0.40869565217391307,4,1.5833333333333333,0.06597222222222222,1276,4,0.6056338028169014,0.4896810506566604,-1
Michal Machelski,2026-10-06 04:45:00,1290.44312613923,-11.434809169506707,0.2,0.35,0.4098360655737705,3,1.5833333333333333,0.06597222222222222,1324,-28,0.38271604938271603,0.4074074074074074,-4
Rafał Skotniczny,2023-11-01 12:50:00,1288.4947446406948,-120.07324023603223,0.3,0.41935483870967744,0.43859649122807015,4,0.8333333333333334,0.034722222222222224,31,0,0.4,0.3333333333333333,1
Piotr Krukar,2026-10-04 16:20:00,1285.5182926179123,-111.42872838533367,0.3,0.37777777777777777,0.5,10,0.8333333333333334,0.034722222222222224,45,0,0.3333333333333333,0.3829787234042553,-2
Błażej Szczepanek,2023-11-01 13:40:00,1283.4183404484006,13.468993187698516,0.4,0.4,0.44537815126050423,4,1.25,0.052083333333333336,126,0,0.3333333333333333,0.3333333333333333,-1
Łukasz Matląg,2023-10-27 00:05:00,1283.0120213668213,84.48396158593755,0.6,0.6,0.39473684210526316,0,1.25,0.052083333333333336,61,-3,0.4230769230769231,0.3958333333333333,-2
Roman Wiza,2026-10-04 01:05:00,1282.3817083554,-30.101109462407294,0.4,0.4666666666666667,0.44036697247706424,0,1.5833333333333333,0.06597222222222222,2212,0,0.44653465346534654,0.3839368616527391,-1
Jacek Przewlocki,2026-10-06 02:35:00,1280.190685561309,-37.02251318829917,0.2,0.31666666666666665,0.4180327868852459,2,0.8333333333333334,0.034722222222222224,2045,-3,0.453125,0.39983779399837793,-3
Adam Ramenda,2023-09-09 23:40:00,1280.082586191417,-144.91753507411659,0.3,0.4583333333333333,0.48739495798319327,9,1.1666666666666667,0.04861111111111111,74,0,0.5238095238095238,0.4605263157894737,-2
Lukasz Strof,2023-12-28 20:50:00,1279.9696212319523,-30.250898954177046,0.2,0.2631578947368421,0.3333333333333333,9,1.25,0.052083333333333336,49,-2,0.19230769230769232,0.2549019607843137,-5
Marek Kaczorek,2023-10-23 20:25:00,1279.0261217543052,-12.51203543137126,0.5,0.41025641025641024,0.4224137931034483,9,1.6666666666666667,0.06944444444444445,39,0,0.5238095238095238,0.4146341463414634,2
Michał Wodniak,2023-09-25 00:25:00,1277.7178959051253,-199.67624037493624,0.2,0.23076923076923078,0.34615384615384615,0,1.5833333333333333,0.06597222222222222,13,-2,0.2727272727272727,0.26666666666666666,-2
Wojciech Chrząszcz,2023-06-16 01:50:00,1277.2227476926196,-171.80727512835665,0.2,0.21428571428571427,0.35714285714285715,1,0.8333333333333334,0.034722222222222224,14,-1,0.25,0.25,-3
Igor Franc,2024-01-21 18:40:00,1276.5552273765663,-34.04650070938533,0.1,0.21428571428571427,0.4140625,5,1.6666666666666667,0.06944444444444445,64,1,0.2777777777777778,0.24242424242424243,1
Maciej Malecha,2026-10-04 18:40:00,1276.437554129804,46.0228234102417,0.5,0.5,0.38461538461538464,9,1.5833333333333333,0.06597222222222222,439,-4,0.4507042253521127,0.49868766404199477,-3
Wojciech Tobiasz,2026-09-28 18:40:00,1271.096213519297,-33.64487224330924,0.3,0.3220338983050847,0.40476190476190477,9,0.75,0.03125,1507,1,0.42419825072886297,0.44542124542124545,1
Adrian Fabis,2026-08-15 02:35:00,1271.0482845855324,-29.547674818948735,0.4,0.45,0.452991452991453,2,1.6666666666666667,0.06944444444444445,3775,0,0.5095039406583217,0.5222984562607204,-1
Damian Stepien,2025-09-15 22:20:00,1268.3200497344399,-192.7023152109698,0.1,0.14285714285714285,0.26,4,1.5833333333333333,0.06597222222222222,14,-2,0.18181818181818182,0.1875,-7
Mariusz Adamus,2026-10-05 04:00:00,1268.2639216775426,-44.51671843203849,0.2,0.4166666666666667,0.36363636363636365,4,0.8333333333333334,0.034722222222222224,3399,5,0.4718196457326892,0.48103186646433993,1
Igor Szymanski,2026-10-04 19:05:00,1266.862091033313,90.81121643229949,0.4,0.31666666666666665,0.43103448275862066,9,1.1666666666666667,0.04861111111111111,459,-12,0.2585034013605442,0.25,-3
Milosz Cesarz,2026-10-02 16:40:00,1265.4974145905564,157.0395002200671,0.5,0.3076923076923077,0.3706896551724138,9,1.5833333333333333,0.06597222222222222,767,-12,0.3548387096774194,0.3787878787878788,3
Dawid Jendrysik,2026-08-30 10:20:00,1265.36623626937,-10.321445806491738,0.4,0.42105263157894735,0.43478260869565216,4,1.5833333333333333,0.06597222222222222,668,-2,0.3950617283950617,0.4090909090909091,-3
Damian Marciniak,2022-10-31 05:15:00,1264.57546222104,-116.2608062209606,0.1,0.1111111111111111,0.1774193548387097,3,1.5,0.0625,18,0,0.2727272727272727,0.15,-3
Mateusz Repke,2022-11-13 05:45:00,1263.5595395570165,-44.85168914806172,0.2,0.2647058823529412,0.3644067796610169,3,1.0,0.041666666666666664,34,0,0.25806451612903225,0.2692307692307692,-3
Wacław Suchecki,2023-10-28 20:50:00,1262.4804862223211,-5.389199189969304,0.3,0.3333333333333333,0.2872340425531915,9,1.6666666666666667,0.06944444444444445,24,1,0.16666666666666666,0.36363636363636365,-4
Witold Buczynski,2026-10-04 16:20:00,1262.3229010746873,0.46605333404841076,0.5,0.36666666666666664,0.45454545454545453,9,0.8333333333333334,0.034722222222222224,2642,-3,0.39118705035971224,0.33191489361702126,-2
Michal Skuril,2026-09-22 15:55:00,1260.4508509723596,-66.60194777460629,0.2,0.41379310344827586,0.4628099173553719,9,0.8333333333333334,0.034722222222222224,59,1,0.3225806451612903,0.4098360655737705,-7
Jakub Nowak,2026-10-05 00:20:00,1252.3702039230357,-64.52675403486433,0.4,0.36666666666666664,0.424,0,1.25,0.052083333333333336,3322,-11,0.385286783042394,0.3911750123946455,-1
Mateusz Szczepanski,2026-02-12 10:45:00,1251.9821849733976,-81.2699428472315,0.3,0.4,0.44545454545454544,8,1.1666666666666667,0.04861111111111111,690,4,0.47345132743362833,0.5183098591549296,2
Maciej Wernicki,2023-10-27 00:25:00,1249.9001305487513,-65.19441744440337,0.3,0.2608695652173913,0.3258426966292135,0,0.75,0.03125,23,-3,0.2857142857142857,0.28,2
Andrzej Szurgot,2026-10-05 04:10:00,1248.6652089429954,33.374435250113265,0.3,0.25,0.38461538461538464,3,0.75,0.03125,138,-2,0.17777777777777778,0.25609756097560976,-4
Patryk Mecik,2026-10-03 10:20:00,1248.6336656695253,-106.61857134017805,0.3,0.35,0.39090909090909093,4,0.75,0.03125,2276,-1,0.40651387213510254,0.40186915887850466,-3
Rafal Idaczyk,2026-10-04 16:20:00,1247.6658221663038,-91.83902672594718,0.2,0.5,0.43548387096774194,9,1.6666666666666667,0.06944444444444445,2043,3,0.39384615384615385,0.43795620437956206,-6
Aleksander Szydlo,2026-08-14 04:45:00,1247.5135160903887,-133.91509926654385,0.2,0.2222222222222222,0.4297520661157025,3,1.1666666666666667,0.04861111111111111,159,1,0.39285714285714285,0.4788732394366197,-4
Rafal Komandzik,2026-09-11 10:20:00,1244.9405538096153,-58.06736485486749,0.2,0.15789473684210525,0.2777777777777778,8,0.75,0.03125,19,0,0.5,0.19047619047619047,1
Michal Stefaniak,2023-12-29 13:00:00,1243.3046857883696,-68.53676767340153,0.1,0.3409090909090909,0.36036036036036034,4,1.25,0.052083333333333336,74,0,0.3170731707317073,0.35526315789473684,-1
Waclaw Suchecki,2026-10-04 15:55:00,1239.4656069281082,-8.163197200324475,0.4,0.3125,0.4344262295081967,2,0.8333333333333334,0.034722222222222224,811,-9,0.4,0.3818770226537217,-1
Łukasz Bernacki,2023-10-22 20:25:00,1238.3660149747377,92.34441469459694,0.5,0.35,0.42105263157894735,10,0.8333333333333334,0.034722222222222224,110,-5,0.2727272727272727,0.38095238095238093,-3
Roman Piechnik,2026-09-27 18:20:00,1236.9641993277512,-71.85078429315763,0.2,0.32653061224489793,0.3508771929824561,9,0.8333333333333334,0.034722222222222224,69,1,0.3611111111111111,0.37254901960784315,-2
Mateusz Kaszuba,2023-02-25 22:10:00,1236.0614753635064,-77.94590924717704,0.2,0.0,0.2830188679245283,4,2.0,0.08333333333333333,29,1,0.09090909090909091,0.09090909090909091,-5
Rafal Gajda,2026-09-30 18:20:00,1234.2620434843323,-154.8364034199078,0.2,0.4666666666666667,0.48412698412698413,9,0.8333333333333334,0.034722222222222224,853,-2,0.5024038461538461,0.509375,1
Oskar Sokolowski,2026-10-03 16:40:00,1233.3762754937845,-34.70974583609927,0.2,0.3,0.37815126050420167,9,1.1666666666666667,0.04861111111111111,419,-1,0.3958333333333333,0.36764705882352944,-4
Roman Wiża,2023-10-21 20:50:00,1230.3140333547722,-177.34198342648392,0.0,0.3673469387755102,0.39655172413793105,9,1.25,0.052083333333333336,49,-1,0.34615384615384615,0.37254901960784315,-10
Jakub Baranowski,2025-12-27 21:40:00,1230.284071913222,-30.401959284323993,0.2,0.32653061224489793,0.34959349593495936,4,1.1666666666666667,0.04861111111111111,148,-2,0.2786885245901639,0.30612244897959184,-1
Jerzy Debski,2026-08-16 04:20:00,1226.7665242577984,-52.186658546531135,0.2,0.3,0.38524590163934425,4,1.5833333333333333,0.06597222222222222,139,1,0.30985915492957744,0.1935483870967742,-4
Lukasz Pyda,2026-08-30 04:20:00,1215.0196058510703,26.285384211010978,0.3,0.2,0.3247863247863248,3,0.75,0.03125,585,-61,0.2264808362369338,0.22241992882562278,-4
Jakub Michalski,2026-10-03 01:00:00,1214.492839466898,-6.312120957663183,0.3,0.30612244897959184,0.40540540540540543,0,1.1666666666666667,0.04861111111111111,2876,3,0.41161290322580646,0.4127609294998031,-3
Jarosław Klamut,2023-10-27 20:25:00,1207.6149851492648,-51.83655332171611,0.2,0.35,0.38461538461538464,9,0.8333333333333334,0.034722222222222224,107,-9,0.4444444444444444,0.3853211009174312,-3
Stanislaw Wnek,2026-09-05 02:10:00,1207.233909427962,-18.091160136277722,0.3,0.30357142857142855,0.3103448275862069,2,0.4166666666666667,0.017361111111111112,1755,0,0.497907949790795,0.4749034749034749,-2
Sebastian Bąk,2023-03-19 21:10:00,1205.9742697803567,-48.732595634528934,0.4,0.3448275862068966,0.452991452991453,9,1.5,0.0625,64,-2,0.36363636363636365,0.3333333333333333,1
Marcin Chudy,2023-03-05 13:40:00,1205.700689129605,-29.78074020592112,0.4,0.25,0.3958333333333333,4,1.0,0.041666666666666664,24,0,0.375,0.2857142857142857,3
Waldemar Jozala,2026-10-04 10:00:00,1204.9891594252642,-29.904412220573704,0.3,0.3142857142857143,0.3706896551724138,4,1.25,0.052083333333333336,904,-1,0.4931506849315068,0.3805668016194332,-3
Jakub Skwierz,2025-09-07 16:35:00,1204.0552572220838,-58.10754738345372,0.2,0.19230769230769232,0.2857142857142857,9,1.5833333333333333,0.06597222222222222,26,-2,0.2727272727272727,0.22727272727272727,-1
Michal Kumor,2026-10-06 03:10:00,1199.467025484798,-89.1861553565509,0.2,0.5,0.44166666666666665,3,1.0,0.041666666666666664,1445,0,0.2958801498127341,0.08333333333333333,-2
Jakub Kuźmicz,2023-01-02 06:00:00,1198.839464504195,-51.62393525857806,0.0,0.14285714285714285,0.2905982905982906,4,2.0,0.08333333333333333,49,-2,0.19047619047619047,0.15217391304347827,-10
Dawid Połoszczański,2023-10-28 12:30:00,1198.3757722231744,-120.96195490251421,0.1,0.37037037037037035,0.35,4,1.5833333333333333,0.06597222222222222,781,-11,0.462406015037594,0.4352409638554217,-6
Dariusz Maszczynski,2026-10-05 22:00:00,1196.202251132352,54.28814926118548,0.3,0.21666666666666667,0.3416666666666667,9,0.8333333333333334,0.034722222222222224,481,-34,0.18421052631578946,0.19444444444444445,1
Krzysztof Piotrowski,2023-04-22 17:10:00,1191.2587348690845,-166.54211589542638,0.1,0.05263157894736842,0.13846153846153847,9,1.0,0.041666666666666664,19,-2,0.09090909090909091,0.0625,-9
Grzegorz Sawicki,2026-10-05 04:00:00,1188.0210128327137,-46.413282029355514,0.2,0.45,0.39655172413793105,3,1.25,0.052083333333333336,1795,-5,0.4437194127243067,0.3828125,1
Dawid Rozum,2026-06-14 22:05:00,1181.9908445874212,-112.37071185382433,0.1,0.0,0.3728813559322034,4,1.5833333333333333,0.06597222222222222,124,-10,0.18421052631578946,0.19642857142857142,-9
Dariusz Dosz,2023-09-15 18:40:00,1181.3960825988715,-92.29560258110291,0.1,0.20588235294117646,0.2962962962962963,9,1.5833333333333333,0.06597222222222222,34,-3,0.23809523809523808,0.2222222222222222,-7
Witold Nowakowski,2023-12-20 20:50:00,1181.130226102273,-134.65864704688852,0.1,0.20833333333333334,0.3181818181818182,9,1.25,0.052083333333333336,24,0,0.25,0.23076923076923078,-3
Slawomir Tomsia,2025-04-27 19:05:00,1179.7532656170702,52.03862404878282,0.3,0.3448275862068966,0.42016806722689076,9,1.1666666666666667,0.04861111111111111,209,-6,0.3902439024390244,0.36318407960199006,1
Rafal Adach,2026-09-28 04:00:00,1178.3809474194081,21.008868219591704,0.3,0.26666666666666666,0.33035714285714285,4,0.8333333333333334,0.034722222222222224,634,4,0.5211864406779662,0.2777777777777778,1
Bogdan Piecowski,2024-03-31 17:50:00,1175.9019310433775,-23.50190727849622,0.1,0.1111111111111111,0.3898305084745763,9,1.25,0.052083333333333336,77,2,0.16666666666666666,0.3037974683544304,-4
Bartlomiej Pacia,2026-06-28 18:40:00,1174.768666357498,-109.49644690802302,0.1,0.29411764705882354,0.35344827586206895,9,1.5833333333333333,0.06597222222222222,464,-5,0.5728155339805825,0.5314533622559653,-3
Michał Łysakowski,2023-03-19 06:00:00,1173.0709967520975,-149.78969461691668,0.1,0.16666666666666666,0.3191489361702128,4,2.0,0.08333333333333333,24,0,0.45454545454545453,0.3125,-3
Dariusz Gabrys,2026-08-28 01:05:00,1161.692805091285,-182.7962845284951,0.0,0.0,0.14925373134328357,0,1.5833333333333333,0.06597222222222222,19,-3,0.09090909090909091,0.09090909090909091,-19
Eugeniusz Migdał,2023-10-20 20:25:00,1154.977553465298,-149.17792929311304,0.1,0.05263157894736842,0.2222222222222222,9,1.6666666666666667,0.06944444444444445,19,-3,0.18181818181818182,0.09523809523809523,-2
Eugeniusz Migdal,2023-12-25 16:30:00,1154.9086814315392,-141.1404388511703,0.0,0.0,0.03571428571428571,9,1.0,0.041666666666666664,18,0,0.06666666666666667,0.05,-18
Witold Stechly,2026-10-05 10:20:00,1150.208601833946,-33.517769151582115,0.2,0.2765957446808511,0.3629032258064516,4,0.75,0.03125,604,-8,0.18272425249169436,0.17973856209150327,-3
Mirosław Lewczuk,2025-07-09 00:40:00,1146.885293085716,-44.10110643850612,0.2,0.25,0.3577981651376147,0,1.5833333333333333,0.06597222222222222,66,0,0.13333333333333333,0.3333333333333333,-2
Maksymilian Rus,2026-09-30 19:05:00,1141.5661467267032,-61.35158031117021,0.2,0.30612244897959184,0.3709677419354839,9,1.5833333333333333,0.06597222222222222,428,3,0.33175355450236965,0.3230769230769231,-4
Blazej Szczepanek,2025-06-15 22:05:00,1137.9649213373038,-72.14639043079433,0.2,0.2,0.33884297520661155,9,1.5833333333333333,0.06597222222222222,1490,-5,0.41832669322709165,0.41333333333333333,-6
Michał Bodnar,2023-10-15 20:25:00,1136.3038450624547,41.07474731622506,0.3,0.2,0.2882882882882883,9,1.6666666666666667,0.06944444444444445,53,-1,0.5,0.36363636363636365,-2
Maciej Lamer,2026-10-05 10:20:00,1131.1460203680986,-101.80321268700072,0.1,0.5,0.3103448275862069,4,1.5833333333333333,0.06597222222222222,1789,8,0.36607142857142855,0.27129337539432175,1
Mariusz Twarog,2026-01-03 21:40:00,1127.2955794279828,-28.02238458669808,0.1,0.07142857142857142,0.26956521739130435,9,0.75,0.03125,59,0,0.25806451612903225,0.3333333333333333,1
Adrian Panczyk,2026-06-20 04:35:00,1125.7626543544127,34.68839236283702,0.3,0.2222222222222222,0.3157894736842105,3,1.5833333333333333,0.06597222222222222,534,0,0.39156626506024095,0.14285714285714285,1
Aleksander Barton,2026-10-02 04:35:00,1112.6137139386863,-33.65510384067966,0.1,0.15555555555555556,0.34710743801652894,3,1.1666666666666667,0.04861111111111111,421,-1,0.2032520325203252,0.14084507042253522,-2
Kacper Zając,2023-10-25 18:15:00,1108.0722945646987,46.30148136938942,0.3,0.1891891891891892,0.32231404958677684,9,1.5,0.0625,57,-1,0.2857142857142857,0.2033898305084746,-2
Filip Jablonski,2026-09-27 16:40:00,1094.8199449606823,-64.93129289993158,0.2,0.15789473684210525,0.3474576271186441,9,1.5833333333333333,0.06597222222222222,492,-5,0.29045643153526973,0.35784313725490197,-7
Sylwester Mista,2026-01-23 10:45:00,1087.845136298448,79.42366351023895,0.3,0.18333333333333332,0.36,4,1.1666666666666667,0.04861111111111111,1372,2,0.2988826815642458,0.1978021978021978,-7
Kazimierz Rybak,2026-09-21 03:45:00,1084.1108832722239,-2.49317507124465,0.1,0.11764705882352941,0.30833333333333335,3,1.1666666666666667,0.04861111111111111,530,-9,0.2932330827067669,0.20512820512820512,-1
Robert Oglaza,2023-12-27 20:25:00,1077.0209802236977,-166.83255235826732,0.0,0.0,0.02702702702702703,4,1.6666666666666667,0.06944444444444445,24,0,0.0625,0.038461538461538464,-24
Tymoteusz Drozd,2023-10-05 20:25:00,1075.449584655071,-200.66851919847454,0.0,0.05263157894736842,0.05084745762711865,9,0.8333333333333334,0.034722222222222224,19,-1,0.18181818181818182,0.09523809523809523,-13
Witold Buczyński,2023-11-06 20:50:00,1074.9033285844544,-62.732846145125905,0.1,0.23333333333333334,0.3157894736842105,4,1.25,0.052083333333333336,142,-2,0.22580645161290322,0.29577464788732394,-9
Kamil Kowalski,2026-10-06 00:40:00,1073.7309724841107,-14.477375070277958,0.1,0.21666666666666667,0.32456140350877194,0,1.5833333333333333,0.06597222222222222,180,-2,0.11764705882352941,0.058823529411764705,1
Krzesimir Kleszcz,2023-04-10 01:30:00,1072.7991348306248,5.917026790400314,0.2,0.16666666666666666,0.2222222222222222,1,1.1666666666666667,0.04861111111111111,359,-7,0.34513274336283184,0.19827586206896552,-1
Rafal Ogon,2026-09-28 04:00:00,1067.2514705688423,6.6032212315546985,0.2,0.15384615384615385,0.2831858407079646,3,1.25,0.052083333333333336,776,-4,0.2791666666666667,0.2987012987012987,-8
Piotr Struś,2023-10-14 18:15:00,1024.6545799753856,-10.959858177217711,0.2,0.1111111111111111,0.3565217391304348,4,1.5,0.0625,493,1,0.16666666666666666,0.27796610169491526,-4
Przemysław Górski,2023-10-18 00:50:00,965.7793303993589,-5.306887174874873,0.0,0.1320754716981132,0.20952380952380953,0,1.1666666666666667,0.04861111111111111,88,-6,0.16129032258064516,0.1,-10
Jerzy Kucharek,2026-06-02 04:45:00,940.3238706237239,-36.033868649857254,0.0,0.0,0.17757009345794392,3,1.5833333333333333,0.06597222222222222,89,-9,0.07042253521126761,0.08196721311475409,-26
Tomasz Kordaszewski,2026-10-05 10:45:00,930.6258356394337,-66.87888095324377,0.0,0.0625,0.16037735849056603,4,1.1666666666666667,0.04861111111111111,77,-4,0.08823529411764706,0.08823529411764706,-12
Robert Ogłaza,2023-10-23 20:50:00,926.7749787691832,-62.804875991278095,0.0,0.02040816326530612,0.22321428571428573,9,1.6666666666666667,0.06944444444444445,49,-3,0.038461538461538464,0.0392156862745098,-28
Tomasz Przebierala,2026-09-14 11:50:00,926.5808753864437,-52.519558517797805,0.0,0.0,0.22807017543859648,5,1.3333333333333333,0.05555555555555555,260,0,0.14285714285714285,0.28125,-24
Przemyslaw Gorski,2025-12-11 04:00:00,911.3812773319655,-36.96524329082854,0.0,0.05,0.1792452830188679,4,0.8333333333333334,0.034722222222222224,215,-21,0.08955223880597014,0.03636363636363636,-26
