match_id,post_id,date,start_time,session,venue,player_a,player_b,finished,y,elo_p_a,h2h_n,A_career_n,B_career_n,A_elo,B_elo,A_win10,B_win10,A_today_n,B_today_n,p_a,p_b,comp_logreg,comp_hgb,comp_xgb,comp_lgbm,comp_cat,pick,pick_prob,confidence,thin_history,dk_odds_a,dk_odds_b,market_p_a
575530-8,575530,2026-10-06,2026-10-06 19:45:00,evening,OSP,Igor Szymanski,Kamil Durak,False,,0.10486396498976168,5,471,126,1185.8371334521325,1558.3422398251444,0.2,0.8,2,2,0.2082823925903899,0.7917176074096102,0.18224384722720127,0.12369846164585191,0.114258826,0.1051738223878822,0.11915614683783166,Kamil Durak,0.7917176074096102,Strong,False,,,
575504-8,575504,2026-10-06,2026-10-06 20:00:00,evening,BLACHOWNIA,Wojciech Pytlas,Marek Tkocz,False,,0.4209457672835434,32,935,1469,1435.5984297831342,1490.9956672191329,0.6,0.7,2,2,0.3743525279509536,0.6256474720490464,0.3645368320273494,0.3092035621951866,0.3008157,0.32547389571155627,0.3219536510761549,Marek Tkocz,0.6256474720490464,Solid,False,,,
575532-9,575532,2026-10-06,2026-10-06 20:05:00,evening,HSC,Dawid Kosmal,Artur Gromek,False,,0.7376591824556212,3,770,167,1823.646469811144,1644.0505156897138,0.6,0.6,7,5,0.6334941344025359,0.3665058655974641,0.7122609995767921,0.6706123054411011,0.68455213,0.6835268805115748,0.678598682009211,Dawid Kosmal,0.6334941344025359,Solid,False,,,
575530-9,575530,2026-10-06,2026-10-06 20:10:00,evening,OSP,Pawel Kurek,Mariusz Baron,False,,0.6384287833613834,21,946,4021,1400.2329054077832,1301.4654621159568,0.5,0.3,2,2,0.5465518055392877,0.4534481944607123,0.58129034395682,0.5659422289612497,0.5623334,0.567520068771168,0.5535420366251851,Pawel Kurek,0.5465518055392877,Coin flip,False,,,
575498-3,575498,2026-10-06,2026-10-06 20:20:00,evening,POCZESNA,Dominik Bartosik,Henryk Tkaczyk,False,,0.36826992368718797,0,0,1695,1500.0,1593.7461208340098,0.5,0.6,5,9,0.40258814139122906,0.5974118586087709,0.3836378608371614,0.36082832926744546,0.37814257,0.35866298032474014,0.32904102673457647,Henryk Tkaczyk,0.5974118586087709,Lean,True,,,
575504-9,575504,2026-10-06,2026-10-06 20:25:00,evening,BLACHOWNIA,Grzegorz Jurowicz,Piotr Kaczynski,False,,0.512440327000038,0,1026,407,1334.6912979895305,1326.045088967787,0.5,0.3,2,2,0.4049278347169425,0.5950721652830575,0.37096789971921657,0.36911084748700135,0.36388066,0.36449624981447964,0.3604683581943953,Piotr Kaczynski,0.5950721652830575,Lean,False,,,
575528-10,575528,2026-10-06,2026-10-06 20:30:00,evening,OSP,Adrian Myszewski,Bartlomiej Mrugala,False,,0.7387923816246196,0,1613,712,1493.2143123683281,1312.5996847817873,0.5,0.4,3,3,0.5949718396246794,0.40502816037532063,0.6511162914773478,0.6434427628433971,0.6198938,0.6375643138999687,0.6169891579660641,Adrian Myszewski,0.5949718396246794,Lean,False,,,
575530-10,575530,2026-10-06,2026-10-06 20:30:00,evening,OSP,Jaroslaw Badura,Kamil Durak,False,,0.4431421681613877,0,692,126,1518.6617382782692,1558.3422398251444,0.7,0.8,3,3,0.4248810913904471,0.575118908609553,0.39849933307407553,0.40273104835664075,0.39171788,0.39385205962812875,0.3798407401073575,Kamil Durak,0.575118908609553,Lean,False,,,
575532-10,575532,2026-10-06,2026-10-06 20:30:00,evening,HSC,Michal Minda,Lukasz Pietraszko,False,,0.13835597275420397,86,6626,2430,1489.3832137671034,1807.115201673871,0.2,0.7,3,3,0.343245781444189,0.6567542185558111,0.3200390950560319,0.27886006561813137,0.28285128,0.26160062046123883,0.27249947137484404,Lukasz Pietraszko,0.6567542185558111,Solid,False,,,
575498-4,575498,2026-10-06,2026-10-06 20:45:00,evening,POCZESNA,Marian Brunner,Michal Machelski,False,,0.5403854974463879,42,1208,1335,1332.392123325024,1304.2681387981233,0.3,0.2,6,10,0.5801627718003117,0.4198372281996883,0.6031806963944435,0.6125039669393363,0.61771595,0.6222175083327257,0.6121319135905758,Marian Brunner,0.5801627718003117,Lean,False,,,
575504-10,575504,2026-10-06,2026-10-06 20:45:00,evening,BLACHOWNIA,Mariusz Koczyba,Marek Tkocz,False,,0.34689060605104016,76,3317,1469,1381.0783106871895,1490.9956672191329,0.6,0.7,3,3,0.5223984042965414,0.4776015957034586,0.47430003445987173,0.5496841801573031,0.5461101,0.5503625546737207,0.5408685890515259,Mariusz Koczyba,0.5223984042965414,Coin flip,False,,,
575532-11,575532,2026-10-06,2026-10-06 20:50:00,evening,HSC,Adam Linek,Dawid Kosmal,False,,0.19074365240102223,23,4390,770,1572.592061715565,1823.646469811144,0.6,0.6,5,8,0.31816102740237745,0.6818389725976226,0.2799129887017094,0.23766302028431813,0.25470433,0.247601141166011,0.23785999772841304,Dawid Kosmal,0.6818389725976226,Solid,False,,,
575528-11,575528,2026-10-06,2026-10-06 20:55:00,evening,OSP,Michal Skorski,Dariusz Szlubowski,False,,0.31296128090269915,28,3581,677,1357.6499261716694,1494.2461671532496,0.5,0.7,3,3,0.4366648925396711,0.5633351074603289,0.3952618325525348,0.42050215183649237,0.41323125,0.4139226218969329,0.4071694227439908,Dariusz Szlubowski,0.5633351074603289,Lean,False,,,
575530-11,575530,2026-10-06,2026-10-06 20:55:00,evening,OSP,Igor Szymanski,Pawel Kurek,False,,0.22545393590969548,14,471,946,1185.8371334521325,1400.2329054077832,0.2,0.5,3,3,0.29647130744415007,0.7035286925558499,0.2588349962333618,0.21694352909241094,0.21815845,0.2136314033134774,0.21835766088548303,Pawel Kurek,0.7035286925558499,Strong,False,,,
575504-11,575504,2026-10-06,2026-10-06 21:10:00,evening,BLACHOWNIA,Wojciech Pytlas,Grzegorz Jurowicz,False,,0.6412671416950149,2,935,1026,1435.5984297831342,1334.6912979895305,0.6,0.5,3,3,0.5666461781062919,0.4333538218937081,0.6191617735058624,0.5818156475517072,0.5912806,0.5936841880995536,0.5864817542046266,Wojciech Pytlas,0.5666461781062919,Lean,False,,,
575498-5,575498,2026-10-06,2026-10-06 21:10:00,evening,POCZESNA,Henryk Tkaczyk,Andriej Fomin,False,,0.5559124713145048,52,1695,1006,1593.7461208340098,1554.7309848174552,0.6,0.7,10,6,0.6263532067166797,0.3736467932833203,0.6581011265884676,0.6826174658235745,0.6813469,0.6815922994812151,0.679576046447721,Henryk Tkaczyk,0.6263532067166797,Solid,False,,,
575532-12,575532,2026-10-06,2026-10-06 21:15:00,evening,HSC,Artur Gromek,Przemyslaw Blocho,False,,0.48861331360443616,0,167,2690,1644.0505156897138,1651.9641640649222,0.6,0.5,6,3,0.4306544868768301,0.5693455131231699,0.36455612924596115,0.43556463131486134,0.39808607,0.40827086043890576,0.40203883520764505,Przemyslaw Blocho,0.5693455131231699,Lean,False,,,
575528-12,575528,2026-10-06,2026-10-06 21:20:00,evening,OSP,Jaroslaw Rolak,Kuba Golaszewski,False,,0.5485748125645162,102,4554,1008,1289.0033703149072,1255.1433397731378,0.4,0.3,3,6,0.49072995399926583,0.5092700460007342,0.4996392622060765,0.48224005378226314,0.48893768,0.47546435588132335,0.48696383460714066,Kuba Golaszewski,0.5092700460007342,Coin flip,False,,,
575530-12,575530,2026-10-06,2026-10-06 21:20:00,evening,OSP,Mariusz Baron,Krzysztof Schaniel,False,,0.41056375500556175,330,4021,4116,1301.4654621159568,1364.2879544183272,0.3,0.5,3,3,0.5076081076447609,0.49239189235523906,0.42755454773904966,0.5320823230326543,0.52387285,0.5294363169252857,0.5448197417161371,Mariusz Baron,0.5076081076447609,Coin flip,False,,,
575498-6,575498,2026-10-06,2026-10-06 21:30:00,evening,POCZESNA,Dominik Bartosik,Marcin Zielinski,False,,0.35702384169696333,0,0,41,1500.0,1602.199060261644,0.5,0.7,6,10,0.3957861592526667,0.6042138407473333,0.35468626690069316,0.3483224455390759,0.36793572,0.352631266060893,0.34205026854258247,Marcin Zielinski,0.6042138407473333,Lean,True,,,
575504-12,575504,2026-10-06,2026-10-06 21:35:00,evening,BLACHOWNIA,Piotr Kaczynski,Rafal Adach,False,,0.7228132223300107,3,407,638,1326.045088967787,1159.5436574942448,0.3,0.2,3,3,0.6781779047884842,0.32182209521151584,0.7222857605851081,0.7441743946496502,0.75595766,0.7432269847298685,0.7530243849779124,Piotr Kaczynski,0.6781779047884842,Solid,False,,,
575528-13,575528,2026-10-06,2026-10-06 21:40:00,evening,OSP,Adrian Myszewski,Dariusz Szlubowski,False,,0.49851504596227897,3,1613,677,1493.2143123683281,1494.2461671532496,0.5,0.7,4,4,0.5301413345166774,0.46985866548332256,0.5350188034611458,0.5541091687461588,0.5384172,0.5451984256245551,0.5424469633079164,Adrian Myszewski,0.5301413345166774,Coin flip,False,,,
575530-13,575530,2026-10-06,2026-10-06 21:40:00,evening,OSP,Jaroslaw Badura,Pawel Kurek,False,,0.6641249654330904,1,692,946,1518.6617382782692,1400.2329054077832,0.7,0.5,4,4,0.4706768973277822,0.5293231026722178,0.5239686782021589,0.4415007737657661,0.44669965,0.43841826527427386,0.4377867142649698,Pawel Kurek,0.5293231026722178,Coin flip,False,,,
575532-13,575532,2026-10-06,2026-10-06 21:40:00,evening,HSC,Michal Minda,Dawid Kosmal,False,,0.12739683630091833,21,6626,770,1489.3832137671034,1823.646469811144,0.2,0.6,4,9,0.33317794158694214,0.6668220584130579,0.331811255952537,0.2580985991948465,0.24072146,0.24400908156989332,0.27839901500772724,Dawid Kosmal,0.6668220584130579,Solid,False,,,
575498-7,575498,2026-10-06,2026-10-06 21:55:00,evening,POCZESNA,Michal Machelski,Andriej Fomin,False,,0.19126985066693952,40,1335,1006,1304.2681387981233,1554.7309848174552,0.2,0.7,11,7,0.3452589022293597,0.6547410977706403,0.31499975603067587,0.29585679091422085,0.27850989,0.27537182392909515,0.2638846158043071,Andriej Fomin,0.6547410977706403,Solid,False,,,
575504-13,575504,2026-10-06,2026-10-06 22:00:00,evening,BLACHOWNIA,Mariusz Koczyba,Grzegorz Jurowicz,False,,0.5663624285144819,12,3317,1026,1381.0783106871895,1334.6912979895305,0.6,0.5,4,4,0.5886720265506159,0.4113279734493841,0.6417710505653413,0.6254470920988403,0.61250746,0.6279535628377316,0.6185813641297715,Mariusz Koczyba,0.5886720265506159,Lean,False,,,
575528-14,575528,2026-10-06,2026-10-06 22:05:00,evening,OSP,Bartlomiej Mrugala,Kuba Golaszewski,False,,0.5819407108925337,69,712,1008,1312.5996847817873,1255.1433397731378,0.4,0.3,4,7,0.5114878305451034,0.4885121694548966,0.5447875212430167,0.5128811392439427,0.51265377,0.49151271946447156,0.5193214881652877,Bartlomiej Mrugala,0.5114878305451034,Coin flip,False,,,
575530-14,575530,2026-10-06,2026-10-06 22:05:00,evening,OSP,Kamil Durak,Krzysztof Schaniel,False,,0.7534441327796605,4,126,4116,1558.3422398251444,1364.2879544183272,0.8,0.5,4,4,0.635904989437174,0.364095010562826,0.7007543960248583,0.6861571293092474,0.68796754,0.6838824595553203,0.6870807211652843,Kamil Durak,0.635904989437174,Solid,False,,,
575532-14,575532,2026-10-06,2026-10-06 22:05:00,evening,HSC,Lukasz Pietraszko,Przemyslaw Blocho,False,,0.7095338514534687,22,2430,2690,1807.115201673871,1651.9641640649222,0.7,0.5,4,4,0.5532920662683555,0.4467079337316445,0.6061206087254518,0.5763670097558498,0.5571946,0.5662206857350887,0.5728089109505835,Lukasz Pietraszko,0.5532920662683555,Lean,False,,,
575504-14,575504,2026-10-06,2026-10-06 22:20:00,evening,BLACHOWNIA,Marek Tkocz,Rafal Adach,False,,0.8707932948155799,4,1469,638,1490.9956672191329,1159.5436574942448,0.7,0.2,4,4,0.7152690206505286,0.28473097934947145,0.7799603217223017,0.7860796615864207,0.7941863,0.7942789583616833,0.7881254595051862,Marek Tkocz,0.7152690206505286,Strong,False,,,
575498-8,575498,2026-10-06,2026-10-06 22:20:00,evening,POCZESNA,Marian Brunner,Dominik Bartosik,False,,0.27591249185257166,0,1208,0,1332.392123325024,1500.0,0.3,0.5,7,7,0.4183331514720504,0.5816668485279496,0.39317517224940435,0.360992149951736,0.3809728,0.4006446581397404,0.38712493353053595,Dominik Bartosik,0.5816668485279496,Lean,True,,,
575528-15,575528,2026-10-06,2026-10-06 22:30:00,evening,OSP,Michal Skorski,Jaroslaw Rolak,False,,0.5975245670470166,96,3581,4554,1357.6499261716694,1289.0033703149072,0.5,0.4,4,4,0.5382997149380778,0.4617002850619222,0.5967069824640334,0.5433572928103523,0.54872185,0.5464527953928983,0.5359744113527136,Michal Skorski,0.5382997149380778,Coin flip,False,,,
575530-15,575530,2026-10-06,2026-10-06 22:30:00,evening,OSP,Igor Szymanski,Mariusz Baron,False,,0.3394804941477525,21,471,4021,1185.8371334521325,1301.4654621159568,0.2,0.3,4,4,0.34976473602036656,0.6502352639796334,0.32024435645719196,0.2928170746859355,0.2815813,0.2814343285613381,0.28271967284713867,Mariusz Baron,0.6502352639796334,Solid,False,,,
575532-15,575532,2026-10-06,2026-10-06 22:30:00,evening,HSC,Adam Linek,Artur Gromek,False,,0.3985889575725225,2,4390,167,1572.592061715565,1644.0505156897138,0.6,0.6,6,7,0.4874023588178608,0.5125976411821391,0.4980441640878013,0.48451862513058297,0.48498037,0.4718326482175086,0.46918091064440703,Artur Gromek,0.5125976411821391,Coin flip,False,,,
575498-9,575498,2026-10-06,2026-10-06 22:45:00,evening,POCZESNA,Henryk Tkaczyk,Marcin Zielinski,False,,0.4878376419424182,2,1695,41,1593.7461208340098,1602.199060261644,0.6,0.7,11,11,0.472465151263841,0.5275348487361591,0.46817732413034646,0.45520901125739843,0.46302092,0.4524015018368289,0.4645869659413605,Marcin Zielinski,0.5275348487361591,Coin flip,False,,,
575504-15,575504,2026-10-06,2026-10-06 22:45:00,evening,BLACHOWNIA,Wojciech Pytlas,Piotr Kaczynski,False,,0.652634503428079,35,935,407,1435.5984297831342,1326.045088967787,0.6,0.3,4,4,0.49486131351401746,0.5051386864859826,0.5026408653368064,0.49602271161940714,0.4884836,0.4830405839035832,0.4927421202660307,Piotr Kaczynski,0.5051386864859826,Coin flip,False,,,
575536-1,575536,2026-10-06,2026-10-06 23:00:00,night,OSP,Pawel Kurek,Krzysztof Schaniel,False,,0.5515451686374439,11,946,4116,1400.2329054077832,1364.2879544183272,0.5,0.5,5,5,0.5502489916833609,0.44975100831663906,0.5814249566783047,0.5695408464192425,0.57147336,0.5676119147168761,0.5670827014992402,Pawel Kurek,0.5502489916833609,Lean,False,,,
575743-1,575743,2026-10-06,2026-10-06 23:00:00,night,HSC,Przemyslaw Blocho,Adam Linek,False,,0.6122791179827514,87,2690,4390,1651.9641640649222,1572.592061715565,0.5,0.6,5,7,0.5856331412100617,0.4143668587899383,0.6540356006844055,0.624944267145435,0.60371155,0.6114892325429493,0.6102461187458608,Przemyslaw Blocho,0.5856331412100617,Lean,False,,,
575498-10,575498,2026-10-06,2026-10-06 23:05:00,evening,POCZESNA,Michal Machelski,Dominik Bartosik,False,,0.24476633612909773,0,1335,0,1304.2681387981233,1500.0,0.2,0.5,12,8,0.3914497353259241,0.6085502646740759,0.33068833966271893,0.3483865951978932,0.3541456,0.35835415789496633,0.34592424048129117,Dominik Bartosik,0.6085502646740759,Lean,True,,,
575534-1,575534,2026-10-06,2026-10-06 23:05:00,night,OSP,Kuba Golaszewski,Jaroslaw Rolak,False,,0.4514251874354837,102,1008,4554,1255.1433397731378,1289.0033703149072,0.3,0.4,8,5,0.5156942057445424,0.4843057942554576,0.5034941596500667,0.5231657296013563,0.52382314,0.5390364333686533,0.5233633158354463,Kuba Golaszewski,0.5156942057445424,Coin flip,False,,,
575506-1,575506,2026-10-06,2026-10-06 23:10:00,night,BLACHOWNIA,Adrian Burkacki,Jakub Nowak,False,,0.6223746056368176,15,381,3332,1307.1435463374519,1220.3472774292907,0.3,0.3,0,0,0.49595388335893176,0.5040461166410682,0.5072886018164446,0.4860583028756516,0.49851388,0.4896916958026009,0.4888321741651846,Jakub Nowak,0.5040461166410682,Coin flip,False,,,
575536-2,575536,2026-10-06,2026-10-06 23:20:00,night,OSP,Jaroslaw Badura,Mariusz Baron,False,,0.777348719528003,10,692,4021,1518.6617382782692,1301.4654621159568,0.7,0.3,5,5,0.5387676293866756,0.46123237061332445,0.6084403209322149,0.5354116354051741,0.5580981,0.539110680864656,0.5326542571939075,Jaroslaw Badura,0.5387676293866756,Coin flip,False,,,
575743-2,575743,2026-10-06,2026-10-06 23:25:00,night,HSC,Artur Gromek,Lukasz Pietraszko,False,,0.281167904856733,6,167,2430,1644.0505156897138,1807.115201673871,0.6,0.7,8,5,0.33034919653137995,0.66965080346862,0.286213475349368,0.25681869795230877,0.2676124,0.25173316993288036,0.2727519230341952,Lukasz Pietraszko,0.66965080346862,Solid,False,,,
575534-2,575534,2026-10-06,2026-10-06 23:30:00,night,OSP,Michal Skorski,Adrian Myszewski,False,,0.31423985995653697,13,3581,1613,1357.6499261716694,1493.2143123683281,0.5,0.5,5,5,0.4676581698757338,0.5323418301242662,0.40080056976919204,0.444613694956302,0.4703424,0.4669609175218814,0.48973713468063146,Adrian Myszewski,0.5323418301242662,Coin flip,False,,,
575498-11,575498,2026-10-06,2026-10-06 23:30:00,evening,POCZESNA,Marian Brunner,Henryk Tkaczyk,False,,0.18175910913774704,59,1208,1695,1332.392123325024,1593.7461208340098,0.3,0.6,8,12,0.30470808066234556,0.6952919193376544,0.251436425926788,0.23698997249310738,0.22732502,0.23901575927110508,0.2209692588804516,Henryk Tkaczyk,0.6952919193376544,Solid,False,,,
575506-2,575506,2026-10-06,2026-10-06 23:35:00,night,BLACHOWNIA,Marek Tkocz,Pawel Adamus,False,,0.7679145932760602,13,1469,1397,1490.9956672191329,1283.1296321996692,0.7,0.1,5,0,0.6023651084725928,0.39763489152740716,0.609606009616404,0.6379679671700796,0.6584942,0.6533043247419437,0.662943387457027,Marek Tkocz,0.6023651084725928,Lean,False,,,
575536-3,575536,2026-10-06,2026-10-06 23:45:00,night,OSP,Kamil Durak,Igor Szymanski,False,,0.8951360350102383,5,126,471,1558.3422398251444,1185.8371334521325,0.8,0.2,5,5,0.7458450151062667,0.25415498489373334,0.7896113715864876,0.8300735835167775,0.827219,0.8389154297193259,0.8313614437906482,Kamil Durak,0.7458450151062667,Strong,False,,,
575743-3,575743,2026-10-06,2026-10-06 23:50:00,night,HSC,Artur Gromek,Konrad Staszczyk,False,,0.20196054886562126,1,167,2543,1644.0505156897138,1882.7536432724826,0.6,0.8,9,3,0.3533360043583353,0.6466639956416647,0.28999367267599013,0.2989330415426057,0.2928468,0.30553812059042834,0.29622788420900276,Konrad Staszczyk,0.6466639956416647,Solid,False,,,
575498-12,575498,2026-10-06,2026-10-06 23:55:00,evening,POCZESNA,Marcin Zielinski,Andriej Fomin,False,,0.5678901606682346,2,41,1006,1602.199060261644,1554.7309848174552,0.7,0.7,12,8,0.601669607321971,0.39833039267802905,0.6294938125532874,0.6344731466973621,0.64204353,0.651968521575484,0.659545259353495,Marcin Zielinski,0.601669607321971,Lean,False,,,
575534-3,575534,2026-10-06,2026-10-06 23:55:00,night,OSP,Michal Skorski,Bartlomiej Mrugala,False,,0.5644715926003365,26,3581,712,1357.6499261716694,1312.5996847817873,0.5,0.4,6,5,0.5322561406148987,0.4677438593851013,0.5383189898014186,0.545001786291837,0.5499969,0.5438580286092122,0.5533066096630528,Michal Skorski,0.5322561406148987,Coin flip,False,,,
575506-3,575506,2026-10-06,2026-10-07 00:00:00,night,BLACHOWNIA,Mariusz Adamus,Grzegorz Jurowicz,False,,0.48603506090565846,29,3409,1026,1324.9849399764728,1334.6912979895305,0.6,0.5,0,0,0.4762699190788723,0.5237300809211277,0.46255203300358905,0.46771715509355094,0.46770275,0.4660771374008182,0.4666069015967947,Grzegorz Jurowicz,0.5237300809211277,Coin flip,False,,,
575536-4,575536,2026-10-06,2026-10-07 00:10:00,night,OSP,Pawel Kurek,Jaroslaw Badura,False,,0.3358750345669096,1,946,692,1400.2329054077832,1518.6617382782692,0.5,0.7,0,0,0.5054960314746973,0.49450396852530265,0.46811282703530566,0.5210244140254126,0.5079299,0.5240501401716802,0.5198729199735966,Pawel Kurek,0.5054960314746973,Coin flip,False,,,
575743-4,575743,2026-10-06,2026-10-07 00:10:00,night,HSC,Adam Linek,Lukasz Pietraszko,False,,0.20586649470339638,74,4390,2430,1572.592061715565,1807.115201673871,0.6,0.7,0,0,0.31614286241780826,0.6838571375821918,0.23457600810365453,0.26365907910277586,0.25688168,0.24908485928933582,0.24180709937035538,Lukasz Pietraszko,0.6838571375821918,Solid,False,,,
575534-4,575534,2026-10-06,2026-10-07 00:15:00,night,OSP,Jaroslaw Rolak,Adrian Myszewski,False,,0.23585638321535923,11,4554,1613,1289.0033703149072,1493.2143123683281,0.4,0.5,0,0,0.3909914509259096,0.6090085490740904,0.3538300496637292,0.32771948510525467,0.3508216,0.3420720610131873,0.36032055814378955,Adrian Myszewski,0.6090085490740904,Lean,False,,,
575498-13,575498,2026-10-06,2026-10-07 00:20:00,evening,POCZESNA,Michal Machelski,Henryk Tkaczyk,False,,0.15890885723287204,90,1335,1695,1304.2681387981233,1593.7461208340098,0.2,0.6,0,0,0.2242542879913088,0.7757457120086912,0.17755698405522713,0.13872318358208047,0.13490722,0.14309251084353242,0.13047423840059053,Henryk Tkaczyk,0.7757457120086912,Strong,False,,,
575506-4,575506,2026-10-06,2026-10-07 00:25:00,night,BLACHOWNIA,Adrian Burkacki,Marek Tkocz,False,,0.25762721568446645,5,381,1469,1307.1435463374519,1490.9956672191329,0.3,0.7,0,0,0.33610919459627797,0.663890805403722,0.31991866942142755,0.25238297575701096,0.26208463,0.2594363189569077,0.2778036179082174,Marek Tkocz,0.663890805403722,Solid,False,,,
575536-5,575536,2026-10-06,2026-10-07 00:35:00,night,OSP,Igor Szymanski,Krzysztof Schaniel,False,,0.26361846973495917,29,471,4116,1185.8371334521325,1364.2879544183272,0.2,0.5,0,0,0.4134712105935133,0.5865287894064867,0.3344933427323804,0.39134432605904207,0.37987086,0.3937800304418055,0.39060890323225744,Krzysztof Schaniel,0.5865287894064867,Lean,False,,,
575534-5,575534,2026-10-06,2026-10-07 00:35:00,night,OSP,Bartlomiej Mrugala,Jaroslaw Rolak,False,,0.5339057117993415,73,712,4554,1312.5996847817873,1289.0033703149072,0.4,0.4,0,1,0.47577407988207004,0.52422592011793,0.4985855168850409,0.45981239534659984,0.45528144,0.4551905870769662,0.45721930878875916,Jaroslaw Rolak,0.52422592011793,Coin flip,False,,,
575743-5,575743,2026-10-06,2026-10-07 00:35:00,night,HSC,Konrad Staszczyk,Adam Linek,False,,0.8563665077344956,9,2543,4390,1882.7536432724826,1572.592061715565,0.8,0.6,0,1,0.6566346955227242,0.34336530447727576,0.7331395566056336,0.7368246015504233,0.7112106,0.7099407017846044,0.6880808065642163,Konrad Staszczyk,0.6566346955227242,Solid,False,,,
575498-14,575498,2026-10-06,2026-10-07 00:40:00,evening,POCZESNA,Dominik Bartosik,Andriej Fomin,False,,0.4218808955320754,0,0,1006,1500.0,1554.7309848174552,0.5,0.7,0,0,0.43636005841629505,0.563639941583705,0.4815121637494657,0.39062497656340434,0.402082,0.40059032878045514,0.36965858987664746,Andriej Fomin,0.563639941583705,Lean,True,,,
575506-5,575506,2026-10-06,2026-10-07 00:50:00,night,BLACHOWNIA,Grzegorz Jurowicz,Jakub Nowak,False,,0.6588597694853444,21,1026,3332,1334.6912979895305,1220.3472774292907,0.5,0.3,1,0,0.514885089870987,0.485114910129013,0.5547141772925723,0.5072683538138346,0.52249414,0.5128414777046768,0.5074328928565747,Grzegorz Jurowicz,0.514885089870987,Coin flip,False,,,
575534-6,575534,2026-10-06,2026-10-07 00:55:00,night,OSP,Kuba Golaszewski,Adrian Myszewski,False,,0.20254768791232639,6,1008,1613,1255.1433397731378,1493.2143123683281,0.3,0.5,0,1,0.3692274573630129,0.6307725426369871,0.33454196344966153,0.30388974072129793,0.3180062,0.3099877427535904,0.32119599650043157,Adrian Myszewski,0.6307725426369871,Solid,False,,,
575536-6,575536,2026-10-06,2026-10-07 00:55:00,night,OSP,Kamil Durak,Mariusz Baron,False,,0.8143763846077341,3,126,4021,1558.3422398251444,1301.4654621159568,0.8,0.3,0,0,0.6540565492372981,0.34594345076270194,0.6785170818000159,0.7109751039686311,0.7186896,0.7280707784664521,0.7306048351377762,Kamil Durak,0.6540565492372981,Solid,False,,,
575743-6,575743,2026-10-06,2026-10-07 00:55:00,night,HSC,Przemyslaw Blocho,Lukasz Pietraszko,False,,0.2904661485465312,22,2690,2430,1651.9641640649222,1807.115201673871,0.5,0.7,0,1,0.4034679298656645,0.5965320701343355,0.3893647986896876,0.3556442786495738,0.3585966,0.35687203675687246,0.3581099197965135,Lukasz Pietraszko,0.5965320701343355,Lean,False,,,
575498-15,575498,2026-10-06,2026-10-07 01:05:00,evening,POCZESNA,Marian Brunner,Marcin Zielinski,False,,0.1746341429288532,0,1208,41,1332.392123325024,1602.199060261644,0.3,0.7,0,0,0.2900305825830546,0.7099694174169454,0.2630329950807946,0.21971934710618324,0.2075898,0.1990120470296723,0.19699697973841218,Marcin Zielinski,0.7099694174169454,Strong,False,,,
575506-6,575506,2026-10-06,2026-10-07 01:10:00,night,BLACHOWNIA,Mariusz Adamus,Pawel Adamus,False,,0.5599449196355168,27,3409,1397,1324.9849399764728,1283.1296321996692,0.6,0.1,1,0,0.40413503368107606,0.5958649663189239,0.33554322827204286,0.3755781046303464,0.37895972,0.3700235469513747,0.3638638010647599,Pawel Adamus,0.5958649663189239,Lean,False,,,
575534-7,575534,2026-10-06,2026-10-07 01:20:00,night,OSP,Michal Skorski,Jaroslaw Rolak,False,,0.5975245670470166,96,3581,4554,1357.6499261716694,1289.0033703149072,0.5,0.4,0,2,0.5261442284019888,0.4738557715980112,0.5917607342826372,0.5242955085362703,0.526842,0.5325717737290856,0.5087282459931814,Michal Skorski,0.5261442284019888,Coin flip,False,,,
575536-7,575536,2026-10-06,2026-10-07 01:20:00,night,OSP,Jaroslaw Badura,Krzysztof Schaniel,False,,0.7086108682717727,7,692,4116,1518.6617382782692,1364.2879544183272,0.7,0.5,1,1,0.5048850929662568,0.49511490703374317,0.596023288679701,0.48447262689533555,0.487906,0.476634796053344,0.4870415798959546,Jaroslaw Badura,0.5048850929662568,Coin flip,False,,,
575743-7,575743,2026-10-06,2026-10-07 01:20:00,night,HSC,Artur Gromek,Adam Linek,False,,0.6014110424274774,2,167,4390,1644.0505156897138,1572.592061715565,0.6,0.6,0,2,0.4803146167787212,0.5196853832212788,0.5136292646319455,0.4494098025102094,0.4636265,0.46820186698949684,0.4637888333464423,Adam Linek,0.5196853832212788,Coin flip,False,,,
576511-1,576511,2026-10-07,2026-10-07 01:30:00,night,POCZESNA,Aleksander Barton,Andriej Fomin,False,,0.06847375438297798,19,422,1006,1101.2626028529328,1554.7309848174552,0.1,0.7,0,1,0.18973448116309793,0.8102655188369021,0.11750681710409483,0.12316042510468062,0.11068633,0.11044194219300468,0.09524056383657775,Andriej Fomin,0.8102655188369021,Strong,False,,,
575506-7,575506,2026-10-06,2026-10-07 01:35:00,night,BLACHOWNIA,Marek Tkocz,Jakub Nowak,False,,0.82606292705499,55,1469,3332,1490.9956672191329,1220.3472774292907,0.7,0.3,1,1,0.6737490486093988,0.32625095139060123,0.7613553231282679,0.7389908102921026,0.73375744,0.7257285150008863,0.7293601886873297,Marek Tkocz,0.6737490486093988,Solid,False,,,
575534-8,575534,2026-10-06,2026-10-07 01:45:00,night,OSP,Kuba Golaszewski,Bartlomiej Mrugala,False,,0.41805928910746626,69,1008,712,1255.1433397731378,1312.5996847817873,0.3,0.4,1,1,0.49037003225122966,0.5096299677487703,0.4602970128710322,0.48727116735768294,0.4913797,0.5094363388904084,0.48364076582240845,Bartlomiej Mrugala,0.5096299677487703,Coin flip,False,,,
575536-8,575536,2026-10-06,2026-10-07 01:45:00,night,OSP,Pawel Kurek,Kamil Durak,False,,0.28696904307410054,1,946,126,1400.2329054077832,1558.3422398251444,0.5,0.8,1,1,0.4088385147053583,0.5911614852946416,0.3954830516805585,0.36886626236848813,0.35898322,0.3527803256054055,0.38016919328556636,Kamil Durak,0.5911614852946416,Lean,False,,,
575743-8,575743,2026-10-06,2026-10-07 01:45:00,night,HSC,Przemyslaw Blocho,Konrad Staszczyk,False,,0.20940245287633447,3,2690,2543,1651.9641640649222,1882.7536432724826,0.5,0.8,1,1,0.42748139849555544,0.5725186015044446,0.3920726665057336,0.3686542262190935,0.42107084,0.4125139057460832,0.3912833793728861,Konrad Staszczyk,0.5725186015044446,Lean,False,,,
576511-2,576511,2026-10-07,2026-10-07 01:55:00,night,POCZESNA,Witold Stechly,Adam Staniczek,False,,0.3057485049088557,15,609,1622,1140.3270572267797,1282.7880498862892,0.3,0.2,0,0,0.31419886416840687,0.6858011358315932,0.2429331029695933,0.2566937414148626,0.24121448,0.25991105755571536,0.23353878179417908,Adam Staniczek,0.6858011358315932,Solid,False,,,
575506-8,575506,2026-10-06,2026-10-07 02:00:00,night,BLACHOWNIA,Adrian Burkacki,Mariusz Adamus,False,,0.4743467158179505,19,381,3409,1307.1435463374519,1324.9849399764728,0.3,0.6,1,2,0.4630588680595386,0.5369411319404613,0.49213401678105406,0.4183965694097022,0.45049334,0.4364302370857309,0.43776058881680724,Mariusz Adamus,0.5369411319404613,Coin flip,False,,,
575534-9,575534,2026-10-06,2026-10-07 02:10:00,night,OSP,Michal Skorski,Kuba Golaszewski,False,,0.6433824330202215,29,3581,1008,1357.6499261716694,1255.1433397731378,0.5,0.3,1,2,0.47939208213249673,0.5206079178675033,0.5544828772640225,0.44438725888520886,0.45392358,0.4475531023656479,0.4499610461334055,Kuba Golaszewski,0.5206079178675033,Coin flip,False,,,
575536-9,575536,2026-10-06,2026-10-07 02:10:00,night,OSP,Igor Szymanski,Mariusz Baron,False,,0.3394804941477525,21,471,4021,1185.8371334521325,1301.4654621159568,0.2,0.3,1,1,0.39489857039745374,0.6051014296025463,0.3541389252793094,0.3523259710389138,0.35702932,0.34718015458234425,0.34951496559712025,Mariusz Baron,0.6051014296025463,Lean,False,,,
575743-9,575743,2026-10-06,2026-10-07 02:10:00,night,HSC,Artur Gromek,Przemyslaw Blocho,False,,0.48861331360443616,0,167,2690,1644.0505156897138,1651.9641640649222,0.6,0.5,1,2,0.40399640116543345,0.5960035988345666,0.3736506459131421,0.37520980062808695,0.362446,0.3538101610313206,0.3568304962567987,Przemyslaw Blocho,0.5960035988345666,Lean,False,,,
576511-3,576511,2026-10-07,2026-10-07 02:20:00,night,POCZESNA,Dominik Bartosik,Miroslaw Warzecha,False,,0.336128098516714,0,0,1797,1500.0,1618.2317874965813,0.5,0.7,1,0,0.48286082014327925,0.5171391798567208,0.4520849593394634,0.48873930924364434,0.49447215,0.49551943758832445,0.4452200178847383,Miroslaw Warzecha,0.5171391798567208,Coin flip,True,,,
575506-9,575506,2026-10-06,2026-10-07 02:25:00,night,BLACHOWNIA,Grzegorz Jurowicz,Pawel Adamus,False,,0.5736631968810901,9,1026,1397,1334.6912979895305,1283.1296321996692,0.5,0.1,2,1,0.41220324824154053,0.5877967517584595,0.3657562847179787,0.3822813318078792,0.38215512,0.36826765067845874,0.38109408399377936,Pawel Adamus,0.5877967517584595,Lean,False,,,
575534-10,575534,2026-10-06,2026-10-07 02:35:00,night,OSP,Bartlomiej Mrugala,Adrian Myszewski,False,,0.26120761837538053,0,712,1613,1312.5996847817873,1493.2143123683281,0.4,0.5,2,2,0.4267405256293984,0.5732594743706017,0.3604255777416249,0.383629979653901,0.41512468,0.3995002931338138,0.4239366285918743,Adrian Myszewski,0.5732594743706017,Lean,False,,,
575536-10,575536,2026-10-06,2026-10-07 02:35:00,night,OSP,Jaroslaw Badura,Kamil Durak,False,,0.4431421681613877,0,692,126,1518.6617382782692,1558.3422398251444,0.7,0.8,2,2,0.4445234560907019,0.5554765439092981,0.42638891527215356,0.42808940390422406,0.41602343,0.42419069967029027,0.410122699392358,Kamil Durak,0.5554765439092981,Lean,False,,,
575743-10,575743,2026-10-06,2026-10-07 02:35:00,night,HSC,Konrad Staszczyk,Lukasz Pietraszko,False,,0.6071647528499857,17,2543,2430,1882.7536432724826,1807.115201673871,0.8,0.7,2,2,0.5556235466573382,0.44437645334266185,0.5284000277925907,0.586573550906582,0.5975533,0.5937017111318066,0.5907664216887604,Konrad Staszczyk,0.5556235466573382,Lean,False,,,
575506-10,575506,2026-10-06,2026-10-07 02:45:00,night,BLACHOWNIA,Marek Tkocz,Mariusz Adamus,False,,0.7222469214536748,54,1469,3409,1490.9956672191329,1324.9849399764728,0.7,0.6,2,3,0.6101238125224794,0.3898761874775206,0.6923606782982064,0.6511677351121026,0.6457562,0.6442346661554119,0.6383210570433201,Marek Tkocz,0.6101238125224794,Lean,False,,,
576511-4,576511,2026-10-07,2026-10-07 02:45:00,night,POCZESNA,Aleksander Barton,Witold Stechly,False,,0.44401744250424463,15,422,609,1101.2626028529328,1140.3270572267797,0.1,0.3,1,1,0.550781205698312,0.449218794301688,0.5603130154648657,0.5705505177615038,0.5785742,0.5790696742352011,0.5732191705777872,Aleksander Barton,0.550781205698312,Lean,False,,,
575536-11,575536,2026-10-06,2026-10-07 03:00:00,night,OSP,Pawel Kurek,Igor Szymanski,False,,0.7745460640903045,14,946,471,1400.2329054077832,1185.8371334521325,0.5,0.2,2,2,0.6487492831757757,0.35125071682422426,0.7230016816579041,0.7028084320948275,0.69754195,0.6974184129128389,0.70967138696729,Pawel Kurek,0.6487492831757757,Solid,False,,,
575506-11,575506,2026-10-06,2026-10-07 03:10:00,night,BLACHOWNIA,Adrian Burkacki,Grzegorz Jurowicz,False,,0.46043846785341136,0,381,1026,1307.1435463374519,1334.6912979895305,0.3,0.5,2,3,0.4751640069471995,0.5248359930528005,0.4863974065038932,0.4487071363824506,0.46751356,0.45603623445240477,0.463514727947183,Grzegorz Jurowicz,0.5248359930528005,Coin flip,False,,,
576511-5,576511,2026-10-07,2026-10-07 03:10:00,night,POCZESNA,Miroslaw Warzecha,Andriej Fomin,False,,0.5903808481969111,39,1797,1006,1618.2317874965813,1554.7309848174552,0.7,0.7,1,2,0.6013025559409511,0.39869744405904894,0.6079765687553407,0.6469672920129855,0.6555541,0.6525793378508391,0.6512848296732585,Miroslaw Warzecha,0.6013025559409511,Lean,False,,,
575536-12,575536,2026-10-06,2026-10-07 03:25:00,night,OSP,Mariusz Baron,Krzysztof Schaniel,False,,0.41056375500556175,330,4021,4116,1301.4654621159568,1364.2879544183272,0.3,0.5,2,2,0.49556033439166525,0.5044396656083348,0.40886731854060043,0.5048604897347552,0.5217638,0.5078711756454999,0.5279515261956029,Krzysztof Schaniel,0.5044396656083348,Coin flip,False,,,
576511-6,576511,2026-10-07,2026-10-07 03:30:00,night,POCZESNA,Dominik Bartosik,Adam Staniczek,False,,0.7773643353341744,0,0,1622,1500.0,1282.7880498862892,0.5,0.2,2,1,0.6008568306909913,0.3991431693090087,0.654239907552465,0.6441382196144472,0.6515789,0.6385641563330704,0.6198196731322418,Dominik Bartosik,0.6008568306909913,Lean,True,,,
575506-12,575506,2026-10-06,2026-10-07 03:35:00,night,BLACHOWNIA,Pawel Adamus,Jakub Nowak,False,,0.5893803294215434,43,1397,3332,1283.1296321996692,1220.3472774292907,0.1,0.3,2,2,0.6527801666831172,0.3472198333168828,0.6944638764848627,0.7035678895303832,0.7153465,0.7236716166840562,0.7207889571336701,Pawel Adamus,0.6527801666831172,Solid,False,,,
575536-13,575536,2026-10-06,2026-10-07 03:45:00,night,OSP,Jaroslaw Badura,Igor Szymanski,False,,0.871679686156752,5,692,471,1518.6617382782692,1185.8371334521325,0.7,0.2,3,3,0.6989932880551435,0.3010067119448565,0.7363514046573374,0.7697926049880062,0.78936064,0.7756712648031228,0.7751573992186025,Jaroslaw Badura,0.6989932880551435,Solid,False,,,
576511-7,576511,2026-10-07,2026-10-07 03:55:00,night,POCZESNA,Witold Stechly,Andriej Fomin,False,,0.08428503876702856,44,609,1006,1140.3270572267797,1554.7309848174552,0.3,0.7,2,3,0.1881679039591082,0.8118320960408918,0.11192925409568971,0.127256323392392,0.10610795,0.10136597626520055,0.10365342361716279,Andriej Fomin,0.8118320960408918,Strong,False,,,
575506-13,575506,2026-10-06,2026-10-07 04:00:00,night,BLACHOWNIA,Marek Tkocz,Grzegorz Jurowicz,False,,0.710900236859345,17,1469,1026,1490.9956672191329,1334.6912979895305,0.7,0.5,3,4,0.5629810988223701,0.43701890117762987,0.6579688273055933,0.5821263101617422,0.5623932,0.575336383260476,0.5675111137234969,Marek Tkocz,0.5629810988223701,Lean,False,,,
575536-14,575536,2026-10-06,2026-10-07 04:10:00,night,OSP,Kamil Durak,Krzysztof Schaniel,False,,0.7534441327796605,4,126,4116,1558.3422398251444,1364.2879544183272,0.8,0.5,3,3,0.6031248374262869,0.39687516257371314,0.6791464109803402,0.63816390222952,0.6368364,0.6331679730058304,0.6374366735288983,Kamil Durak,0.6031248374262869,Lean,False,,,
575506-14,575506,2026-10-06,2026-10-07 04:20:00,night,BLACHOWNIA,Mariusz Adamus,Jakub Nowak,False,,0.6461921199694118,83,3409,3332,1324.9849399764728,1220.3472774292907,0.6,0.3,4,3,0.47276799707632927,0.5272320029236708,0.5458902516714966,0.4430229475265715,0.44530314,0.43599887958591055,0.4321794687829014,Jakub Nowak,0.5272320029236708,Coin flip,False,,,
576511-8,576511,2026-10-07,2026-10-07 04:20:00,night,POCZESNA,Aleksander Barton,Dominik Bartosik,False,,0.09151155115919701,0,422,0,1101.2626028529328,1500.0,0.1,0.5,2,3,0.2364993330176337,0.7635006669823663,0.189494255334059,0.15787447244788055,0.14544693,0.14971278017131773,0.14559564133496172,Dominik Bartosik,0.7635006669823663,Strong,True,,,
575536-15,575536,2026-10-06,2026-10-07 04:35:00,night,OSP,Pawel Kurek,Mariusz Baron,False,,0.6384287833613834,21,946,4021,1400.2329054077832,1301.4654621159568,0.5,0.3,3,3,0.5487547163430416,0.4512452836569584,0.5960330670369123,0.5708841116940371,0.5661169,0.5605870438061651,0.5517565664164057,Pawel Kurek,0.5487547163430416,Coin flip,False,,,
575506-15,575506,2026-10-06,2026-10-07 04:45:00,night,BLACHOWNIA,Adrian Burkacki,Pawel Adamus,False,,0.5345038734798675,12,381,1397,1307.1435463374519,1283.1296321996692,0.3,0.1,3,3,0.3738193460876224,0.6261806539123775,0.3483759327907827,0.3090298584636989,0.31211114,0.3222747438544007,0.3268068239591469,Pawel Adamus,0.6261806539123775,Solid,False,,,
576511-9,576511,2026-10-07,2026-10-07 04:45:00,night,POCZESNA,Miroslaw Warzecha,Adam Staniczek,False,,0.8733566761420631,83,1797,1622,1618.2317874965813,1282.7880498862892,0.7,0.2,2,2,0.7777257654162473,0.22227423458375273,0.8324142787829898,0.8647162993154904,0.87260807,0.8602299813288856,0.8539832591681689,Miroslaw Warzecha,0.7777257654162473,Strong,False,,,
576032-1,576032,2026-10-07,2026-10-07 05:00:00,morning,OSP,Piotr Przewlocki,Jakub Pruszkowski,False,,0.5298487251940917,32,1595,3923,1374.1216974871554,1353.3559871905816,0.4,0.3,0,0,0.4238739783613443,0.5761260216386557,0.4158961060278641,0.3891515075557833,0.38582647,0.37051376521827983,0.39879628319419563,Jakub Pruszkowski,0.5761260216386557,Lean,False,,,
576035-1,576035,2026-10-07,2026-10-07 05:00:00,morning,HSC,Piotr Chodorski,Dawid Michna,False,,0.6195405827836046,24,2755,2287,2012.8527695873452,1928.1482009375231,0.7,0.5,0,0,0.5510495428257834,0.44895045717421656,0.6161917093342898,0.5558978799197027,0.5766933,0.5595519570511396,0.5527153258966818,Piotr Chodorski,0.5510495428257834,Lean,False,,,
576027-1,576027,2026-10-07,2026-10-07 05:00:00,morning,OSP,Karol Sulkowski,Mikolaj Lukaszewski,False,,0.612323851214816,37,1349,2441,1389.7133762096569,1310.3085386503594,0.5,0.4,0,0,0.5458347870808955,0.4541652129191045,0.5763382408343928,0.5663409518047722,0.55329096,0.5619184494141811,0.5688166966279775,Karol Sulkowski,0.5458347870808955,Coin flip,False,,,
576029-1,576029,2026-10-07,2026-10-07 05:00:00,morning,HSC,Krzysztof Kapik,Dawid Kosmal,False,,0.483282610412661,21,7463,770,1812.0257062164912,1823.646469811144,0.5,0.6,0,0,0.45787021039988474,0.5421297896001153,0.48221161809649743,0.4296047280753212,0.435341,0.4233742288603408,0.4275681809120619,Dawid Kosmal,0.5421297896001153,Coin flip,False,,,
576511-10,576511,2026-10-07,2026-10-07 05:05:00,night,POCZESNA,Witold Stechly,Dominik Bartosik,False,,0.11200288234086613,0,609,0,1140.3270572267797,1500.0,0.3,0.5,3,4,0.2359236461775842,0.7640763538224158,0.16189445703387295,0.1501912941067326,0.15774226,0.16611988205398226,0.15013790818915002,Dominik Bartosik,0.7640763538224158,Strong,True,,,
576021-1,576021,2026-10-07,2026-10-07 05:10:00,morning,BLACHOWNIA,Jakub Kaczmarek,Jakub Nowak,False,,0.5886252638913352,98,2856,3332,1282.5877900070525,1220.3472774292907,0.3,0.3,0,4,0.47344140965923087,0.5265585903407691,0.5034040819452326,0.43747836257965667,0.4551347,0.4542757436488783,0.4595982890531776,Jakub Nowak,0.5265585903407691,Coin flip,False,,,
576029-2,576029,2026-10-07,2026-10-07 05:20:00,morning,HSC,Jakub Zochniak,Mateusz Rutkowski,False,,0.33360127539024986,119,7387,4506,1670.0026027015679,1790.2051846631514,0.5,0.5,0,0,0.367150787754302,0.632849212245698,0.3175751682851633,0.32207139935882123,0.30406317,0.30759044590391194,0.32315296812536304,Mateusz Rutkowski,0.632849212245698,Solid,False,,,
576027-2,576027,2026-10-07,2026-10-07 05:25:00,morning,OSP,Bartlomiej Wisniewski,Jakub Lamperski,False,,0.21242581564295582,0,4839,69,1346.578657144473,1574.2123281954928,0.3,0.7,0,0,0.3961363266152007,0.6038636733847993,0.3970768266627767,0.3406808272385792,0.34303963,0.3498324004478359,0.3370753448266326,Jakub Lamperski,0.6038636733847993,Lean,False,,,
576032-2,576032,2026-10-07,2026-10-07 05:25:00,morning,OSP,Kacper Slawinski,Pawel Slosarczyk,False,,0.8113585974351419,11,3260,1244,1547.1543759928848,1293.724045722229,0.8,0.4,0,0,0.6490342559586559,0.35096574404134406,0.7198617082774732,0.7010908692822757,0.70637184,0.7069453607258421,0.6973507464113916,Kacper Slawinski,0.6490342559586559,Solid,False,,,
576035-2,576035,2026-10-07,2026-10-07 05:25:00,morning,HSC,Artur Grela,Maksymilian Miastowski,False,,0.6268318441132715,75,2983,2875,2084.3429523341956,1994.2443623784534,0.8,0.3,0,0,0.4674926615592609,0.532507338440739,0.4216155369216215,0.4676201341991037,0.46391916,0.45869978067051803,0.4567076196407084,Maksymilian Miastowski,0.532507338440739,Coin flip,False,,,
576511-11,576511,2026-10-07,2026-10-07 05:30:00,night,POCZESNA,Aleksander Barton,Miroslaw Warzecha,False,,0.04852594362800128,27,422,1797,1101.2626028529328,1618.2317874965813,0.1,0.7,3,3,0.17836659836590962,0.8216334016340904,0.10268405584833756,0.11595785574317213,0.10875827,0.08728425455771094,0.09068872960996849,Miroslaw Warzecha,0.8216334016340904,Strong,False,,,
576021-2,576021,2026-10-07,2026-10-07 05:35:00,morning,BLACHOWNIA,Rafal Idaczyk,Pawel Adamus,False,,0.6038303174560989,18,2058,1397,1356.3431030301144,1283.1296321996692,0.4,0.1,0,4,0.4622967210513396,0.5377032789486604,0.4527243520277733,0.4577278370684329,0.43764162,0.4325943663292046,0.45038994866064475,Pawel Adamus,0.5377032789486604,Coin flip,False,,,
576029-3,576029,2026-10-07,2026-10-07 05:40:00,morning,HSC,Jakub Kuzmicz,Krzysztof Wloczko,False,,0.5470307439572623,44,1352,4826,1896.2224966322876,1863.4452932416975,0.6,0.3,0,0,0.49424422109560867,0.5057557789043914,0.4907788910707374,0.5007491350319226,0.49283555,0.48381501380256303,0.49026173163581105,Krzysztof Wloczko,0.5057557789043914,Coin flip,False,,,
576035-3,576035,2026-10-07,2026-10-07 05:45:00,morning,HSC,Jakub Stecyszyn,Marcin Jadczyk,False,,0.2861910685109374,17,560,6688,1952.362779832726,2111.1331404810294,0.8,0.7,0,0,0.28086923014558335,0.7191307698544167,0.2122334739692644,0.209130483500233,0.19899485,0.2036344330060103,0.21131430092315046,Marcin Jadczyk,0.7191307698544167,Strong,False,,,
576027-3,576027,2026-10-07,2026-10-07 05:50:00,morning,OSP,Blazej Warpas,Bartek Sulkowski,False,,0.22639129306465636,15,847,1387,1445.3255463040466,1658.7901979266244,0.5,0.6,0,0,0.37457360736957934,0.6254263926304207,0.3443777035296375,0.3004381165166099,0.32441416,0.3244632788904778,0.3299859894215131,Bartek Sulkowski,0.6254263926304207,Solid,False,,,
576032-3,576032,2026-10-07,2026-10-07 05:50:00,morning,OSP,Lukasz Oracz,Oliver Vincenec,False,,0.5942465297659065,59,2168,1700,1418.3714830849628,1352.0897185242757,0.6,0.4,0,0,0.45876778761630554,0.5412322123836945,0.5343364854352625,0.4245495774884772,0.41810736,0.4143088888613122,0.41153942883843103,Oliver Vincenec,0.5412322123836945,Coin flip,False,,,
576511-12,576511,2026-10-07,2026-10-07 05:55:00,night,POCZESNA,Adam Staniczek,Andriej Fomin,False,,0.1728689476431308,30,1622,1006,1282.7880498862892,1554.7309848174552,0.2,0.7,3,4,0.34596424277401217,0.6540357572259878,0.27730099585154666,0.2735443925295319,0.2932192,0.3131419193066435,0.27843007785789636,Andriej Fomin,0.6540357572259878,Solid,False,,,
576029-4,576029,2026-10-07,2026-10-07 06:00:00,morning,HSC,Krzysztof Kapik,Jakub Zochniak,False,,0.6937161750339498,214,7463,7387,1812.0257062164912,1670.0026027015679,0.5,0.5,1,1,0.6326648348872888,0.36733516511271125,0.7384836854940798,0.6270296209560016,0.69511735,0.6846101992033932,0.6786520135916934,Krzysztof Kapik,0.6326648348872888,Solid,False,,,
576021-3,576021,2026-10-07,2026-10-07 06:00:00,morning,BLACHOWNIA,Mariusz Adamus,Adrian Burkacki,False,,0.5256532841820495,19,3409,381,1324.9849399764728,1307.1435463374519,0.6,0.3,5,4,0.47938041029832484,0.5206195897016752,0.4876116386997231,0.4775817237466029,0.46000087,0.46210087636250513,0.464840069264999,Adrian Burkacki,0.5206195897016752,Coin flip,False,,,
576027-4,576027,2026-10-07,2026-10-07 06:10:00,morning,OSP,Karol Sulkowski,Bartlomiej Wisniewski,False,,0.5617588665285993,22,1349,4839,1389.7133762096569,1346.578657144473,0.5,0.3,1,1,0.4800036089783964,0.5199963910216037,0.49226632537175014,0.472114310101871,0.4659405,0.4602919972502765,0.465753058330503,Bartlomiej Wisniewski,0.5199963910216037,Coin flip,False,,,
576032-4,576032,2026-10-07,2026-10-07 06:10:00,morning,OSP,Piotr Przewlocki,Kacper Slawinski,False,,0.2697175325614239,19,1595,3260,1374.1216974871554,1547.1543759928848,0.4,0.8,1,1,0.40916847022610564,0.5908315297738944,0.3614946585431627,0.38335481439165064,0.3711324,0.374230398233436,0.3682807627042105,Kacper Slawinski,0.5908315297738944,Lean,False,,,
576035-4,576035,2026-10-07,2026-10-07 06:10:00,morning,HSC,Piotr Chodorski,Artur Grela,False,,0.3985451753719288,73,2755,2983,2012.8527695873452,2084.3429523341956,0.7,0.8,1,1,0.5477895944583036,0.45221040554169645,0.5208380930130345,0.592212312660569,0.5683041,0.5944445671813822,0.5656080613607217,Piotr Chodorski,0.5477895944583036,Coin flip,False,,,
576511-13,576511,2026-10-07,2026-10-07 06:20:00,night,POCZESNA,Witold Stechly,Miroslaw Warzecha,False,,0.06002789832717761,72,609,1797,1140.3270572267797,1618.2317874965813,0.3,0.7,4,4,0.16484841863487704,0.8351515813651229,0.06892035601696977,0.10681648381385145,0.08506912,0.09303182242918528,0.09510215028316193,Miroslaw Warzecha,0.8351515813651229,Strong,False,,,
576021-4,576021,2026-10-07,2026-10-07 06:25:00,morning,BLACHOWNIA,Jakub Kaczmarek,Rafal Idaczyk,False,,0.3954237772472729,94,2856,2058,1282.5877900070525,1356.3431030301144,0.3,0.4,1,1,0.3510973619634719,0.6489026380365281,0.30153812850664213,0.2734228513398249,0.27841103,0.30344895176855796,0.31378464942019757,Rafal Idaczyk,0.6489026380365281,Solid,False,,,
576029-5,576029,2026-10-07,2026-10-07 06:25:00,morning,HSC,Krzysztof Wloczko,Dawid Kosmal,False,,0.5570259022826346,9,4826,770,1863.4452932416975,1823.646469811144,0.3,0.6,1,1,0.5914986378354364,0.40850136216456356,0.6041067130440737,0.6302045836576103,0.63617176,0.6307565942032803,0.646082555456257,Krzysztof Wloczko,0.5914986378354364,Lean,False,,,
576027-5,576027,2026-10-07,2026-10-07 06:30:00,morning,OSP,Bartek Sulkowski,Mikolaj Lukaszewski,False,,0.8814278678994119,8,1387,2441,1658.7901979266244,1310.3085386503594,0.6,0.4,1,1,0.7278792060789956,0.2721207939210044,0.7510546421818832,0.8165195708243733,0.83086854,0.8085128696344185,0.8087939554645207,Bartek Sulkowski,0.7278792060789956,Strong,False,,,
576032-5,576032,2026-10-07,2026-10-07 06:30:00,morning,OSP,Oliver Vincenec,Jakub Pruszkowski,False,,0.4981777009719287,34,1700,3923,1352.0897185242757,1353.3559871905816,0.4,0.3,1,1,0.45869144777567317,0.5413085522243268,0.41450775047141963,0.4410256218719959,0.44816428,0.4424478492573491,0.46100581046392075,Jakub Pruszkowski,0.5413085522243268,Coin flip,False,,,
576035-5,576035,2026-10-07,2026-10-07 06:30:00,morning,HSC,Marcin Jadczyk,Dawid Michna,False,,0.7414169023439627,114,6688,2287,2111.1331404810294,1928.1482009375231,0.7,0.5,1,1,0.577997735685254,0.42200226431474597,0.6388869383452489,0.6004000965632552,0.600932,0.6075858447896678,0.6040771042640678,Marcin Jadczyk,0.577997735685254,Lean,False,,,
576511-14,576511,2026-10-07,2026-10-07 06:40:00,night,POCZESNA,Dominik Bartosik,Andriej Fomin,False,,0.4218808955320754,0,0,1006,1500.0,1554.7309848174552,0.5,0.7,5,5,0.4069890376697324,0.5930109623302676,0.4556617859119256,0.3428537835669611,0.34946436,0.3554582285509037,0.33716846689500646,Andriej Fomin,0.5930109623302676,Lean,True,,,
576021-5,576021,2026-10-07,2026-10-07 06:50:00,morning,BLACHOWNIA,Adrian Burkacki,Jakub Nowak,False,,0.6223746056368176,15,381,3332,1307.1435463374519,1220.3472774292907,0.3,0.3,5,5,0.5467713606253615,0.45322863937463853,0.5590268287540603,0.5625805044555422,0.5750553,0.573665241683,0.5626349103254386,Adrian Burkacki,0.5467713606253615,Coin flip,False,,,
576029-6,576029,2026-10-07,2026-10-07 06:50:00,morning,HSC,Jakub Kuzmicz,Mateusz Rutkowski,False,,0.6480057444838332,105,1352,4506,1896.2224966322876,1790.2051846631514,0.6,0.5,1,1,0.5149854165759025,0.48501458342409753,0.5680602047212502,0.5139326638451545,0.50410664,0.5091219295146248,0.5105515463485312,Jakub Kuzmicz,0.5149854165759025,Coin flip,False,,,
576032-6,576032,2026-10-07,2026-10-07 06:55:00,morning,OSP,Lukasz Oracz,Pawel Slosarczyk,False,,0.672062505989118,11,2168,1244,1418.3714830849628,1293.724045722229,0.6,0.4,1,1,0.6151392174033607,0.38486078259663925,0.6587078237512172,0.6724495859222095,0.65780014,0.6632875070948034,0.654886855138067,Lukasz Oracz,0.6151392174033607,Lean,False,,,
576035-6,576035,2026-10-07,2026-10-07 06:55:00,morning,HSC,Jakub Stecyszyn,Maksymilian Miastowski,False,,0.4400178117702001,9,560,2875,1952.362779832726,1994.2443623784534,0.8,0.3,1,1,0.3912148749418633,0.6087851250581366,0.3234558370660166,0.3655821983662026,0.34647226,0.35803070989794183,0.34227801057743207,Maksymilian Miastowski,0.6087851250581366,Lean,False,,,
576027-6,576027,2026-10-07,2026-10-07 06:55:00,morning,OSP,Blazej Warpas,Jakub Lamperski,False,,0.3225818225743611,1,847,69,1445.3255463040466,1574.2123281954928,0.5,0.7,1,1,0.4642277903215642,0.5357722096784359,0.4429239114324177,0.44371311534746066,0.45759773,0.4520200046808925,0.44866816668145365,Jakub Lamperski,0.5357722096784359,Coin flip,False,,,
576511-15,576511,2026-10-07,2026-10-07 07:05:00,night,POCZESNA,Aleksander Barton,Adam Staniczek,False,,0.2601970822482278,26,422,1622,1101.2626028529328,1282.7880498862892,0.1,0.2,4,4,0.33728494052751823,0.6627150594724818,0.28225600726417266,0.27621466675215434,0.2788362,0.27616180623373887,0.26519058086837943,Adam Staniczek,0.6627150594724818,Solid,False,,,
576021-6,576021,2026-10-07,2026-10-07 07:10:00,morning,BLACHOWNIA,Mariusz Adamus,Pawel Adamus,False,,0.5599449196355168,27,3409,1397,1324.9849399764728,1283.1296321996692,0.6,0.1,6,5,0.42154955363256413,0.5784504463674358,0.36605629965805436,0.3982356842036788,0.39684248,0.39415134108719535,0.38934318362861386,Pawel Adamus,0.5784504463674358,Lean,False,,,
576027-7,576027,2026-10-07,2026-10-07 07:15:00,morning,OSP,Bartlomiej Wisniewski,Mikolaj Lukaszewski,False,,0.5520081042599304,115,4839,2441,1346.578657144473,1310.3085386503594,0.3,0.4,2,2,0.5374174523781209,0.4625825476218791,0.5774335496733238,0.5559284866239725,0.5420518,0.5571447998878811,0.5329300313893867,Bartlomiej Wisniewski,0.5374174523781209,Coin flip,False,,,
576029-7,576029,2026-10-07,2026-10-07 07:15:00,morning,HSC,Jakub Zochniak,Dawid Kosmal,False,,0.2922574728828354,26,7387,770,1670.0026027015679,1823.646469811144,0.5,0.6,2,2,0.4180759343706789,0.5819240656293211,0.39907632274924043,0.37170888623267545,0.3786712,0.37851369495506443,0.39269571371836165,Dawid Kosmal,0.5819240656293211,Lean,False,,,
576032-7,576032,2026-10-07,2026-10-07 07:15:00,morning,OSP,Kacper Slawinski,Jakub Pruszkowski,False,,0.7531703861958439,115,3260,3923,1547.1543759928848,1353.3559871905816,0.8,0.3,2,2,0.5448278418484681,0.4551721581515319,0.6133210302748945,0.569083600832698,0.54084927,0.5449770432553945,0.5493933971515735,Kacper Slawinski,0.5448278418484681,Coin flip,False,,,
576035-7,576035,2026-10-07,2026-10-07 07:15:00,morning,HSC,Artur Grela,Dawid Michna,False,,0.7107705335402534,67,2983,2287,2084.3429523341956,1928.1482009375231,0.8,0.5,2,2,0.5006596790586866,0.4993403209413134,0.5509761869855535,0.5006633088970727,0.48790708,0.48724201069414097,0.4754805778793609,Artur Grela,0.5006596790586866,Coin flip,False,,,
576014-1,576014,2026-10-07,2026-10-07 07:30:00,morning,POCZESNA,Rafal Gajda,Oskar Sokolowski,False,,0.7417657512639814,6,864,420,1397.107213132915,1213.8060385358337,0.8,0.2,0,0,0.6178968208742505,0.38210317912574954,0.6399080252941519,0.6758438667212956,0.667435,0.6659495784424521,0.6779795275100132,Rafal Gajda,0.6178968208742505,Lean,False,,,
576021-7,576021,2026-10-07,2026-10-07 07:35:00,morning,BLACHOWNIA,Rafal Idaczyk,Jakub Nowak,False,,0.6862950842370595,52,2058,3332,1356.3431030301144,1220.3472774292907,0.4,0.3,2,6,0.5290151349616237,0.47098486503837633,0.6221775406205374,0.5186766322529195,0.5370956,0.5006742519779691,0.5252104995612361,Rafal Idaczyk,0.5290151349616237,Coin flip,False,,,
576029-8,576029,2026-10-07,2026-10-07 07:35:00,morning,HSC,Krzysztof Kapik,Jakub Kuzmicz,False,,0.3811486395532438,70,7463,1352,1812.0257062164912,1896.2224966322876,0.5,0.6,2,2,0.3929812531202388,0.6070187468797612,0.37788105344587375,0.3467893790834228,0.3406466,0.3429055913702169,0.33831076175131036,Jakub Kuzmicz,0.6070187468797612,Lean,False,,,
576027-8,576027,2026-10-07,2026-10-07 07:40:00,morning,OSP,Karol Sulkowski,Blazej Warpas,False,,0.42064421615130576,17,1349,847,1389.7133762096569,1445.3255463040466,0.5,0.5,2,2,0.4837699423046112,0.5162300576953889,0.4652371269019925,0.48629740859442483,0.4786147,0.4867897371758165,0.4668864082131359,Blazej Warpas,0.5162300576953889,Coin flip,False,,,
576032-8,576032,2026-10-07,2026-10-07 07:40:00,morning,OSP,Piotr Przewlocki,Lukasz Oracz,False,,0.436661537806997,23,1595,2168,1374.1216974871554,1418.3714830849628,0.4,0.6,2,2,0.46232016602043324,0.5376798339795668,0.45673357898942757,0.4403761932364731,0.44563118,0.4382865426336761,0.4502839925008812,Lukasz Oracz,0.5376798339795668,Coin flip,False,,,
576035-8,576035,2026-10-07,2026-10-07 07:40:00,morning,HSC,Piotr Chodorski,Jakub Stecyszyn,False,,0.5861830464070215,13,2755,560,2012.8527695873452,1952.362779832726,0.7,0.8,2,2,0.6128609172253042,0.3871390827746958,0.6616980687881822,0.6522943545153108,0.6632638,0.6606534682026624,0.6538018878028914,Piotr Chodorski,0.6128609172253042,Lean,False,,,
576014-2,576014,2026-10-07,2026-10-07 07:55:00,morning,POCZESNA,Kacper Adamus,Oliwier Sokolowski,False,,0.5202973513168537,16,2290,633,1378.9292583796453,1364.817458939557,0.6,0.5,0,0,0.6024408489804383,0.39755915101956174,0.6293192605148411,0.6541960473788755,0.6444268,0.6526446197290984,0.6407333375934048,Kacper Adamus,0.6024408489804383,Lean,False,,,
576029-9,576029,2026-10-07,2026-10-07 08:00:00,morning,HSC,Krzysztof Wloczko,Mateusz Rutkowski,False,,0.6038669985637741,34,4826,4506,1863.4452932416975,1790.2051846631514,0.3,0.5,2,2,0.5777504320559199,0.4222495679440801,0.6287399496276087,0.6040629723272094,0.6023629,0.613246340029272,0.601877059378363,Krzysztof Wloczko,0.5777504320559199,Lean,False,,,
576021-8,576021,2026-10-07,2026-10-07 08:00:00,morning,BLACHOWNIA,Jakub Kaczmarek,Mariusz Adamus,False,,0.4392866591981259,134,2856,3409,1282.5877900070525,1324.9849399764728,0.3,0.6,2,7,0.4679290251950167,0.5320709748049832,0.47166172767184006,0.4247213543777429,0.4541441,0.45051316812241127,0.47120391125165095,Mariusz Adamus,0.5320709748049832,Coin flip,False,,,
576027-9,576027,2026-10-07,2026-10-07 08:05:00,morning,OSP,Bartek Sulkowski,Jakub Lamperski,False,,0.6193686555993261,1,1387,69,1658.7901979266244,1574.2123281954928,0.6,0.7,2,2,0.5277316322957845,0.47226836770421554,0.5929077194287096,0.5310412677619464,0.5232532,0.5203576761768234,0.528747788971963,Bartek Sulkowski,0.5277316322957845,Coin flip,False,,,
576032-9,576032,2026-10-07,2026-10-07 08:05:00,morning,OSP,Oliver Vincenec,Pawel Slosarczyk,False,,0.5832136439118794,25,1700,1244,1352.0897185242757,1293.724045722229,0.4,0.4,2,2,0.5425365777485132,0.45746342225148684,0.6015423193443648,0.5484941350116196,0.5494936,0.5580113033491149,0.5442131378176693,Oliver Vincenec,0.5425365777485132,Coin flip,False,,,
576035-9,576035,2026-10-07,2026-10-07 08:05:00,morning,HSC,Marcin Jadczyk,Maksymilian Miastowski,False,,0.6621445837140557,115,6688,2875,2111.1331404810294,1994.2443623784534,0.7,0.3,2,2,0.5094885908762593,0.4905114091237407,0.5835013299565849,0.5073260803100585,0.4992975,0.48934799664384965,0.4851273091658867,Marcin Jadczyk,0.5094885908762593,Coin flip,False,,,
576014-3,576014,2026-10-07,2026-10-07 08:20:00,morning,POCZESNA,Rafal Niemiec,Wojciech Urban,False,,0.6198826843782625,7,281,1768,1539.9985986129686,1455.041858037631,0.7,0.6,0,0,0.5149673698195605,0.4850326301804395,0.5331832110688144,0.519983825331819,0.5047548,0.5273591880551534,0.5221162352911625,Rafal Niemiec,0.5149673698195605,Coin flip,False,,,
576021-9,576021,2026-10-07,2026-10-07 08:25:00,morning,BLACHOWNIA,Adrian Burkacki,Pawel Adamus,False,,0.5345038734798675,12,381,1397,1307.1435463374519,1283.1296321996692,0.3,0.1,6,6,0.414691339103158,0.5853086608968421,0.3979572034369556,0.36552057102120344,0.3722852,0.37212494613281877,0.3893378914686093,Pawel Adamus,0.5853086608968421,Lean,False,,,
576029-10,576029,2026-10-07,2026-10-07 08:25:00,morning,HSC,Jakub Zochniak,Jakub Kuzmicz,False,,0.21379055782799514,31,7387,1352,1670.0026027015679,1896.2224966322876,0.5,0.6,3,3,0.3039076498766349,0.6960923501233651,0.31228105953766866,0.21617075314146506,0.22294438,0.20533488161144842,0.2119804956791479,Jakub Kuzmicz,0.6960923501233651,Solid,False,,,
576027-10,576027,2026-10-07,2026-10-07 08:30:00,morning,OSP,Bartlomiej Wisniewski,Blazej Warpas,False,,0.36159852956701133,34,4839,847,1346.578657144473,1445.3255463040466,0.3,0.5,3,3,0.47152137473540895,0.528478625264591,0.4563362752868883,0.4618865030232734,0.4594655,0.4650498123699168,0.4539219716685717,Blazej Warpas,0.528478625264591,Coin flip,False,,,
576032-10,576032,2026-10-07,2026-10-07 08:30:00,morning,OSP,Kacper Slawinski,Lukasz Oracz,False,,0.6772874797088481,28,3260,2168,1547.1543759928848,1418.3714830849628,0.8,0.6,3,3,0.535486646659692,0.46451335334030797,0.5975247382658329,0.54558492610203,0.5339301,0.5373567901961248,0.5371644884975904,Kacper Slawinski,0.535486646659692,Coin flip,False,,,
576035-10,576035,2026-10-07,2026-10-07 08:30:00,morning,HSC,Artur Grela,Jakub Stecyszyn,False,,0.6812970531165392,13,2983,560,2084.3429523341956,1952.362779832726,0.8,0.8,3,3,0.5874773638311059,0.41252263616889406,0.6410341237053183,0.6182440287204511,0.61614203,0.6182906155300211,0.6244120218822121,Artur Grela,0.5874773638311059,Lean,False,,,
576014-4,576014,2026-10-07,2026-10-07 08:45:00,morning,POCZESNA,Rafal Gajda,Kacper Adamus,False,,0.526136335414331,107,864,2290,1397.107213132915,1378.9292583796453,0.8,0.6,1,1,0.44829460838009083,0.5517053916199092,0.4568798015187266,0.40517123083197026,0.426772,0.42304297721192746,0.41936850211130094,Kacper Adamus,0.5517053916199092,Lean,False,,,
576021-10,576021,2026-10-07,2026-10-07 08:45:00,morning,BLACHOWNIA,Rafal Idaczyk,Mariusz Adamus,False,,0.5450058822744551,76,2058,3409,1356.3431030301144,1324.9849399764728,0.4,0.6,3,8,0.558678335220703,0.441321664779297,0.5917982380426174,0.5867922827785808,0.5758544,0.5810084096483523,0.5815301386216205,Rafal Idaczyk,0.558678335220703,Lean,False,,,
576029-11,576029,2026-10-07,2026-10-07 08:50:00,morning,HSC,Krzysztof Kapik,Krzysztof Wloczko,False,,0.42653684495144567,208,7463,4826,1812.0257062164912,1863.4452932416975,0.5,0.3,3,3,0.3521408450411887,0.6478591549588113,0.2997634500978857,0.3064632197666243,0.29436257,0.29495227297863136,0.27855843605123687,Krzysztof Wloczko,0.6478591549588113,Solid,False,,,
576035-11,576035,2026-10-07,2026-10-07 08:55:00,morning,HSC,Piotr Chodorski,Marcin Jadczyk,False,,0.36221869287893205,140,2755,6688,2012.8527695873452,2111.1331404810294,0.7,0.7,3,3,0.5236727528829175,0.4763272471170825,0.4855432977015073,0.5472491579561422,0.54041815,0.5512891171893893,0.5462080097941645,Piotr Chodorski,0.5236727528829175,Coin flip,False,,,
576032-11,576032,2026-10-07,2026-10-07 08:55:00,morning,OSP,Piotr Przewlocki,Oliver Vincenec,False,,0.5316641349546269,31,1595,1700,1374.1216974871554,1352.0897185242757,0.4,0.4,3,3,0.47236781829646335,0.5276321817035367,0.5066142923379235,0.45214306984893,0.45771256,0.44332520035288303,0.44070909503327094,Oliver Vincenec,0.5276321817035367,Coin flip,False,,,
576027-11,576027,2026-10-07,2026-10-07 08:55:00,morning,OSP,Karol Sulkowski,Bartek Sulkowski,False,,0.1752407624868024,46,1349,1387,1389.7133762096569,1658.7901979266244,0.5,0.6,3,3,0.32126997647653516,0.6787300235234648,0.30423040568273696,0.23812236534269604,0.23752823,0.2513585786275108,0.24642739188767016,Bartek Sulkowski,0.6787300235234648,Solid,False,,,
576014-5,576014,2026-10-07,2026-10-07 09:10:00,morning,POCZESNA,Wojciech Urban,Oskar Sokolowski,False,,0.8003790332299132,4,1768,420,1455.041858037631,1213.8060385358337,0.6,0.2,1,1,0.6606489626518779,0.3393510373481221,0.6727304805637955,0.7328579259810069,0.7313304,0.7366534623548898,0.7354232486533248,Wojciech Urban,0.6606489626518779,Solid,False,,,
576021-11,576021,2026-10-07,2026-10-07 09:10:00,morning,BLACHOWNIA,Jakub Kaczmarek,Adrian Burkacki,False,,0.4647201503990514,31,2856,381,1282.5877900070525,1307.1435463374519,0.3,0.3,3,7,0.4659796509843188,0.5340203490156812,0.4561541490673068,0.4514068844801302,0.458497,0.44432075435032287,0.44618904223528605,Adrian Burkacki,0.5340203490156812,Coin flip,False,,,
576029-12,576029,2026-10-07,2026-10-07 09:15:00,morning,HSC,Mateusz Rutkowski,Dawid Kosmal,False,,0.45202219252628295,11,4506,770,1790.2051846631514,1823.646469811144,0.5,0.6,3,3,0.5131561268370657,0.4868438731629343,0.4922108545786043,0.5184776241931115,0.53001964,0.5255593842294437,0.5286171673159978,Mateusz Rutkowski,0.5131561268370657,Coin flip,False,,,
576027-12,576027,2026-10-07,2026-10-07 09:20:00,morning,OSP,Jakub Lamperski,Mikolaj Lukaszewski,False,,0.8204136228823409,1,69,2441,1574.2123281954928,1310.3085386503594,0.7,0.4,3,3,0.6711552635550677,0.3288447364449323,0.6676480867828576,0.7548458239755718,0.75500673,0.7435999312336115,0.7547528638310327,Jakub Lamperski,0.6711552635550677,Solid,False,,,
576032-12,576032,2026-10-07,2026-10-07 09:20:00,morning,OSP,Pawel Slosarczyk,Jakub Pruszkowski,False,,0.41501560524294817,25,1244,3923,1293.724045722229,1353.3559871905816,0.4,0.3,3,3,0.356796267416461,0.643203732583539,0.2938709745890788,0.30679334124806373,0.29898995,0.2909428562030703,0.31585301317026715,Jakub Pruszkowski,0.643203732583539,Solid,False,,,
576035-12,576035,2026-10-07,2026-10-07 09:20:00,morning,HSC,Maksymilian Miastowski,Dawid Michna,False,,0.5939888896069861,59,2875,2287,1994.2443623784534,1928.1482009375231,0.3,0.5,3,3,0.5749602082880413,0.4250397917119587,0.5939591658499103,0.6084107647486747,0.60817313,0.6084062858071223,0.6129282878600739,Maksymilian Miastowski,0.5749602082880413,Lean,False,,,
576014-6,576014,2026-10-07,2026-10-07 09:30:00,morning,POCZESNA,Rafal Niemiec,Oliwier Sokolowski,False,,0.7327115518885985,10,281,633,1539.9985986129686,1364.817458939557,0.7,0.5,1,1,0.6542749257280003,0.3457250742719997,0.6907355694331205,0.7170794174726799,0.71533775,0.7235797694238579,0.7205929048104494,Rafal Niemiec,0.6542749257280003,Solid,False,,,
576021-12,576021,2026-10-07,2026-10-07 09:35:00,morning,BLACHOWNIA,Pawel Adamus,Jakub Nowak,False,,0.5893803294215434,43,1397,3332,1283.1296321996692,1220.3472774292907,0.1,0.3,7,7,0.6235673872484582,0.37643261275154183,0.6604050670428789,0.6628466789789331,0.67776084,0.6836636461097138,0.680464769744257,Pawel Adamus,0.6235673872484582,Solid,False,,,
576027-13,576027,2026-10-07,2026-10-07 09:40:00,morning,OSP,Bartlomiej Wisniewski,Bartek Sulkowski,False,,0.14218808982805803,4,4839,1387,1346.578657144473,1658.7901979266244,0.3,0.6,4,4,0.3222643470658656,0.6777356529341344,0.32015900999237834,0.2367165348027609,0.24693021,0.24021590958049854,0.23846129134576816,Bartek Sulkowski,0.6777356529341344,Solid,False,,,
576029-13,576029,2026-10-07,2026-10-07 09:40:00,morning,HSC,Jakub Zochniak,Krzysztof Wloczko,False,,0.24721046294253018,15,7387,4826,1670.0026027015679,1863.4452932416975,0.5,0.3,4,4,0.28075014844833707,0.719249851551663,0.29431611567410104,0.1954786342164283,0.19140753,0.17584824735053656,0.17340128106622577,Krzysztof Wloczko,0.719249851551663,Strong,False,,,
576032-13,576032,2026-10-07,2026-10-07 09:45:00,morning,OSP,Kacper Slawinski,Oliver Vincenec,False,,0.7545229863173898,30,3260,1700,1547.1543759928848,1352.0897185242757,0.8,0.4,4,4,0.5723079501560792,0.42769204984392084,0.6577724628830777,0.581973260863484,0.5881995,0.591519218433716,0.592041096321783,Kacper Slawinski,0.5723079501560792,Lean,False,,,
576035-13,576035,2026-10-07,2026-10-07 09:45:00,morning,HSC,Artur Grela,Marcin Jadczyk,False,,0.4615220493131562,189,2983,6688,2084.3429523341956,2111.1331404810294,0.8,0.7,4,4,0.4764224734553381,0.5235775265446618,0.435205426635978,0.46705773440745485,0.47227588,0.46293946105237727,0.49633952862621655,Marcin Jadczyk,0.5235775265446618,Coin flip,False,,,
576014-7,576014,2026-10-07,2026-10-07 09:55:00,morning,POCZESNA,Kacper Adamus,Oskar Sokolowski,False,,0.7212208804679705,5,2290,420,1378.9292583796453,1213.8060385358337,0.6,0.2,2,2,0.5965453662292705,0.40345463377072954,0.6285327695106244,0.6421117660372465,0.6328342,0.6456872482162559,0.6317588732856727,Kacper Adamus,0.5965453662292705,Lean,False,,,
576021-13,576021,2026-10-07,2026-10-07 10:00:00,morning,BLACHOWNIA,Rafal Idaczyk,Adrian Burkacki,False,,0.5703343487363273,3,2058,381,1356.3431030301144,1307.1435463374519,0.4,0.3,4,8,0.5126902508909553,0.4873097491090447,0.5582900482148938,0.5080017022875106,0.5129445,0.49016709952408444,0.520109162388702,Rafal Idaczyk,0.5126902508909553,Coin flip,False,,,
576029-14,576029,2026-10-07,2026-10-07 10:05:00,morning,HSC,Jakub Kuzmicz,Dawid Kosmal,False,,0.6029521872781708,12,1352,770,1896.2224966322876,1823.646469811144,0.6,0.6,4,4,0.5600448219496417,0.43995517805035833,0.5987721217129602,0.5765657112947642,0.58550066,0.5879123525225386,0.5774626093436834,Jakub Kuzmicz,0.5600448219496417,Lean,False,,,
576035-14,576035,2026-10-07,2026-10-07 10:05:00,morning,HSC,Jakub Stecyszyn,Dawid Michna,False,,0.5347912666036282,0,560,2287,1952.362779832726,1928.1482009375231,0.8,0.5,4,4,0.4194704928208452,0.5805295071791547,0.41026132782890073,0.3797908929080263,0.3792934,0.3780621544546473,0.3818996798422351,Dawid Michna,0.5805295071791547,Lean,False,,,
576027-14,576027,2026-10-07,2026-10-07 10:10:00,morning,OSP,Blazej Warpas,Mikolaj Lukaszewski,False,,0.6850807316703148,49,847,2441,1445.3255463040466,1310.3085386503594,0.5,0.4,4,4,0.5707428790702099,0.42925712092979007,0.6258581947711988,0.5967848977751218,0.583048,0.5994183406693168,0.5965520706925735,Blazej Warpas,0.5707428790702099,Lean,False,,,
576032-14,576032,2026-10-07,2026-10-07 10:10:00,morning,OSP,Lukasz Oracz,Jakub Pruszkowski,False,,0.5924877681178081,53,2168,3923,1418.3714830849628,1353.3559871905816,0.6,0.3,4,4,0.42409215797929967,0.5759078420207003,0.4568848214921921,0.38435151496707487,0.36946896,0.3747634412372313,0.3747007079562913,Jakub Pruszkowski,0.5759078420207003,Lean,False,,,
576014-8,576014,2026-10-07,2026-10-07 10:20:00,morning,POCZESNA,Rafal Gajda,Rafal Niemiec,False,,0.30522285971436836,0,864,281,1397.107213132915,1539.9985986129686,0.8,0.7,2,2,0.3722988221092887,0.6277011778907113,0.33564746900671466,0.3131755992250814,0.32103145,0.3168791002335437,0.3211854352947646,Rafal Niemiec,0.6277011778907113,Solid,False,,,
576021-14,576021,2026-10-07,2026-10-07 10:20:00,morning,BLACHOWNIA,Mariusz Adamus,Jakub Nowak,False,,0.6461921199694118,83,3409,3332,1324.9849399764728,1220.3472774292907,0.6,0.3,9,8,0.4709330050506608,0.5290669949493392,0.5404496056384455,0.43976196481826146,0.44407657,0.4313385869226776,0.4339284895166757,Jakub Nowak,0.5290669949493392,Coin flip,False,,,
576029-15,576029,2026-10-07,2026-10-07 10:30:00,morning,HSC,Krzysztof Kapik,Mateusz Rutkowski,False,,0.5313610320679281,352,7463,4506,1812.0257062164912,1790.2051846631514,0.5,0.5,4,4,0.41854411498296923,0.5814558850170308,0.4313995118161055,0.3762344701065023,0.376806,0.36613787518550767,0.3710705495368538,Mateusz Rutkowski,0.5814558850170308,Lean,False,,,
576035-15,576035,2026-10-07,2026-10-07 10:30:00,morning,HSC,Piotr Chodorski,Maksymilian Miastowski,False,,0.5267540733094249,45,2755,2875,2012.8527695873452,1994.2443623784534,0.7,0.3,4,4,0.511785221263392,0.488214778736608,0.525723288296859,0.5299459478399587,0.5065831,0.5107358990829061,0.5106018001393637,Piotr Chodorski,0.511785221263392,Coin flip,False,,,
576027-15,576027,2026-10-07,2026-10-07 10:35:00,morning,OSP,Karol Sulkowski,Jakub Lamperski,False,,0.2569157268077412,1,1349,69,1389.7133762096569,1574.2123281954928,0.5,0.7,4,4,0.42602329655118126,0.5739767034488188,0.40348106896633423,0.38475324219464396,0.40241486,0.38952877463186336,0.39500958788356655,Jakub Lamperski,0.5739767034488188,Lean,False,,,
576032-15,576032,2026-10-07,2026-10-07 10:35:00,morning,OSP,Piotr Przewlocki,Pawel Slosarczyk,False,,0.613679646299846,41,1595,1244,1374.1216974871554,1293.724045722229,0.4,0.4,4,4,0.5802765650354185,0.41972343496458153,0.637642855423945,0.6044847695102258,0.61141014,0.605806243902606,0.6081568411486393,Piotr Przewlocki,0.5802765650354185,Lean,False,,,
576014-9,576014,2026-10-07,2026-10-07 10:45:00,morning,POCZESNA,Wojciech Urban,Oliwier Sokolowski,False,,0.6270012324946261,11,1768,633,1455.041858037631,1364.817458939557,0.6,0.5,2,2,0.5887952412639322,0.41120475873606777,0.6243299405610832,0.6257103963718887,0.6188241,0.6276658862520887,0.6314729103544403,Wojciech Urban,0.5887952412639322,Lean,False,,,
576021-15,576021,2026-10-07,2026-10-07 10:45:00,morning,BLACHOWNIA,Jakub Kaczmarek,Pawel Adamus,False,,0.499220227035013,32,2856,1397,1282.5877900070525,1283.1296321996692,0.3,0.1,4,8,0.3813202138902798,0.6186797861097202,0.35857803812402095,0.33426756765382165,0.32060963,0.3263085900059617,0.3282934193527653,Pawel Adamus,0.6186797861097202,Lean,False,,,
576048-1,576048,2026-10-07,2026-10-07 11:00:00,afternoon,HSC,Artur Grela,Dawid Michna,False,,0.7107705335402534,67,2983,2287,2084.3429523341956,1928.1482009375231,0.8,0.5,5,5,0.4951030666176482,0.5048969333823519,0.5334489007834282,0.49822351981732604,0.4827202,0.4809235031555099,0.4673151514820949,Dawid Michna,0.5048969333823519,Coin flip,False,,,
576046-1,576046,2026-10-07,2026-10-07 11:00:00,afternoon,OSP,Oliver Vincenec,Jakub Pruszkowski,False,,0.4981777009719287,34,1700,3923,1352.0897185242757,1353.3559871905816,0.4,0.3,5,5,0.43816100188640156,0.5618389981135985,0.4254663238052862,0.40433026814547807,0.4089834,0.40213586952372343,0.4198537890429584,Jakub Pruszkowski,0.5618389981135985,Lean,False,,,
576042-1,576042,2026-10-07,2026-10-07 11:00:00,afternoon,OSP,Dominik Solilo,Michal Minda,False,,0.6210816811053078,37,586,6626,1575.2244609689633,1489.3832137671034,0.3,0.2,0,0,0.4362816379026992,0.5637183620973008,0.4952551171576513,0.40174786515749206,0.3876636,0.37024557963827737,0.3893852342780352,Michal Minda,0.5637183620973008,Lean,False,,,
576044-1,576044,2026-10-07,2026-10-07 11:00:00,afternoon,HSC,Jakub Stecyszyn,Grzegorz Poliniewicz,False,,0.7120822251384978,2,560,6662,1952.362779832726,1795.0581126869922,0.8,0.4,5,0,0.5558836291736845,0.4441163708263155,0.5426109007901601,0.585873374045692,0.5942019,0.59458316042099,0.5808239354533251,Jakub Stecyszyn,0.5558836291736845,Lean,False,,,
576014-10,576014,2026-10-07,2026-10-07 11:05:00,morning,POCZESNA,Kacper Adamus,Rafal Niemiec,False,,0.2834952203677232,6,2290,281,1378.9292583796453,1539.9985986129686,0.6,0.7,3,3,0.43461058588893864,0.5653894141110614,0.3805530957259307,0.41930641306830596,0.4189928,0.4091732616469731,0.4077267795105972,Rafal Niemiec,0.5653894141110614,Lean,False,,,
576044-2,576044,2026-10-07,2026-10-07 11:20:00,afternoon,HSC,Krzysztof Kapik,Krzysztof Wloczko,False,,0.42653684495144567,208,7463,4826,1812.0257062164912,1863.4452932416975,0.5,0.3,5,5,0.3753435308986843,0.6246564691013157,0.29406544054421113,0.35079524743867785,0.3372497,0.3326734245036709,0.31309057282475644,Krzysztof Wloczko,0.6246564691013157,Solid,False,,,
576048-2,576048,2026-10-07,2026-10-07 11:20:00,afternoon,HSC,Piotr Chodorski,Jakub Folwarski,False,,0.15762777021140148,28,2755,994,2012.8527695873452,2304.00129321176,0.7,0.8,5,0,0.3495114165772978,0.6504885834227022,0.2748271737593745,0.29644527088418543,0.30267587,0.3052304430500963,0.27854298805314476,Jakub Folwarski,0.6504885834227022,Solid,False,,,
576042-2,576042,2026-10-07,2026-10-07 11:25:00,afternoon,OSP,Karol Sulkowski,Bartosz Czerwinski,False,,0.28159799949536096,6,1349,4928,1389.7133762096569,1552.40856333766,0.5,0.3,5,0,0.38539944888481265,0.6146005511151873,0.3168612469987479,0.34838943105046516,0.3438538,0.3448852169966735,0.3427047259494597,Bartosz Czerwinski,0.6146005511151873,Lean,False,,,
576046-2,576046,2026-10-07,2026-10-07 11:25:00,afternoon,OSP,Kacper Slawinski,Pawel Slosarczyk,False,,0.8113585974351419,11,3260,1244,1547.1543759928848,1293.724045722229,0.8,0.4,5,5,0.6414982251386039,0.3585017748613961,0.7275351034018284,0.6928575593619282,0.687724,0.6861607157980439,0.6877371260170884,Kacper Slawinski,0.6414982251386039,Solid,False,,,
576014-11,576014,2026-10-07,2026-10-07 11:30:00,morning,POCZESNA,Rafal Gajda,Wojciech Urban,False,,0.41738959826855226,2,864,1768,1397.107213132915,1455.041858037631,0.8,0.6,3,3,0.4364591839967846,0.5635408160032154,0.41351825203479714,0.3971195225715215,0.41935974,0.41156398396452315,0.406788444331404,Wojciech Urban,0.5635408160032154,Lean,False,,,
576048-3,576048,2026-10-07,2026-10-07 11:40:00,afternoon,HSC,Maksymilian Miastowski,Marcin Jadczyk,False,,0.3378554162859443,115,2875,6688,1994.2443623784534,2111.1331404810294,0.3,0.7,5,5,0.49398893133203337,0.5060110686679666,0.4176812002602976,0.5002702672036584,0.50464755,0.5133779006576353,0.524542858579844,Marcin Jadczyk,0.5060110686679666,Coin flip,False,,,
576044-3,576044,2026-10-07,2026-10-07 11:45:00,afternoon,HSC,Dawid Kosmal,Mateusz Rutkowski,False,,0.547977807473717,11,770,4506,1823.646469811144,1790.2051846631514,0.6,0.5,5,5,0.48274789680231106,0.5172521031976889,0.48628966003712326,0.4801314288382495,0.46674407,0.47010009748775455,0.47328060006554795,Mateusz Rutkowski,0.5172521031976889,Coin flip,False,,,
576042-3,576042,2026-10-07,2026-10-07 11:50:00,afternoon,OSP,Milosz Kukawka,Rafal Stapor,False,,0.3460551936066772,64,835,1299,1468.3860373297484,1578.9443267077,0.4,0.4,0,0,0.4969385910244041,0.5030614089755959,0.4763070865619489,0.5055537620145489,0.49592462,0.5026450852630494,0.49827362527310975,Rafal Stapor,0.5030614089755959,Coin flip,False,,,
576046-3,576046,2026-10-07,2026-10-07 11:50:00,afternoon,OSP,Lukasz Oracz,Piotr Przewlocki,False,,0.5633384621930029,23,2168,1595,1418.3714830849628,1374.1216974871554,0.6,0.4,5,5,0.4798757630426371,0.5201242369573629,0.5129087235600864,0.46204568322552203,0.45982957,0.459704246989703,0.46058297269315746,Piotr Przewlocki,0.5201242369573629,Coin flip,False,,,
576014-12,576014,2026-10-07,2026-10-07 11:55:00,morning,POCZESNA,Oliwier Sokolowski,Oskar Sokolowski,False,,0.7045982761753494,30,633,420,1364.817458939557,1213.8060385358337,0.5,0.2,3,3,0.516244059263963,0.483755940736037,0.5509018259113558,0.5204176946187298,0.5140644,0.5109058388765795,0.5188972592073066,Oliwier Sokolowski,0.516244059263963,Coin flip,False,,,
576048-4,576048,2026-10-07,2026-10-07 12:00:00,afternoon,HSC,Artur Grela,Piotr Chodorski,False,,0.6014548246280711,73,2983,2755,2084.3429523341956,2012.8527695873452,0.8,0.7,6,6,0.4402657216966968,0.5597342783033032,0.49479240380039896,0.38560947421279296,0.40159297,0.38696554273927514,0.4043728838382194,Piotr Chodorski,0.5597342783033032,Lean,False,,,
576044-4,576044,2026-10-07,2026-10-07 12:05:00,afternoon,HSC,Jakub Stecyszyn,Krzysztof Kapik,False,,0.6916501254827899,2,560,7463,1952.362779832726,1812.0257062164912,0.8,0.5,6,6,0.5255868427705603,0.47441315722943966,0.5728692683291347,0.5246195243311866,0.53700775,0.5265537422498598,0.5197274830528325,Jakub Stecyszyn,0.5255868427705603,Coin flip,False,,,
576046-4,576046,2026-10-07,2026-10-07 12:10:00,afternoon,OSP,Oliver Vincenec,Kacper Slawinski,False,,0.24547701368261032,30,1700,3260,1352.0897185242757,1547.1543759928848,0.4,0.8,6,6,0.4024820306661783,0.5975179693338217,0.34605722374109876,0.36586494027481,0.37090647,0.3639369491398844,0.36605151171673256,Kacper Slawinski,0.5975179693338217,Lean,False,,,
576042-4,576042,2026-10-07,2026-10-07 12:10:00,afternoon,OSP,Dominik Solilo,Karol Sulkowski,False,,0.7441949969709162,9,586,1349,1575.2244609689633,1389.7133762096569,0.3,0.5,1,6,0.6425382599785906,0.3574617400214094,0.698509194228933,0.6975152438552512,0.69717526,0.6969009342044798,0.6999223174264869,Dominik Solilo,0.6425382599785906,Solid,False,,,
576014-13,576014,2026-10-07,2026-10-07 12:20:00,morning,POCZESNA,Kacper Adamus,Wojciech Urban,False,,0.3921844156709873,29,2290,1768,1378.9292583796453,1455.041858037631,0.6,0.6,4,4,0.42715844045501206,0.5728415595449879,0.4338018595400871,0.38419645899086297,0.3897911,0.3842024879027011,0.3904933000731454,Wojciech Urban,0.5728415595449879,Lean,False,,,
576048-5,576048,2026-10-07,2026-10-07 12:25:00,afternoon,HSC,Marcin Jadczyk,Dawid Michna,False,,0.7414169023439627,114,6688,2287,2111.1331404810294,1928.1482009375231,0.7,0.5,6,6,0.5662486062269793,0.43375139377302074,0.6296609474932724,0.5820840425827511,0.57984614,0.5873091403677428,0.5909956452766627,Marcin Jadczyk,0.5662486062269793,Lean,False,,,
576044-5,576044,2026-10-07,2026-10-07 12:30:00,afternoon,HSC,Mateusz Rutkowski,Grzegorz Poliniewicz,False,,0.49301652932621914,37,4506,6662,1790.2051846631514,1795.0581126869922,0.5,0.4,6,1,0.5336432913898277,0.4663567086101723,0.4881903516406496,0.565586153485472,0.5644176,0.5653418405022321,0.5578441400260667,Mateusz Rutkowski,0.5336432913898277,Coin flip,False,,,
576042-5,576042,2026-10-07,2026-10-07 12:35:00,afternoon,OSP,Rafal Stapor,Michal Minda,False,,0.6261078395032805,37,1299,6626,1578.9443267077,1489.3832137671034,0.4,0.2,1,1,0.4611089062416472,0.5388910937583529,0.4897208597847136,0.4401272859214322,0.4324365,0.43182481583088994,0.42684923396203306,Michal Minda,0.5388910937583529,Coin flip,False,,,
576046-5,576046,2026-10-07,2026-10-07 12:35:00,afternoon,OSP,Piotr Przewlocki,Jakub Pruszkowski,False,,0.5298487251940917,32,1595,3923,1374.1216974871554,1353.3559871905816,0.4,0.3,6,6,0.4383343793383782,0.5616656206616217,0.41367969416105677,0.40702337109704334,0.41892686,0.39837395373450524,0.4240009905231916,Jakub Pruszkowski,0.5616656206616217,Lean,False,,,
576014-14,576014,2026-10-07,2026-10-07 12:40:00,morning,POCZESNA,Rafal Niemiec,Oskar Sokolowski,False,,0.8673484824392287,0,281,420,1539.9985986129686,1213.8060385358337,0.7,0.2,4,4,0.6734140972600829,0.32658590273991706,0.7345026943632962,0.742703512584858,0.73633313,0.7317351675853807,0.7431947555855227,Rafal Niemiec,0.6734140972600829,Solid,False,,,
576048-6,576048,2026-10-07,2026-10-07 12:50:00,afternoon,HSC,Maksymilian Miastowski,Jakub Folwarski,False,,0.14392024784413238,9,2875,994,1994.2443623784534,2304.00129321176,0.3,0.8,6,1,0.3242550690389549,0.675744930961045,0.26514459361342246,0.2611378983393381,0.25490484,0.26075270496450464,0.25494237265818337,Jakub Folwarski,0.675744930961045,Solid,False,,,
576044-6,576044,2026-10-07,2026-10-07 12:55:00,afternoon,HSC,Dawid Kosmal,Krzysztof Wloczko,False,,0.4429740977173654,9,770,4826,1823.646469811144,1863.4452932416975,0.6,0.3,6,6,0.4337204760598735,0.5662795239401265,0.38352346363230416,0.4131111058701164,0.41222343,0.41524874070712664,0.40571817292646356,Krzysztof Wloczko,0.5662795239401265,Lean,False,,,
576042-6,576042,2026-10-07,2026-10-07 13:00:00,afternoon,OSP,Milosz Kukawka,Bartosz Czerwinski,False,,0.38138528429663676,1,835,4928,1468.3860373297484,1552.40856333766,0.4,0.3,1,1,0.46891063980212966,0.5310893601978703,0.46637578023398846,0.43852065940205504,0.46917737,0.43863424639615917,0.4652431179363737,Bartosz Czerwinski,0.5310893601978703,Coin flip,False,,,
576046-6,576046,2026-10-07,2026-10-07 13:00:00,afternoon,OSP,Lukasz Oracz,Pawel Slosarczyk,False,,0.672062505989118,11,2168,1244,1418.3714830849628,1293.724045722229,0.6,0.4,6,6,0.5782659959448071,0.4217340040551929,0.6308880556475877,0.6085959359109894,0.601093,0.6079311840129845,0.6053515024660006,Lukasz Oracz,0.5782659959448071,Lean,False,,,
576014-15,576014,2026-10-07,2026-10-07 13:05:00,morning,POCZESNA,Rafal Gajda,Oliwier Sokolowski,False,,0.5463353633899465,8,864,633,1397.107213132915,1364.817458939557,0.8,0.5,4,4,0.5069285222567841,0.4930714777432159,0.5305731147429953,0.5076599179237853,0.5049133,0.5043697338398015,0.5010836362357493,Rafal Gajda,0.5069285222567841,Coin flip,False,,,
576048-7,576048,2026-10-07,2026-10-07 13:15:00,afternoon,HSC,Piotr Chodorski,Dawid Michna,False,,0.6195405827836046,24,2755,2287,2012.8527695873452,1928.1482009375231,0.7,0.5,7,7,0.4947081888576367,0.5052918111423633,0.5273129738879332,0.4873238758879794,0.48097822,0.4848189924384828,0.4806161628673729,Dawid Michna,0.5052918111423633,Coin flip,False,,,
576044-7,576044,2026-10-07,2026-10-07 13:20:00,afternoon,HSC,Krzysztof Kapik,Grzegorz Poliniewicz,False,,0.524398935725345,166,7463,6662,1812.0257062164912,1795.0581126869922,0.5,0.4,7,2,0.4711379779933589,0.5288620220066411,0.5268129664862609,0.45706386761908224,0.43724462,0.4413940351373792,0.42868514326850693,Grzegorz Poliniewicz,0.5288620220066411,Coin flip,False,,,
576046-7,576046,2026-10-07,2026-10-07 13:25:00,afternoon,OSP,Kacper Slawinski,Jakub Pruszkowski,False,,0.7531703861958439,115,3260,3923,1547.1543759928848,1353.3559871905816,0.8,0.3,7,7,0.5448921678476909,0.4551078321523091,0.6201533074645552,0.560440847220349,0.54017186,0.5432678026758134,0.5543025113251756,Kacper Slawinski,0.5448921678476909,Coin flip,False,,,
576042-7,576042,2026-10-07,2026-10-07 13:25:00,afternoon,OSP,Karol Sulkowski,Michal Minda,False,,0.36037297287692444,46,1349,6626,1389.7133762096569,1489.3832137671034,0.5,0.2,7,2,0.3591867244321938,0.6408132755678062,0.3031248247099452,0.3139879547827417,0.2978603,0.3038438767914142,0.3025595614457682,Michal Minda,0.6408132755678062,Solid,False,,,
576016-1,576016,2026-10-07,2026-10-07 13:30:00,afternoon,POCZESNA,Wojciech Urban,Oskar Sokolowski,False,,0.8003790332299132,4,1768,420,1455.041858037631,1213.8060385358337,0.6,0.2,5,5,0.5978103890417495,0.40218961095825045,0.6383735081733549,0.6451875058052046,0.63381994,0.6363710437247756,0.6355262232415488,Wojciech Urban,0.5978103890417495,Lean,False,,,
576048-8,576048,2026-10-07,2026-10-07 13:40:00,afternoon,HSC,Artur Grela,Maksymilian Miastowski,False,,0.6268318441132715,75,2983,2875,2084.3429523341956,1994.2443623784534,0.8,0.3,7,7,0.4614182517670862,0.5385817482329138,0.4715834461367873,0.44949296645890213,0.43644267,0.43648669359297015,0.42951601620948016,Maksymilian Miastowski,0.5385817482329138,Coin flip,False,,,
576044-8,576044,2026-10-07,2026-10-07 13:45:00,afternoon,HSC,Jakub Stecyszyn,Dawid Kosmal,False,,0.6772037004172248,0,560,770,1952.362779832726,1823.646469811144,0.8,0.6,7,7,0.525879115049785,0.474120884950215,0.5663805034193933,0.5198176844281757,0.5411702,0.532806085181031,0.5231109617259035,Jakub Stecyszyn,0.525879115049785,Coin flip,False,,,
576042-8,576042,2026-10-07,2026-10-07 13:50:00,afternoon,OSP,Dominik Solilo,Milosz Kukawka,False,,0.6490831218036731,0,586,835,1575.2244609689633,1468.3860373297484,0.3,0.4,2,2,0.5281878494388378,0.4718121505611622,0.5394800866478544,0.5554677882718146,0.5221622,0.5522265781968779,0.5319834748285579,Dominik Solilo,0.5281878494388378,Coin flip,False,,,
576046-8,576046,2026-10-07,2026-10-07 13:50:00,afternoon,OSP,Oliver Vincenec,Lukasz Oracz,False,,0.40575347023409347,59,1700,2168,1352.0897185242757,1418.3714830849628,0.4,0.6,7,7,0.5209775185149389,0.4790224814850611,0.4881008596193263,0.530733778155583,0.5378921,0.5500797556019281,0.5449295775549994,Oliver Vincenec,0.5209775185149389,Coin flip,False,,,
576016-2,576016,2026-10-07,2026-10-07 13:55:00,afternoon,POCZESNA,Kacper Adamus,Oliwier Sokolowski,False,,0.5202973513168537,16,2290,633,1378.9292583796453,1364.817458939557,0.6,0.5,5,5,0.5448252259727641,0.45517477402723594,0.5631779446929822,0.5773725588496036,0.5611948,0.5669360055661784,0.5497555986405556,Kacper Adamus,0.5448252259727641,Coin flip,False,,,
576048-9,576048,2026-10-07,2026-10-07 14:05:00,afternoon,HSC,Marcin Jadczyk,Jakub Folwarski,False,,0.24782645850306975,73,6688,994,2111.1331404810294,2304.00129321176,0.7,0.8,7,2,0.29875460910051854,0.7012453908994815,0.2426698529446502,0.2298527723514865,0.21256095,0.2419350642891438,0.21330110894492288,Jakub Folwarski,0.7012453908994815,Strong,False,,,
576044-9,576044,2026-10-07,2026-10-07 14:10:00,afternoon,HSC,Mateusz Rutkowski,Krzysztof Wloczko,False,,0.396133001436226,34,4506,4826,1790.2051846631514,1863.4452932416975,0.5,0.3,7,7,0.40291368095071417,0.5970863190492859,0.378242332392869,0.3635194985974971,0.3592641,0.3527107150859621,0.36121437284151986,Krzysztof Wloczko,0.5970863190492859,Lean,False,,,
576042-9,576042,2026-10-07,2026-10-07 14:15:00,afternoon,OSP,Rafal Stapor,Bartosz Czerwinski,False,,0.5381139519504023,17,1299,4928,1578.9443267077,1552.40856333766,0.4,0.3,2,2,0.4356069280849125,0.5643930719150875,0.47779219574690684,0.3888653583106428,0.3966008,0.3761834245360338,0.4012472751648731,Bartosz Czerwinski,0.5643930719150875,Lean,False,,,
576046-9,576046,2026-10-07,2026-10-07 14:15:00,afternoon,OSP,Piotr Przewlocki,Pawel Slosarczyk,False,,0.613679646299846,41,1595,1244,1374.1216974871554,1293.724045722229,0.4,0.4,7,7,0.5802485880299947,0.4197514119700053,0.6370060327395417,0.6044847695102258,0.6117666,0.6059321423139665,0.608119994790861,Piotr Przewlocki,0.5802485880299947,Lean,False,,,
576016-3,576016,2026-10-07,2026-10-07 14:20:00,afternoon,POCZESNA,Rafal Niemiec,Rafal Gajda,False,,0.6947771402856318,0,281,864,1539.9985986129686,1397.107213132915,0.7,0.8,5,5,0.5993559995755219,0.4006440004244781,0.671985768611177,0.6396026601836615,0.62628824,0.6368025877811171,0.6241533589624384,Rafal Niemiec,0.5993559995755219,Lean,False,,,
576048-10,576048,2026-10-07,2026-10-07 14:30:00,afternoon,HSC,Piotr Chodorski,Maksymilian Miastowski,False,,0.5267540733094249,45,2755,2875,2012.8527695873452,1994.2443623784534,0.7,0.3,8,8,0.49494376440464627,0.5050562355953537,0.5008444666740224,0.493923969692689,0.48513213,0.4915355127854241,0.49246470953236937,Maksymilian Miastowski,0.5050562355953537,Coin flip,False,,,
576044-10,576044,2026-10-07,2026-10-07 14:35:00,afternoon,HSC,Krzysztof Kapik,Dawid Kosmal,False,,0.483282610412661,21,7463,770,1812.0257062164912,1823.646469811144,0.5,0.6,8,8,0.4670390061094801,0.5329609938905199,0.49159054279874254,0.44143689619714843,0.4505257,0.43661765071278597,0.44321682285874475,Dawid Kosmal,0.5329609938905199,Coin flip,False,,,
576046-10,576046,2026-10-07,2026-10-07 14:40:00,afternoon,OSP,Kacper Slawinski,Lukasz Oracz,False,,0.6772874797088481,28,3260,2168,1547.1543759928848,1418.3714830849628,0.8,0.6,8,8,0.5534174396221112,0.4465825603778888,0.6207412657213427,0.567108823324456,0.55849934,0.5643787126993072,0.5683580398059309,Kacper Slawinski,0.5534174396221112,Lean,False,,,
576042-10,576042,2026-10-07,2026-10-07 14:40:00,afternoon,OSP,Karol Sulkowski,Milosz Kukawka,False,,0.3886771318121181,16,1349,835,1389.7133762096569,1468.3860373297484,0.5,0.4,8,3,0.3917271592451726,0.6082728407548275,0.33747527576154845,0.3638500100764328,0.3498518,0.34897629404713465,0.3382973116208156,Milosz Kukawka,0.6082728407548275,Lean,False,,,
576016-4,576016,2026-10-07,2026-10-07 14:45:00,afternoon,POCZESNA,Wojciech Urban,Kacper Adamus,False,,0.6078155843290127,29,1768,2290,1455.041858037631,1378.9292583796453,0.6,0.6,6,6,0.542202388728119,0.457797611271881,0.5475308236294189,0.5612900964293075,0.5640881,0.5619330578798865,0.5663835379713242,Wojciech Urban,0.542202388728119,Coin flip,False,,,
576048-11,576048,2026-10-07,2026-10-07 14:55:00,afternoon,HSC,Artur Grela,Marcin Jadczyk,False,,0.4615220493131562,189,2983,6688,2084.3429523341956,2111.1331404810294,0.8,0.7,8,8,0.47418290896891124,0.5258170910310888,0.4275850092774935,0.468631170466282,0.4695304,0.4613199400991724,0.4906955854954122,Marcin Jadczyk,0.5258170910310888,Coin flip,False,,,
576044-11,576044,2026-10-07,2026-10-07 15:00:00,afternoon,HSC,Jakub Stecyszyn,Mateusz Rutkowski,False,,0.7177755325803977,0,560,4506,1952.362779832726,1790.2051846631514,0.8,0.5,8,8,0.5178227516694263,0.48217724833057374,0.5515811820378866,0.5069472948975642,0.5266068,0.5305529919599443,0.510534039868799,Jakub Stecyszyn,0.5178227516694263,Coin flip,False,,,
576042-11,576042,2026-10-07,2026-10-07 15:05:00,afternoon,OSP,Dominik Solilo,Rafal Stapor,False,,0.4946468874207461,19,586,1299,1575.2244609689633,1578.9443267077,0.3,0.4,3,3,0.505567291551022,0.494432708448978,0.5111963601820121,0.5225204054165029,0.49810395,0.5153908470793935,0.49183449937399143,Dominik Solilo,0.505567291551022,Coin flip,False,,,
576046-11,576046,2026-10-07,2026-10-07 15:05:00,afternoon,OSP,Oliver Vincenec,Piotr Przewlocki,False,,0.468335865045373,31,1700,1595,1352.0897185242757,1374.1216974871554,0.4,0.4,8,8,0.5066340275067774,0.49336597249322256,0.4923218343333828,0.5129381417605738,0.5042282,0.5209925857603311,0.5181811388704475,Oliver Vincenec,0.5066340275067774,Coin flip,False,,,
576016-5,576016,2026-10-07,2026-10-07 15:10:00,afternoon,POCZESNA,Rafal Gajda,Oskar Sokolowski,False,,0.7417657512639814,6,864,420,1397.107213132915,1213.8060385358337,0.8,0.2,6,6,0.587928594835313,0.412071405164687,0.5707728557059484,0.6344579055198223,0.63540787,0.63882141099295,0.644018131491487,Rafal Gajda,0.587928594835313,Lean,False,,,
576048-12,576048,2026-10-07,2026-10-07 15:20:00,afternoon,HSC,Jakub Folwarski,Dawid Michna,False,,0.8969313743493684,10,994,2287,2304.00129321176,1928.1482009375231,0.8,0.5,3,8,0.7482417570221492,0.25175824297785077,0.7948946601327402,0.8293868939560426,0.8382715,0.8346112489804389,0.8325858186339634,Jakub Folwarski,0.7482417570221492,Strong,False,,,
576044-12,576044,2026-10-07,2026-10-07 15:25:00,afternoon,HSC,Krzysztof Wloczko,Grzegorz Poliniewicz,False,,0.5971654445419186,113,4826,6662,1863.4452932416975,1795.0581126869922,0.3,0.4,8,3,0.5915870010564207,0.4084129989435793,0.6138845142308316,0.6510148630524085,0.62638056,0.6382887005971994,0.6166332056793559,Krzysztof Wloczko,0.5915870010564207,Lean,False,,,
576016-6,576016,2026-10-07,2026-10-07 15:30:00,afternoon,POCZESNA,Rafal Niemiec,Oliwier Sokolowski,False,,0.7327115518885985,10,281,633,1539.9985986129686,1364.817458939557,0.7,0.5,6,6,0.6381199521020329,0.3618800478979671,0.6738371850151783,0.69197134253254,0.6956363,0.7005119897923688,0.699848129247937,Rafal Niemiec,0.6381199521020329,Solid,False,,,
576042-12,576042,2026-10-07,2026-10-07 15:30:00,afternoon,OSP,Bartosz Czerwinski,Michal Minda,False,,0.5897188099577081,16,4928,6626,1552.40856333766,1489.3832137671034,0.3,0.2,3,3,0.4835098827206781,0.5164901172793219,0.5079680526462969,0.47275163785162405,0.47093952,0.4668248024891148,0.4622849666736439,Michal Minda,0.5164901172793219,Coin flip,False,,,
576046-12,576046,2026-10-07,2026-10-07 15:30:00,afternoon,OSP,Pawel Slosarczyk,Jakub Pruszkowski,False,,0.41501560524294817,25,1244,3923,1293.724045722229,1353.3559871905816,0.4,0.3,8,8,0.37096837398669047,0.6290316260133095,0.30501024661305687,0.3281747096927493,0.32118854,0.3132212327974371,0.33244071445676193,Jakub Pruszkowski,0.6290316260133095,Solid,False,,,
576048-13,576048,2026-10-07,2026-10-07 15:45:00,afternoon,HSC,Piotr Chodorski,Marcin Jadczyk,False,,0.36221869287893205,140,2755,6688,2012.8527695873452,2111.1331404810294,0.7,0.7,9,9,0.5146715552841576,0.48532844471584236,0.46170769024796593,0.5325072182068749,0.52986497,0.5428341994093089,0.5402994537248553,Piotr Chodorski,0.5146715552841576,Coin flip,False,,,
576044-13,576044,2026-10-07,2026-10-07 15:50:00,afternoon,HSC,Krzysztof Kapik,Mateusz Rutkowski,False,,0.5313610320679281,352,7463,4506,1812.0257062164912,1790.2051846631514,0.5,0.5,9,9,0.40793497801812495,0.592065021981875,0.4161090774823692,0.36172757892833324,0.36268955,0.34870624105587605,0.3590646893995972,Mateusz Rutkowski,0.592065021981875,Lean,False,,,
576016-7,576016,2026-10-07,2026-10-07 15:55:00,afternoon,POCZESNA,Kacper Adamus,Oskar Sokolowski,False,,0.7212208804679705,5,2290,420,1378.9292583796453,1213.8060385358337,0.6,0.2,7,7,0.573539860475313,0.426460139524687,0.6106915430093087,0.6080952537209555,0.59685946,0.6011506445374153,0.6045496341723544,Kacper Adamus,0.573539860475313,Lean,False,,,
576042-13,576042,2026-10-07,2026-10-07 15:55:00,afternoon,OSP,Karol Sulkowski,Rafal Stapor,False,,0.2517499436314757,33,1349,1299,1389.7133762096569,1578.9443267077,0.5,0.4,9,4,0.37834639064108133,0.6216536093589187,0.31554075933526016,0.3296003887250086,0.3290371,0.330124360971205,0.3456206705630554,Rafal Stapor,0.6216536093589187,Solid,False,,,
576046-13,576046,2026-10-07,2026-10-07 15:55:00,afternoon,OSP,Kacper Slawinski,Piotr Przewlocki,False,,0.730282467438576,19,3260,1595,1547.1543759928848,1374.1216974871554,0.8,0.4,9,9,0.5619672842156516,0.43803271578434844,0.6330787732580624,0.5648034716034616,0.58267236,0.5745890832784819,0.5841610048455576,Kacper Slawinski,0.5619672842156516,Lean,False,,,
576048-14,576048,2026-10-07,2026-10-07 16:10:00,afternoon,HSC,Maksymilian Miastowski,Dawid Michna,False,,0.5939888896069861,59,2875,2287,1994.2443623784534,1928.1482009375231,0.3,0.5,9,9,0.5328223631441847,0.46717763685581526,0.5842782355005318,0.5479802471617147,0.5303706,0.53745079436118,0.5326954379152125,Maksymilian Miastowski,0.5328223631441847,Coin flip,False,,,
576044-14,576044,2026-10-07,2026-10-07 16:15:00,afternoon,HSC,Dawid Kosmal,Grzegorz Poliniewicz,False,,0.5410493514052913,32,770,6662,1823.646469811144,1795.0581126869922,0.6,0.4,9,4,0.43456940813671563,0.5654305918632844,0.4443581946547756,0.40748947959762033,0.39455652,0.4015237789511612,0.3857208821249573,Grzegorz Poliniewicz,0.5654305918632844,Lean,False,,,
576016-8,576016,2026-10-07,2026-10-07 16:20:00,afternoon,POCZESNA,Wojciech Urban,Rafal Niemiec,False,,0.3801173156217375,7,1768,281,1455.041858037631,1539.9985986129686,0.6,0.7,7,7,0.42924634049575794,0.5707536595042421,0.3980060068438034,0.3914508585833209,0.40352115,0.396474848694638,0.4091678957906703,Rafal Niemiec,0.5707536595042421,Lean,False,,,
576042-14,576042,2026-10-07,2026-10-07 16:20:00,afternoon,OSP,Milosz Kukawka,Michal Minda,False,,0.4698193686223504,4,835,6626,1468.3860373297484,1489.3832137671034,0.4,0.2,4,4,0.4481414685148703,0.5518585314851296,0.4710955929751537,0.42512291148170356,0.43160164,0.3955483806975559,0.40444070378778624,Michal Minda,0.5518585314851296,Lean,False,,,
576046-14,576046,2026-10-07,2026-10-07 16:20:00,afternoon,OSP,Lukasz Oracz,Jakub Pruszkowski,False,,0.5924877681178081,53,2168,3923,1418.3714830849628,1353.3559871905816,0.6,0.3,9,9,0.4140307193990522,0.5859692806009478,0.43996667124457556,0.36958390941130137,0.35399443,0.36256451237917636,0.3645269106167327,Jakub Pruszkowski,0.5859692806009478,Lean,False,,,
576044-15,576044,2026-10-07,2026-10-07 16:35:00,afternoon,HSC,Jakub Stecyszyn,Krzysztof Wloczko,False,,0.6252401037741496,3,560,4826,1952.362779832726,1863.4452932416975,0.8,0.3,9,9,0.4573806999773403,0.5426193000226597,0.45196512231814245,0.44228860321540464,0.4321985,0.430174230948634,0.4394107375197303,Krzysztof Wloczko,0.5426193000226597,Coin flip,False,,,
576048-15,576048,2026-10-07,2026-10-07 16:35:00,afternoon,HSC,Artur Grela,Jakub Folwarski,False,,0.22020793304376834,41,2983,994,2084.3429523341956,2304.00129321176,0.8,0.8,9,4,0.27500539900040044,0.7249946009995996,0.21319310762025423,0.19969690960637276,0.19741398,0.193390876034715,0.19694963005354538,Jakub Folwarski,0.7249946009995996,Strong,False,,,
576042-15,576042,2026-10-07,2026-10-07 16:40:00,afternoon,OSP,Dominik Solilo,Bartosz Czerwinski,False,,0.53278759775928,15,586,4928,1575.2244609689633,1552.40856333766,0.3,0.3,4,4,0.4992998101173671,0.5007001898826329,0.5169710059762859,0.49961328768250124,0.48645902,0.4921363848919339,0.4997124592804436,Bartosz Czerwinski,0.5007001898826329,Coin flip,False,,,
576046-15,576046,2026-10-07,2026-10-07 16:40:00,afternoon,OSP,Oliver Vincenec,Pawel Slosarczyk,False,,0.5832136439118794,25,1700,1244,1352.0897185242757,1293.724045722229,0.4,0.4,9,9,0.5407839402627356,0.4592160597372644,0.6003911846728456,0.5465606657719277,0.5463362,0.5541011598582797,0.5418953966292714,Oliver Vincenec,0.5407839402627356,Coin flip,False,,,
576016-9,576016,2026-10-07,2026-10-07 16:45:00,afternoon,POCZESNA,Rafal Gajda,Oliwier Sokolowski,False,,0.5463353633899465,8,864,633,1397.107213132915,1364.817458939557,0.8,0.5,7,7,0.48983503740110723,0.5101649625988928,0.5013289932137606,0.48144409085643197,0.48589572,0.4802044569785322,0.47765908426660436,Oliwier Sokolowski,0.5101649625988928,Coin flip,False,,,
576054-1,576054,2026-10-07,2026-10-07 17:00:00,evening,HSC,Kamil Rudomina,Szymon Brud,False,,0.35447180018095487,26,5640,1433,1550.1670718172675,1654.3004831351595,0.5,0.5,0,0,0.4557941235580518,0.5442058764419482,0.4154596691629601,0.45373250353697975,0.43784788,0.4381638784405152,0.4402718086192268,Szymon Brud,0.5442058764419482,Coin flip,False,,,
576052-1,576052,2026-10-07,2026-10-07 17:00:00,evening,OSP,Jacek Zelezik,Andrzej Krezel,False,,0.6494499785090059,8,755,290,1658.0586653738974,1550.9403818969631,0.9,0.7,0,0,0.5222725717127025,0.47772742828729753,0.535170539502785,0.5363165305988498,0.5279159,0.5300845669921851,0.5292891049991801,Jacek Zelezik,0.5222725717127025,Coin flip,False,,,
576050-1,576050,2026-10-07,2026-10-07 17:00:00,evening,OSP,Mateusz Trela,Piotr Krukar,False,,0.6030902567976206,0,3052,56,1409.7929161977418,1337.1166952572637,0.3,0.5,0,0,0.5896442991671204,0.41035570083287964,0.6416216579879253,0.6255743360294435,0.6264681,0.610760372974398,0.6281913286545379,Mateusz Trela,0.5896442991671204,Lean,False,,,
576016-10,576016,2026-10-07,2026-10-07 17:05:00,afternoon,POCZESNA,Kacper Adamus,Rafal Niemiec,False,,0.2834952203677232,6,2290,281,1378.9292583796453,1539.9985986129686,0.6,0.7,8,8,0.43178360727540877,0.5682163927245912,0.37673754726716546,0.4156373334456633,0.4146843,0.4026567681673842,0.4063020183932313,Rafal Niemiec,0.5682163927245912,Lean,False,,,
576023-1,576023,2026-10-07,2026-10-07 17:10:00,evening,BLACHOWNIA,Tomasz Wrzalik,Mariusz Baron,False,,0.4994459373705805,40,1104,4021,1301.080459810233,1301.4654621159568,0.2,0.3,0,4,0.4452584758087067,0.5547415241912933,0.35463399893781844,0.4916501929443013,0.4224496,0.4235777061939307,0.4184211652604918,Mariusz Baron,0.5547415241912933,Lean,False,,,
576050-2,576050,2026-10-07,2026-10-07 17:25:00,evening,OSP,Marcin Kowalczyk,Bartlomiej Mrugala,False,,0.4572931988250014,65,2739,712,1282.8514760360026,1312.5996847817873,0.3,0.4,0,3,0.5054879918987133,0.4945120081012867,0.4822335636575659,0.5108461967550715,0.506225,0.5241675140201187,0.5172325316007121,Marcin Kowalczyk,0.5054879918987133,Coin flip,False,,,
576052-2,576052,2026-10-07,2026-10-07 17:25:00,evening,OSP,Miroslaw Lewczuk,Henryk Tkaczyk,False,,0.3760388416485558,63,2065,1695,1505.7761810598329,1593.7461208340098,0.5,0.6,0,1,0.37044409576310716,0.6295559042368928,0.3176150859560387,0.32267936227769317,0.3177565,0.32842310590586776,0.3090494610992113,Henryk Tkaczyk,0.6295559042368928,Solid,False,,,
576054-2,576054,2026-10-07,2026-10-07 17:25:00,evening,HSC,Konrad Staszczyk,Przemyslaw Blocho,False,,0.7905975471236655,3,2543,2690,1882.7536432724826,1651.9641640649222,0.8,0.5,3,3,0.5975207338146071,0.40247926618539287,0.5945802144382837,0.6605446963546449,0.63466084,0.6445217033177518,0.6549724302233956,Konrad Staszczyk,0.5975207338146071,Lean,False,,,
576016-11,576016,2026-10-07,2026-10-07 17:30:00,afternoon,POCZESNA,Wojciech Urban,Rafal Gajda,False,,0.5826104017314477,2,1768,864,1455.041858037631,1397.107213132915,0.6,0.8,8,8,0.5316954912395765,0.4683045087604235,0.57446292826589,0.5469318263949786,0.5259299,0.540016858804044,0.5381959673169595,Wojciech Urban,0.5316954912395765,Coin flip,False,,,
576023-2,576023,2026-10-07,2026-10-07 17:35:00,evening,BLACHOWNIA,Mariusz Koczyba,Wojciech Pytlas,False,,0.4221769761608126,84,3317,935,1381.0783106871895,1435.5984297831342,0.6,0.6,0,0,0.4848998179957753,0.5151001820042247,0.5200618482224215,0.4643846119665632,0.46570617,0.4628929310136877,0.47850713042892584,Wojciech Pytlas,0.5151001820042247,Coin flip,False,,,
576054-3,576054,2026-10-07,2026-10-07 17:45:00,evening,HSC,Przemyslaw Perzynski,Adrian Myszewski,False,,0.768920034432899,2,1166,1613,1702.0618653936597,1493.2143123683281,1.0,0.5,0,3,0.47037448534299975,0.5296255146570003,0.34055559737292035,0.4842868641669675,0.48698652,0.5007957073940059,0.47945481518545596,Adrian Myszewski,0.5296255146570003,Coin flip,False,,,
576050-3,576050,2026-10-07,2026-10-07 17:50:00,evening,OSP,Waclaw Suchecki,Piotr Strus,False,,0.4181251085647413,28,837,2578,1269.3993926313947,1326.8087403997492,0.5,0.5,0,0,0.4442662054898022,0.5557337945101978,0.3993472862251335,0.43005956306543824,0.42663342,0.4281866205542418,0.41961769990951064,Piotr Strus,0.5557337945101978,Lean,False,,,
576052-3,576052,2026-10-07,2026-10-07 17:50:00,evening,OSP,Jerzy Michalik,Zbigniew Nocun,False,,0.5576969952626254,142,2191,2247,1518.056140492193,1477.784774527552,0.8,0.6,0,0,0.3504808075344296,0.6495191924655703,0.29998667578874766,0.29756658761430305,0.28841767,0.29161193407169694,0.2864533235374966,Zbigniew Nocun,0.6495191924655703,Solid,False,,,
576016-12,576016,2026-10-07,2026-10-07 17:55:00,afternoon,POCZESNA,Oliwier Sokolowski,Oskar Sokolowski,False,,0.7045982761753494,30,633,420,1364.817458939557,1213.8060385358337,0.5,0.2,8,8,0.5160045543740146,0.4839954456259854,0.5546945773813854,0.5198932531841562,0.5124778,0.5091871784239297,0.5170605623594188,Oliwier Sokolowski,0.5160045543740146,Coin flip,False,,,
576023-3,576023,2026-10-07,2026-10-07 18:00:00,evening,BLACHOWNIA,Adam Ruszkiewicz,Sebastian Krupa,False,,0.3454940397838676,29,1095,879,1414.6139639390333,1525.603182395983,0.6,0.8,0,0,0.4369282262164028,0.5630717737835972,0.42063500767780715,0.3981118967170796,0.41399866,0.4057409577574837,0.41339552052835477,Sebastian Krupa,0.5630717737835972,Lean,False,,,
576054-4,576054,2026-10-07,2026-10-07 18:05:00,evening,HSC,Kamil Rudomina,Konrad Staszczyk,False,,0.12847365793636056,24,5640,2543,1550.1670718172675,1882.7536432724826,0.5,0.8,1,4,0.3088088134086027,0.6911911865913973,0.27268653561936046,0.22570453012527997,0.23744205,0.22524913111777561,0.23968330612555722,Konrad Staszczyk,0.6911911865913973,Solid,False,,,
576052-4,576052,2026-10-07,2026-10-07 18:15:00,evening,OSP,Jacek Zelezik,Miroslaw Lewczuk,False,,0.7061189150702782,28,755,2065,1658.0586653738974,1505.7761810598329,0.9,0.5,1,1,0.5198482623565708,0.4801517376434292,0.5389550060596524,0.5219572977946201,0.525543,0.5251762595761338,0.5300540096742138,Jacek Zelezik,0.5198482623565708,Coin flip,False,,,
576050-4,576050,2026-10-07,2026-10-07 18:15:00,evening,OSP,Mateusz Trela,Marcin Kowalczyk,False,,0.6749662506512492,98,3052,2739,1409.7929161977418,1282.8514760360026,0.3,0.3,1,1,0.5990050682208294,0.40099493177917056,0.7062655639513435,0.6163535752024639,0.6317617,0.6065898608657052,0.6347743541650565,Mateusz Trela,0.5990050682208294,Lean,False,,,
576016-13,576016,2026-10-07,2026-10-07 18:20:00,afternoon,POCZESNA,Kacper Adamus,Rafal Gajda,False,,0.473863664585669,107,2290,864,1378.9292583796453,1397.107213132915,0.6,0.8,9,9,0.5291867471263565,0.4708132528736435,0.5490912899356531,0.5522733735842589,0.53118455,0.5341751203330274,0.5413163539063608,Kacper Adamus,0.5291867471263565,Coin flip,False,,,
576023-4,576023,2026-10-07,2026-10-07 18:25:00,evening,BLACHOWNIA,Tomasz Wrzalik,Mariusz Koczyba,False,,0.38686611433514445,21,1104,3317,1301.080459810233,1381.0783106871895,0.2,0.6,1,1,0.4074577476697336,0.5925422523302664,0.41025208470029656,0.339472076595233,0.37625784,0.35557481237816135,0.36394743104993316,Mariusz Koczyba,0.5925422523302664,Lean,False,,,
576054-5,576054,2026-10-07,2026-10-07 18:30:00,evening,HSC,Adrian Myszewski,Szymon Brud,False,,0.28347554108326956,4,1613,1433,1493.2143123683281,1654.3004831351595,0.5,0.5,4,1,0.4045220536563369,0.595477946343663,0.4145210840162243,0.37296535477410137,0.3485105,0.33362534635266544,0.3549402763948037,Szymon Brud,0.595477946343663,Lean,False,,,
576050-5,576050,2026-10-07,2026-10-07 18:35:00,evening,OSP,Piotr Strus,Piotr Krukar,False,,0.4851700115177823,1,2578,56,1326.8087403997492,1337.1166952572637,0.5,0.5,1,1,0.5204764369444623,0.47952356305553767,0.48172728312450297,0.5422287927136957,0.53103447,0.5355146491945153,0.5582449665934383,Piotr Strus,0.5204764369444623,Coin flip,False,,,
576052-5,576052,2026-10-07,2026-10-07 18:35:00,evening,OSP,Zbigniew Nocun,Andrzej Krezel,False,,0.396249366570628,13,2247,290,1477.784774527552,1550.9403818969631,0.6,0.7,1,1,0.557889772107261,0.442110227892739,0.5584043428817891,0.5833887299327044,0.58332837,0.5947415520774932,0.5931141778496273,Zbigniew Nocun,0.557889772107261,Lean,False,,,
576016-14,576016,2026-10-07,2026-10-07 18:40:00,afternoon,POCZESNA,Rafal Niemiec,Oskar Sokolowski,False,,0.8673484824392287,0,281,420,1539.9985986129686,1213.8060385358337,0.7,0.2,9,9,0.66668555597187,0.33331444402813004,0.7228857186776008,0.7538120239731284,0.71527135,0.7256392728215293,0.7282126559611684,Rafal Niemiec,0.66668555597187,Solid,False,,,
576023-5,576023,2026-10-07,2026-10-07 18:50:00,evening,BLACHOWNIA,Sebastian Krupa,Mariusz Baron,False,,0.7841878823015074,20,879,4021,1525.603182395983,1301.4654621159568,0.8,0.3,1,5,0.5608351898703623,0.4391648101296377,0.5615182417840319,0.5864376756729831,0.59755987,0.6081227450291233,0.5789497929916904,Sebastian Krupa,0.5608351898703623,Lean,False,,,
576050-6,576050,2026-10-07,2026-10-07 18:55:00,evening,OSP,Waclaw Suchecki,Bartlomiej Mrugala,False,,0.4381482081098052,8,837,712,1269.3993926313947,1312.5996847817873,0.5,0.4,1,4,0.47348365071342124,0.5265163492865788,0.3957414217253852,0.4922904790376637,0.47520036,0.4741488099582692,0.4749325181262113,Bartlomiej Mrugala,0.5265163492865788,Coin flip,False,,,
576052-6,576052,2026-10-07,2026-10-07 18:55:00,evening,OSP,Jerzy Michalik,Henryk Tkaczyk,False,,0.39276448635391387,93,2191,1695,1518.056140492193,1593.7461208340098,0.8,0.6,1,2,0.33377082877765796,0.666229171222342,0.25052262408572484,0.2927942054815114,0.27324304,0.2748874503782355,0.26546498140040425,Henryk Tkaczyk,0.666229171222342,Solid,False,,,
576054-6,576054,2026-10-07,2026-10-07 18:55:00,evening,HSC,Przemyslaw Perzynski,Przemyslaw Blocho,False,,0.5716008431480032,14,1166,2690,1702.0618653936597,1651.9641640649222,1.0,0.5,1,4,0.4397315877637809,0.5602684122362191,0.3516771910488247,0.4271396288700824,0.42508882,0.4284491080810347,0.44204475675856675,Przemyslaw Blocho,0.5602684122362191,Lean,False,,,
576016-15,576016,2026-10-07,2026-10-07 19:05:00,afternoon,POCZESNA,Wojciech Urban,Oliwier Sokolowski,False,,0.6270012324946261,11,1768,633,1455.041858037631,1364.817458939557,0.6,0.5,9,9,0.5611383758037183,0.4388616241962817,0.5849800264734908,0.5939521693934434,0.57781935,0.585689535577246,0.592527834696785,Wojciech Urban,0.5611383758037183,Lean,False,,,
576023-6,576023,2026-10-07,2026-10-07 19:10:00,evening,BLACHOWNIA,Adam Ruszkiewicz,Wojciech Pytlas,False,,0.46983759403005754,16,1095,935,1414.6139639390333,1435.5984297831342,0.6,0.6,1,1,0.44369283574436397,0.5563071642556361,0.4058764061985533,0.41085757637854864,0.42644486,0.42721187398665733,0.43018568974494087,Wojciech Pytlas,0.5563071642556361,Lean,False,,,
576052-7,576052,2026-10-07,2026-10-07 19:20:00,evening,OSP,Miroslaw Lewczuk,Andrzej Krezel,False,,0.4353671401325863,12,2065,290,1505.7761810598329,1550.9403818969631,0.5,0.7,2,2,0.5159580136601298,0.48404198633987017,0.5541593107691147,0.5120829589660729,0.52079046,0.5179799157562199,0.507500665632058,Miroslaw Lewczuk,0.5159580136601298,Coin flip,False,,,
576054-7,576054,2026-10-07,2026-10-07 19:20:00,evening,HSC,Konrad Staszczyk,Szymon Brud,False,,0.7883623328932607,8,2543,1433,1882.7536432724826,1654.3004831351595,0.8,0.5,5,2,0.572616510502596,0.427383489497404,0.6452482452278216,0.6007903212887112,0.5879587,0.5880018846839548,0.5915069090237935,Konrad Staszczyk,0.572616510502596,Lean,False,,,
576050-7,576050,2026-10-07,2026-10-07 19:20:00,evening,OSP,Marcin Kowalczyk,Piotr Krukar,False,,0.4225349606620986,3,2739,56,1282.8514760360026,1337.1166952572637,0.3,0.5,2,2,0.5030342603015595,0.4969657396984405,0.5055444991028639,0.49412063908730974,0.49513334,0.5072712622142407,0.5210925396452445,Marcin Kowalczyk,0.5030342603015595,Coin flip,False,,,
576019-1,576019,2026-10-07,2026-10-07 19:30:00,evening,POCZESNA,Miroslaw Warzecha,Andriej Fomin,False,,0.5903808481969111,39,1797,1006,1618.2317874965813,1554.7309848174552,0.7,0.7,5,6,0.5865833190551348,0.41341668094486517,0.6195936448726034,0.6288472078208601,0.62193465,0.6330141655259012,0.608082654752509,Miroslaw Warzecha,0.5865833190551348,Lean,False,,,
576023-7,576023,2026-10-07,2026-10-07 19:35:00,evening,BLACHOWNIA,Mariusz Koczyba,Mariusz Baron,False,,0.6126080575952202,66,3317,4021,1381.0783106871895,1301.4654621159568,0.6,0.3,2,6,0.5635063582374659,0.43649364176253413,0.6328684569422017,0.5936153247995646,0.5734779,0.5764105639441786,0.5729643017203325,Mariusz Koczyba,0.5635063582374659,Lean,False,,,
576054-8,576054,2026-10-07,2026-10-07 19:40:00,evening,HSC,Kamil Rudomina,Przemyslaw Perzynski,False,,0.29434441474089307,37,5640,1166,1550.1670718172675,1702.0618653936597,0.5,1.0,2,2,0.5044674301193651,0.4955325698806349,0.5289062680552659,0.4988181635790747,0.5024375,0.5011788799131797,0.4998333871630662,Kamil Rudomina,0.5044674301193651,Coin flip,False,,,
576050-8,576050,2026-10-07,2026-10-07 19:45:00,evening,OSP,Mateusz Trela,Waclaw Suchecki,False,,0.6917194237613359,14,3052,837,1409.7929161977418,1269.3993926313947,0.3,0.5,2,2,0.6345358421450709,0.36546415785492914,0.7209968225784509,0.6760467810423315,0.6764159,0.6806951963489491,0.6824246021957184,Mateusz Trela,0.6345358421450709,Solid,False,,,
576052-8,576052,2026-10-07,2026-10-07 19:45:00,evening,OSP,Jacek Zelezik,Jerzy Michalik,False,,0.6912392544620508,26,755,2191,1658.0586653738974,1518.056140492193,0.9,0.8,2,2,0.5868227262997322,0.4131772737002678,0.6395450307337645,0.6205187004336166,0.60761076,0.6166484092640498,0.6298323684222815,Jacek Zelezik,0.5868227262997322,Lean,False,,,
576019-2,576019,2026-10-07,2026-10-07 19:55:00,evening,POCZESNA,Piotr Gesiarz,Adam Staniczek,False,,0.6768525520172259,31,366,1622,1411.225385981907,1282.7880498862892,0.4,0.2,0,5,0.6272515432779449,0.37274845672205514,0.6395520766200047,0.6971732491604311,0.69214064,0.6839987370651273,0.6760044751945795,Piotr Gesiarz,0.6272515432779449,Solid,False,,,
576023-8,576023,2026-10-07,2026-10-07 20:00:00,evening,BLACHOWNIA,Tomasz Wrzalik,Adam Ruszkiewicz,False,,0.3421896875821959,12,1104,1095,1301.080459810233,1414.6139639390333,0.2,0.6,2,2,0.5310012447583942,0.46899875524160584,0.5453610845252794,0.5440390852368068,0.5405262,0.5431972494584685,0.5483321796249062,Tomasz Wrzalik,0.5310012447583942,Coin flip,False,,,
576054-9,576054,2026-10-07,2026-10-07 20:05:00,evening,HSC,Adrian Myszewski,Przemyslaw Blocho,False,,0.2862151868932912,12,1613,2690,1493.2143123683281,1651.9641640649222,0.5,0.5,5,5,0.3986116309799726,0.6013883690200275,0.3707663969008146,0.365389928874399,0.3472662,0.34583118355056264,0.35635748756218594,Przemyslaw Blocho,0.6013883690200275,Lean,False,,,
576050-9,576050,2026-10-07,2026-10-07 20:10:00,evening,OSP,Piotr Strus,Bartlomiej Mrugala,False,,0.5204370819672024,30,2578,712,1326.8087403997492,1312.5996847817873,0.5,0.4,2,5,0.504315856810192,0.495684143189808,0.48709662012687777,0.5056870622971493,0.5110207,0.5162471405525252,0.511595848621751,Piotr Strus,0.504315856810192,Coin flip,False,,,
576052-9,576052,2026-10-07,2026-10-07 20:10:00,evening,OSP,Zbigniew Nocun,Henryk Tkaczyk,False,,0.3390507700973196,104,2247,1695,1477.784774527552,1593.7461208340098,0.6,0.6,2,3,0.4043357377818332,0.5956642622181668,0.35282369974166783,0.36857615981749275,0.37048626,0.3637510089352386,0.3699272953450817,Henryk Tkaczyk,0.5956642622181668,Lean,False,,,
576019-3,576019,2026-10-07,2026-10-07 20:20:00,evening,POCZESNA,Dominik Bartosik,Arkadiusz Skupinski,False,,0.7640701751094281,0,0,966,1500.0,1295.859839080479,0.5,0.4,6,0,0.6385880637972368,0.36141193620276324,0.7350730054881032,0.7126489197212835,0.68017685,0.6662737799320136,0.6668110799311135,Dominik Bartosik,0.6385880637972368,Solid,True,,,
576023-9,576023,2026-10-07,2026-10-07 20:25:00,evening,BLACHOWNIA,Sebastian Krupa,Wojciech Pytlas,False,,0.6267054820318019,23,879,935,1525.603182395983,1435.5984297831342,0.8,0.6,2,2,0.47458102612524883,0.5254189738747512,0.5283612304367029,0.44481822199963494,0.44452694,0.44391291713730696,0.45557851986844705,Wojciech Pytlas,0.5254189738747512,Coin flip,False,,,
576054-10,576054,2026-10-07,2026-10-07 20:30:00,evening,HSC,Konrad Staszczyk,Przemyslaw Perzynski,False,,0.7388780766198462,29,2543,1166,1882.7536432724826,1702.0618653936597,0.8,1.0,6,3,0.6543081479643128,0.3456918520356872,0.7524639297249345,0.6842107887243715,0.7054756,0.7087819569093562,0.7154853419919645,Konrad Staszczyk,0.6543081479643128,Solid,False,,,
576052-10,576052,2026-10-07,2026-10-07 20:30:00,evening,OSP,Miroslaw Lewczuk,Jerzy Michalik,False,,0.4823350730809529,109,2065,2191,1505.7761810598329,1518.056140492193,0.5,0.8,3,3,0.5458353210877992,0.4541646789122008,0.5830930436928163,0.554415640148437,0.5601611,0.5618652094682035,0.5668810498058019,Miroslaw Lewczuk,0.5458353210877992,Coin flip,False,,,
576050-10,576050,2026-10-07,2026-10-07 20:30:00,evening,OSP,Marcin Kowalczyk,Waclaw Suchecki,False,,0.5193494362532876,3,2739,837,1282.8514760360026,1269.3993926313947,0.3,0.5,3,3,0.5592621257472689,0.44073787425273114,0.6032785829927287,0.5818792119079184,0.57604134,0.5795104557028143,0.5800811155710697,Marcin Kowalczyk,0.5592621257472689,Lean,False,,,
576019-4,576019,2026-10-07,2026-10-07 20:45:00,evening,POCZESNA,Miroslaw Warzecha,Piotr Gesiarz,False,,0.7670315031046283,28,1797,366,1618.2317874965813,1411.225385981907,0.7,0.4,6,1,0.600188617882173,0.39981138211782696,0.6783720864682751,0.620314236347021,0.62944067,0.6268683322659335,0.6508914141289864,Miroslaw Warzecha,0.600188617882173,Lean,False,,,
576023-10,576023,2026-10-07,2026-10-07 20:45:00,evening,BLACHOWNIA,Mariusz Koczyba,Adam Ruszkiewicz,False,,0.4518876398549014,38,3317,1095,1381.0783106871895,1414.6139639390333,0.6,0.6,3,3,0.6049554131925992,0.39504458680740084,0.6482116681833155,0.6237825683294231,0.64027035,0.6640096952926668,0.6640366227099503,Mariusz Koczyba,0.6049554131925992,Lean,False,,,
576054-11,576054,2026-10-07,2026-10-07 20:50:00,evening,HSC,Kamil Rudomina,Adrian Myszewski,False,,0.5812352897824152,49,5640,1613,1550.1670718172675,1493.2143123683281,0.5,0.5,3,6,0.5066162312063568,0.4933837687936432,0.5117258064106536,0.4985271641066781,0.51720715,0.49954364508981614,0.5205093160712686,Kamil Rudomina,0.5066162312063568,Coin flip,False,,,
576050-11,576050,2026-10-07,2026-10-07 20:55:00,evening,OSP,Mateusz Trela,Piotr Strus,False,,0.6172035095696788,56,3052,2578,1409.7929161977418,1326.8087403997492,0.3,0.5,3,3,0.548047602060631,0.45195239793936903,0.6334148972233307,0.543847204972468,0.55425704,0.5508491891251504,0.5581828061278269,Mateusz Trela,0.548047602060631,Coin flip,False,,,
576052-11,576052,2026-10-07,2026-10-07 20:55:00,evening,OSP,Jacek Zelezik,Zbigniew Nocun,False,,0.7384136895370041,42,755,2247,1658.0586653738974,1477.784774527552,0.9,0.6,3,3,0.4583250582832022,0.5416749417167979,0.504086373407667,0.40833676018738474,0.4198272,0.4398222094366295,0.43021129417650944,Zbigniew Nocun,0.5416749417167979,Coin flip,False,,,
576019-5,576019,2026-10-07,2026-10-07 21:10:00,evening,POCZESNA,Arkadiusz Skupinski,Andriej Fomin,False,,0.1838943963367387,14,966,1006,1295.859839080479,1554.7309848174552,0.4,0.7,1,7,0.36354102872435284,0.6364589712756472,0.28115513049014984,0.31616266727035136,0.33214897,0.31389665310842896,0.30638600713709013,Andriej Fomin,0.6364589712756472,Solid,False,,,
576023-11,576023,2026-10-07,2026-10-07 21:10:00,evening,BLACHOWNIA,Tomasz Wrzalik,Sebastian Krupa,False,,0.21543728164456258,5,1104,879,1301.080459810233,1525.603182395983,0.2,0.8,3,3,0.4608151725458023,0.5391848274541977,0.43668689973349334,0.44172463036783993,0.44772428,0.45372142927773873,0.44098551689130533,Sebastian Krupa,0.5391848274541977,Coin flip,False,,,
576054-12,576054,2026-10-07,2026-10-07 21:15:00,evening,HSC,Przemyslaw Blocho,Szymon Brud,False,,0.49663781726266204,16,2690,1433,1651.9641640649222,1654.3004831351595,0.5,0.5,6,3,0.5222657381903408,0.47773426180965917,0.5528251570758611,0.5208331641244859,0.52331835,0.5278113532490583,0.5341944121215488,Przemyslaw Blocho,0.5222657381903408,Coin flip,False,,,
576050-12,576050,2026-10-07,2026-10-07 21:20:00,evening,OSP,Bartlomiej Mrugala,Piotr Krukar,False,,0.464775632993332,2,712,56,1312.5996847817873,1337.1166952572637,0.4,0.5,6,3,0.5324281284261968,0.4675718715738032,0.5110376667536012,0.5438156142908153,0.5572289,0.5501929485375205,0.5709661429402318,Bartlomiej Mrugala,0.5324281284261968,Coin flip,False,,,
576052-12,576052,2026-10-07,2026-10-07 21:20:00,evening,OSP,Henryk Tkaczyk,Andrzej Krezel,False,,0.5612925947786936,21,1695,290,1593.7461208340098,1550.9403818969631,0.6,0.7,4,3,0.6132074598797658,0.38679254012023423,0.6730824280243828,0.649863177133595,0.6543574,0.6550219953405794,0.662161407579429,Henryk Tkaczyk,0.6132074598797658,Lean,False,,,
576019-6,576019,2026-10-07,2026-10-07 21:30:00,evening,POCZESNA,Dominik Bartosik,Adam Staniczek,False,,0.7773643353341744,0,0,1622,1500.0,1282.7880498862892,0.5,0.2,7,6,0.6135943508994973,0.3864056491005027,0.6650085750706298,0.6617379185723723,0.6710152,0.6535532495189814,0.6441277180353147,Dominik Bartosik,0.6135943508994973,Lean,True,,,
576023-12,576023,2026-10-07,2026-10-07 21:35:00,evening,BLACHOWNIA,Wojciech Pytlas,Mariusz Baron,False,,0.6839817842982557,13,935,4021,1435.5984297831342,1301.4654621159568,0.6,0.3,3,7,0.5242324543392703,0.47576754566072965,0.5368484671985582,0.5360971033617249,0.533185,0.5293399287079511,0.5374860751776269,Wojciech Pytlas,0.5242324543392703,Coin flip,False,,,
576054-13,576054,2026-10-07,2026-10-07 21:40:00,evening,HSC,Konrad Staszczyk,Adrian Myszewski,False,,0.9039902339488723,0,2543,1613,1882.7536432724826,1493.2143123683281,0.8,0.5,7,7,0.6823421344898143,0.3176578655101857,0.7172674828694083,0.7279213336054262,0.77140796,0.7574334300393902,0.7717705493688551,Konrad Staszczyk,0.6823421344898143,Solid,False,,,
576052-13,576052,2026-10-07,2026-10-07 21:40:00,evening,OSP,Miroslaw Lewczuk,Zbigniew Nocun,False,,0.5401959412801004,86,2065,2247,1505.7761810598329,1477.784774527552,0.5,0.6,4,4,0.4280602010797007,0.5719397989202992,0.44649801550720863,0.38674958887030414,0.38685742,0.38243995248014123,0.3856908399223921,Zbigniew Nocun,0.5719397989202992,Lean,False,,,
576050-13,576050,2026-10-07,2026-10-07 21:40:00,evening,OSP,Marcin Kowalczyk,Piotr Strus,False,,0.4370757984334168,146,2739,2578,1282.8514760360026,1326.8087403997492,0.3,0.5,4,4,0.48184065409886895,0.5181593459011311,0.4873587036832739,0.4698542164100186,0.4677204,0.4708343006535852,0.4745238338038277,Piotr Strus,0.5181593459011311,Coin flip,False,,,
576019-7,576019,2026-10-07,2026-10-07 21:55:00,evening,POCZESNA,Piotr Gesiarz,Andriej Fomin,False,,0.3044735901448318,10,366,1006,1411.225385981907,1554.7309848174552,0.4,0.7,2,8,0.44514454916025364,0.5548554508397463,0.433595373551098,0.4191330792974842,0.42519134,0.4208233260503336,0.41003710338989374,Andriej Fomin,0.5548554508397463,Lean,False,,,
576023-13,576023,2026-10-07,2026-10-07 22:00:00,evening,BLACHOWNIA,Mariusz Koczyba,Sebastian Krupa,False,,0.3032324802985845,50,3317,879,1381.0783106871895,1525.603182395983,0.6,0.8,4,4,0.5520384277602256,0.4479615722397744,0.5414908658825464,0.6008706122578462,0.59126514,0.5613178453031733,0.5747669283616338,Mariusz Koczyba,0.5520384277602256,Lean,False,,,
576050-14,576050,2026-10-07,2026-10-07 22:05:00,evening,OSP,Waclaw Suchecki,Piotr Krukar,False,,0.4037625276613252,2,837,56,1269.3993926313947,1337.1166952572637,0.5,0.5,4,4,0.41386903472565556,0.5861309652743445,0.4014569417811585,0.38713146707575846,0.3674075,0.3634196868622901,0.37056141120206093,Piotr Krukar,0.5861309652743445,Lean,False,,,
576052-14,576052,2026-10-07,2026-10-07 22:05:00,evening,OSP,Jerzy Michalik,Andrzej Krezel,False,,0.4528165832663302,7,2191,290,1518.056140492193,1550.9403818969631,0.8,0.7,4,4,0.47589570104373874,0.5241042989562612,0.47730265559343255,0.46256223380601524,0.46160102,0.46506989756189543,0.4610892261069445,Andrzej Krezel,0.5241042989562612,Coin flip,False,,,
576054-14,576054,2026-10-07,2026-10-07 22:05:00,evening,HSC,Przemyslaw Perzynski,Szymon Brud,False,,0.5683044335143349,20,1166,1433,1702.0618653936597,1654.3004831351595,1.0,0.5,4,4,0.42651731767051654,0.5734826823294834,0.3931665055362425,0.41031373686013434,0.3897095,0.3890890479844288,0.39666365976097373,Szymon Brud,0.5734826823294834,Lean,False,,,
576019-8,576019,2026-10-07,2026-10-07 22:20:00,evening,POCZESNA,Miroslaw Warzecha,Dominik Bartosik,False,,0.663871901483286,0,1797,0,1618.2317874965813,1500.0,0.7,0.5,7,8,0.5646004541663713,0.4353995458336287,0.6170780863637221,0.5875992735493623,0.57036173,0.5780930130039121,0.6063779178136435,Miroslaw Warzecha,0.5646004541663713,Lean,True,,,
576023-14,576023,2026-10-07,2026-10-07 22:20:00,evening,BLACHOWNIA,Adam Ruszkiewicz,Mariusz Baron,False,,0.6573112689621232,26,1095,4021,1414.6139639390333,1301.4654621159568,0.6,0.3,4,8,0.4298836419224541,0.5701163580775459,0.4423792169501853,0.3935405612945781,0.3890445,0.38734406166274066,0.3888612640215566,Mariusz Baron,0.5701163580775459,Lean,False,,,
576050-15,576050,2026-10-07,2026-10-07 22:30:00,evening,OSP,Mateusz Trela,Bartlomiej Mrugala,False,,0.6363343461365469,16,3052,712,1409.7929161977418,1312.5996847817873,0.3,0.4,4,7,0.544861699347845,0.455138300652155,0.607545651971549,0.5454250392874485,0.55256116,0.565009568700478,0.5478564727013782,Mateusz Trela,0.544861699347845,Coin flip,False,,,
576052-15,576052,2026-10-07,2026-10-07 22:30:00,evening,OSP,Jacek Zelezik,Henryk Tkaczyk,False,,0.5915103891687205,44,755,1695,1658.0586653738974,1593.7461208340098,0.9,0.6,4,5,0.4031133782512662,0.5968866217487339,0.38434995630155555,0.3653818558026665,0.35742462,0.34686187887289016,0.3621050929912809,Henryk Tkaczyk,0.5968866217487339,Lean,False,,,
576054-15,576054,2026-10-07,2026-10-07 22:30:00,evening,HSC,Kamil Rudomina,Przemyslaw Blocho,False,,0.3575551942741489,109,5640,2690,1550.1670718172675,1651.9641640649222,0.5,0.5,4,7,0.40517007185231785,0.5948299281476821,0.3511485412717317,0.36217476036022955,0.3709854,0.3717254035078223,0.3759248893890048,Przemyslaw Blocho,0.5948299281476821,Lean,False,,,
576019-9,576019,2026-10-07,2026-10-07 22:45:00,evening,POCZESNA,Arkadiusz Skupinski,Adam Staniczek,False,,0.5188029455794803,21,966,1622,1295.859839080479,1282.7880498862892,0.4,0.2,2,7,0.5010164092835766,0.4989835907164234,0.49614438853797355,0.5128977614801389,0.5024716,0.501925095006983,0.49325308201917256,Arkadiusz Skupinski,0.5010164092835766,Coin flip,False,,,
576023-15,576023,2026-10-07,2026-10-07 22:45:00,evening,BLACHOWNIA,Tomasz Wrzalik,Wojciech Pytlas,False,,0.31553936684471073,10,1104,935,1301.080459810233,1435.5984297831342,0.2,0.6,4,4,0.5020282373650775,0.4979717626349225,0.4650153007400357,0.5251690101894149,0.50608885,0.512673597546623,0.5063250301996731,Tomasz Wrzalik,0.5020282373650775,Coin flip,False,,,
576292-1,576292,2026-10-07,2026-10-07 23:00:00,night,HSC,Szymon Brud,Kamil Rudomina,False,,0.6455281998190452,26,1433,5640,1654.3004831351595,1550.1670718172675,0.5,0.5,5,5,0.5317538182883436,0.46824618171165644,0.5892181736129327,0.5277273660318105,0.5376834,0.5355785232803921,0.5350547343180718,Szymon Brud,0.5317538182883436,Coin flip,False,,,
576058-1,576058,2026-10-07,2026-10-07 23:00:00,night,OSP,Zbigniew Nocun,Andrzej Krezel,False,,0.396249366570628,13,2247,290,1477.784774527552,1550.9403818969631,0.6,0.7,5,5,0.5230792945602748,0.4769207054397252,0.5496708751383217,0.5294010163923412,0.53029776,0.5243643081971123,0.5304230401756089,Zbigniew Nocun,0.5230792945602748,Coin flip,False,,,
576019-10,576019,2026-10-07,2026-10-07 23:05:00,evening,POCZESNA,Piotr Gesiarz,Dominik Bartosik,False,,0.3749526261768485,0,366,0,1411.225385981907,1500.0,0.4,0.5,3,9,0.49141612300629933,0.5085838769937007,0.45863243388992037,0.49626969078665156,0.49312347,0.4868185682376533,0.5051312206814157,Dominik Bartosik,0.5085838769937007,Coin flip,True,,,
576056-1,576056,2026-10-07,2026-10-07 23:05:00,night,OSP,Piotr Krukar,Mateusz Trela,False,,0.3969097432023794,0,56,3052,1337.1166952572637,1409.7929161977418,0.5,0.3,5,5,0.3612759279961622,0.6387240720038379,0.302160190211074,0.32782155567312116,0.2969521,0.3138063659663433,0.2939253863582235,Mateusz Trela,0.6387240720038379,Solid,False,,,
576025-1,576025,2026-10-07,2026-10-07 23:10:00,night,BLACHOWNIA,Piotr Gumulinski,Mariusz Baron,False,,0.6642207363023441,276,3786,4021,1419.968885021669,1301.4654621159568,0.7,0.3,0,9,0.43467222566268243,0.5653277743373175,0.4754816099892978,0.39299353380003005,0.3950182,0.3967780301495232,0.37278703759899506,Mariusz Baron,0.5653277743373175,Lean,False,,,
576058-2,576058,2026-10-07,2026-10-07 23:20:00,night,OSP,Miroslaw Lewczuk,Henryk Tkaczyk,False,,0.3760388416485558,63,2065,1695,1505.7761810598329,1593.7461208340098,0.5,0.6,5,6,0.3508207395123596,0.6491792604876404,0.32118060136166626,0.2933110961029692,0.2846618,0.2837197590089293,0.2826932027338651,Henryk Tkaczyk,0.6491792604876404,Solid,False,,,
576292-2,576292,2026-10-07,2026-10-07 23:25:00,night,HSC,Przemyslaw Blocho,Przemyslaw Perzynski,False,,0.4283991568519968,14,2690,1166,1651.9641640649222,1702.0618653936597,0.5,1.0,8,5,0.5749816702192116,0.42501832978078835,0.6365283065339384,0.5877972885355625,0.6058644,0.6060008494180635,0.5941987134680321,Przemyslaw Blocho,0.5749816702192116,Lean,False,,,
576019-11,576019,2026-10-07,2026-10-07 23:30:00,evening,POCZESNA,Miroslaw Warzecha,Arkadiusz Skupinski,False,,0.8647975451484481,62,1797,966,1618.2317874965813,1295.859839080479,0.7,0.4,8,3,0.7230614100015225,0.27693858999847754,0.7984764058462196,0.789964486785991,0.79138684,0.7994081928904738,0.8095179425966176,Miroslaw Warzecha,0.7230614100015225,Strong,False,,,
576056-2,576056,2026-10-07,2026-10-07 23:30:00,night,OSP,Bartlomiej Mrugala,Waclaw Suchecki,False,,0.5618517918901947,8,712,837,1312.5996847817873,1269.3993926313947,0.4,0.5,8,5,0.5344457907754113,0.4655542092245887,0.5692094201846678,0.5439177133979697,0.5421678,0.5486136494614773,0.5411433909624269,Bartlomiej Mrugala,0.5344457907754113,Coin flip,False,,,
576025-2,576025,2026-10-07,2026-10-07 23:35:00,night,BLACHOWNIA,Mariusz Koczyba,Pawel Kurek,False,,0.4724622167370884,24,3317,946,1381.0783106871895,1400.2329054077832,0.6,0.5,5,4,0.562223841062213,0.437776158937787,0.550480283163123,0.6075094518306363,0.5938097,0.5908320718365068,0.6005225716491693,Mariusz Koczyba,0.562223841062213,Lean,False,,,
576058-3,576058,2026-10-07,2026-10-07 23:45:00,night,OSP,Jerzy Michalik,Jacek Zelezik,False,,0.30876074553794924,26,2191,755,1518.056140492193,1658.0586653738974,0.8,0.9,5,5,0.38775251145313394,0.6122474885468661,0.36818056614435085,0.3263095687524583,0.35009494,0.3292055407020135,0.33712615010333874,Jacek Zelezik,0.6122474885468661,Lean,False,,,
576292-3,576292,2026-10-07,2026-10-07 23:50:00,night,HSC,Przemyslaw Blocho,Arkadiusz Mugowski,False,,0.7710630445250045,62,2690,7064,1651.9641640649222,1441.0145697713692,0.5,0.5,9,0,0.707047901582932,0.29295209841706804,0.761298473921995,0.7453573029787491,0.77876186,0.8018563967178503,0.8100407025967973,Przemyslaw Blocho,0.707047901582932,Strong,False,,,
576056-3,576056,2026-10-07,2026-10-07 23:55:00,night,OSP,Bartlomiej Mrugala,Adrian Myszewski,False,,0.26120761837538053,0,712,1613,1312.5996847817873,1493.2143123683281,0.4,0.5,9,8,0.42700152570201216,0.5729984742979879,0.36117851300717846,0.381874293741934,0.41515976,0.40246566412050544,0.42383831999301524,Adrian Myszewski,0.5729984742979879,Lean,False,,,
576019-12,576019,2026-10-07,2026-10-07 23:55:00,evening,POCZESNA,Adam Staniczek,Andriej Fomin,False,,0.1728689476431308,30,1622,1006,1282.7880498862892,1554.7309848174552,0.2,0.7,8,9,0.3471693939001785,0.6528306060998215,0.28863546859329126,0.2809279384682931,0.28926662,0.3035858482326538,0.28065069526646996,Andriej Fomin,0.6528306060998215,Solid,False,,,
576025-3,576025,2026-10-07,2026-10-08 00:00:00,night,BLACHOWNIA,Adrian Burkacki,Tomasz Wrzalik,False,,0.5087245972754989,1,381,1104,1307.1435463374519,1301.080459810233,0.3,0.2,0,0,0.42122011933219666,0.5787798806678033,0.40752597659121564,0.3850081828660997,0.38384125,0.382334682586407,0.3827150086830814,Tomasz Wrzalik,0.5787798806678033,Lean,False,,,
576058-4,576058,2026-10-07,2026-10-08 00:10:00,night,OSP,Zbigniew Nocun,Miroslaw Lewczuk,False,,0.45980405871989966,86,2247,2065,1477.784774527552,1505.7761810598329,0.6,0.5,0,0,0.5521425455657094,0.4478574544342906,0.5564138199592787,0.5778353633205008,0.5785861,0.5819151334109706,0.5768139333946052,Zbigniew Nocun,0.5521425455657094,Lean,False,,,
576292-4,576292,2026-10-07,2026-10-08 00:10:00,night,HSC,Kamil Rudomina,Przemyslaw Perzynski,False,,0.29434441474089307,37,5640,1166,1550.1670718172675,1702.0618653936597,0.5,1.0,0,0,0.5208613538931369,0.4791386461068631,0.5320665224988546,0.5288455530648767,0.5296833,0.532310541841927,0.525818844539703,Kamil Rudomina,0.5208613538931369,Coin flip,False,,,
576056-4,576056,2026-10-07,2026-10-08 00:15:00,night,OSP,Mateusz Trela,Waclaw Suchecki,False,,0.6917194237613359,14,3052,837,1409.7929161977418,1269.3993926313947,0.3,0.5,0,0,0.6243847378269709,0.3756152621730291,0.7023824143727384,0.6678179697663721,0.66057885,0.6677996388211394,0.6706523760084094,Mateusz Trela,0.6243847378269709,Solid,False,,,
576019-13,576019,2026-10-07,2026-10-08 00:20:00,evening,POCZESNA,Piotr Gesiarz,Arkadiusz Skupinski,False,,0.6601802270116841,0,366,966,1411.225385981907,1295.859839080479,0.4,0.4,0,0,0.582900976400302,0.41709902359969797,0.648990754608024,0.6023309609077352,0.6158603,0.6076378154715867,0.61070609667188,Piotr Gesiarz,0.582900976400302,Lean,False,,,
576025-4,576025,2026-10-07,2026-10-08 00:25:00,night,BLACHOWNIA,Piotr Gumulinski,Mariusz Koczyba,False,,0.5557354471518,66,3786,3317,1419.968885021669,1381.0783106871895,0.7,0.6,0,0,0.4688334939935823,0.5311665060064177,0.4856886685629187,0.4664005716294009,0.44145858,0.44761958321761247,0.43476662256951,Mariusz Koczyba,0.5311665060064177,Coin flip,False,,,
576056-5,576056,2026-10-07,2026-10-08 00:35:00,night,OSP,Adrian Myszewski,Mateusz Trela,False,,0.617797971574751,31,1613,3052,1493.2143123683281,1409.7929161977418,0.5,0.3,0,1,0.46479328436230083,0.5352067156376992,0.5067777039224323,0.4374650716003716,0.4370303,0.4259817068099704,0.4399414773153514,Mateusz Trela,0.5352067156376992,Coin flip,False,,,
576058-5,576058,2026-10-07,2026-10-08 00:35:00,night,OSP,Jacek Zelezik,Andrzej Krezel,False,,0.6494499785090059,8,755,290,1658.0586653738974,1550.9403818969631,0.9,0.7,0,0,0.5667748108515271,0.43322518914847286,0.5801166049695388,0.6068952783392909,0.5947984,0.6031898578087074,0.5890179744979732,Jacek Zelezik,0.5667748108515271,Lean,False,,,
576292-5,576292,2026-10-07,2026-10-08 00:35:00,night,HSC,Arkadiusz Mugowski,Kamil Rudomina,False,,0.3478887775102625,295,7064,5640,1441.0145697713692,1550.1670718172675,0.5,0.5,0,1,0.41764904497357624,0.5823509550264238,0.35851179603936134,0.3801448539989823,0.3925855,0.38848069872182184,0.39885626054852286,Kamil Rudomina,0.5823509550264238,Lean,False,,,
576019-14,576019,2026-10-07,2026-10-08 00:40:00,evening,POCZESNA,Dominik Bartosik,Andriej Fomin,False,,0.4218808955320754,0,0,1006,1500.0,1554.7309848174552,0.5,0.7,0,0,0.43636005841629505,0.563639941583705,0.4815121637494657,0.39062497656340434,0.402082,0.40059032878045514,0.36965858987664746,Andriej Fomin,0.563639941583705,Lean,True,,,
576025-5,576025,2026-10-07,2026-10-08 00:50:00,night,BLACHOWNIA,Tomasz Wrzalik,Mariusz Baron,False,,0.4994459373705805,40,1104,4021,1301.080459810233,1301.4654621159568,0.2,0.3,1,0,0.5348233619230508,0.4651766380769492,0.529137799210651,0.5499635850547921,0.5572288,0.5557609191370051,0.5569858335096906,Tomasz Wrzalik,0.5348233619230508,Coin flip,False,,,
576056-6,576056,2026-10-07,2026-10-08 00:55:00,night,OSP,Piotr Krukar,Waclaw Suchecki,False,,0.5962374723386747,2,56,837,1337.1166952572637,1269.3993926313947,0.5,0.5,0,1,0.46500034779409916,0.5349996522059008,0.4902495295085043,0.4443594732756202,0.43299434,0.44858673839923735,0.433022205484485,Waclaw Suchecki,0.5349996522059008,Coin flip,False,,,
576058-6,576058,2026-10-07,2026-10-08 00:55:00,night,OSP,Jerzy Michalik,Henryk Tkaczyk,False,,0.39276448635391387,93,2191,1695,1518.056140492193,1593.7461208340098,0.8,0.6,0,0,0.3420792988738982,0.6579207011261018,0.2571726546607465,0.29816265791444635,0.28600177,0.28970810009387,0.2793491108426786,Henryk Tkaczyk,0.6579207011261018,Solid,False,,,
576292-6,576292,2026-10-07,2026-10-08 00:55:00,night,HSC,Szymon Brud,Przemyslaw Perzynski,False,,0.43169556648566515,20,1433,1166,1654.3004831351595,1702.0618653936597,0.5,1.0,0,1,0.5269684991425164,0.4730315008574836,0.600213133725167,0.5148327739029225,0.5271866,0.5221206907466076,0.526419902184474,Szymon Brud,0.5269684991425164,Coin flip,False,,,
576019-15,576019,2026-10-07,2026-10-08 01:05:00,evening,POCZESNA,Miroslaw Warzecha,Adam Staniczek,False,,0.8733566761420631,83,1797,1622,1618.2317874965813,1282.7880498862892,0.7,0.2,0,0,0.7777458509001599,0.2222541490998401,0.831857607264066,0.8646657680591678,0.86981535,0.8627995816346585,0.855153784863571,Miroslaw Warzecha,0.7777458509001599,Strong,False,,,
576025-6,576025,2026-10-07,2026-10-08 01:10:00,night,BLACHOWNIA,Adrian Burkacki,Pawel Kurek,False,,0.3691499125750045,5,381,946,1307.1435463374519,1400.2329054077832,0.3,0.5,1,0,0.42275356493564276,0.5772464350643572,0.3827503255439889,0.3851380697663787,0.39915043,0.3932347225825177,0.39266864858973083,Pawel Kurek,0.5772464350643572,Lean,False,,,
576292-7,576292,2026-10-07,2026-10-08 01:20:00,night,HSC,Przemyslaw Blocho,Kamil Rudomina,False,,0.6424448057258512,109,2690,5640,1651.9641640649222,1550.1670718172675,0.5,0.5,0,2,0.5543275866607679,0.44567241333923213,0.6324918444223748,0.5766728953228244,0.5626817,0.5563986312457281,0.555774512028046,Przemyslaw Blocho,0.5543275866607679,Lean,False,,,
576058-7,576058,2026-10-07,2026-10-08 01:20:00,night,OSP,Miroslaw Lewczuk,Andrzej Krezel,False,,0.4353671401325863,12,2065,290,1505.7761810598329,1550.9403818969631,0.5,0.7,1,1,0.5092156346007355,0.4907843653992645,0.542759951759527,0.49556935324773477,0.51430523,0.5072911814524227,0.5048825268576084,Miroslaw Lewczuk,0.5092156346007355,Coin flip,False,,,
576056-7,576056,2026-10-07,2026-10-08 01:20:00,night,OSP,Bartlomiej Mrugala,Mateusz Trela,False,,0.36366565386345306,16,712,3052,1312.5996847817873,1409.7929161977418,0.4,0.3,0,2,0.4182330032782729,0.5817669967217272,0.37792659826866615,0.39181258409551584,0.38444227,0.37836608746324674,0.3889161159520022,Mateusz Trela,0.5817669967217272,Lean,False,,,
576025-7,576025,2026-10-07,2026-10-08 01:35:00,night,BLACHOWNIA,Mariusz Koczyba,Mariusz Baron,False,,0.6126080575952202,66,3317,4021,1381.0783106871895,1301.4654621159568,0.6,0.3,1,1,0.5871476534203741,0.4128523465796259,0.6523943403126061,0.6425219694024342,0.60798776,0.6197312398538408,0.5909531718774446,Mariusz Koczyba,0.5871476534203741,Lean,False,,,
576056-8,576056,2026-10-07,2026-10-08 01:45:00,night,OSP,Piotr Krukar,Adrian Myszewski,False,,0.2893444276822558,0,56,1613,1337.1166952572637,1493.2143123683281,0.5,0.5,1,1,0.35139086921885543,0.6486091307811446,0.28892360049138305,0.30631692116071546,0.28098547,0.3014954357782182,0.29319981349276386,Adrian Myszewski,0.6486091307811446,Solid,False,,,
576058-8,576058,2026-10-07,2026-10-08 01:45:00,night,OSP,Zbigniew Nocun,Jerzy Michalik,False,,0.4423030047373746,142,2247,2191,1477.784774527552,1518.056140492193,0.6,0.8,1,1,0.6259951400086424,0.3740048599913576,0.7010558479418914,0.6660467604102731,0.66992843,0.6691666087943063,0.6737333999353846,Zbigniew Nocun,0.6259951400086424,Solid,False,,,
576292-8,576292,2026-10-07,2026-10-08 01:45:00,night,HSC,Szymon Brud,Arkadiusz Mugowski,False,,0.7734284564141891,28,1433,7064,1654.3004831351595,1441.0145697713692,0.5,0.5,1,1,0.6311130767577964,0.3688869232422036,0.6841714727067807,0.6824484986495132,0.6783575,0.6850426363995287,0.6847793444583956,Szymon Brud,0.6311130767577964,Solid,False,,,
576025-8,576025,2026-10-07,2026-10-08 02:00:00,night,BLACHOWNIA,Piotr Gumulinski,Adrian Burkacki,False,,0.6568921132367512,13,3786,381,1419.968885021669,1307.1435463374519,0.7,0.3,1,2,0.555998837350622,0.44400116264937795,0.6091058853458962,0.5849885727140299,0.571347,0.57388702657946,0.5570391243040679,Piotr Gumulinski,0.555998837350622,Lean,False,,,
576056-9,576056,2026-10-07,2026-10-08 02:10:00,night,OSP,Bartlomiej Mrugala,Piotr Krukar,False,,0.464775632993332,2,712,56,1312.5996847817873,1337.1166952572637,0.4,0.5,1,2,0.5348203213021917,0.4651796786978083,0.5803125158644344,0.5199370365640502,0.5539675,0.5379448778102882,0.5558846939025313,Bartlomiej Mrugala,0.5348203213021917,Coin flip,False,,,
576058-9,576058,2026-10-07,2026-10-08 02:10:00,night,OSP,Jacek Zelezik,Henryk Tkaczyk,False,,0.5915103891687205,44,755,1695,1658.0586653738974,1593.7461208340098,0.9,0.6,1,1,0.4031710766310706,0.5968289233689295,0.3841364604132144,0.3660718755469763,0.35725442,0.3484081080638883,0.36059908381735944,Henryk Tkaczyk,0.5968289233689295,Lean,False,,,
576292-9,576292,2026-10-07,2026-10-08 02:10:00,night,HSC,Przemyslaw Blocho,Szymon Brud,False,,0.49663781726266204,16,2690,1433,1651.9641640649222,1654.3004831351595,0.5,0.5,1,2,0.4937985094156111,0.5062014905843889,0.5436844174296258,0.4694264870940117,0.48286235,0.4757506943395126,0.4826093083061332,Szymon Brud,0.5062014905843889,Coin flip,False,,,
576025-9,576025,2026-10-07,2026-10-08 02:25:00,night,BLACHOWNIA,Tomasz Wrzalik,Pawel Kurek,False,,0.3610597798770848,2,1104,946,1301.080459810233,1400.2329054077832,0.2,0.5,2,1,0.4897340357861824,0.5102659642138176,0.4688596301706705,0.4888372208969379,0.48253876,0.4951029548075716,0.4923858724917726,Pawel Kurek,0.5102659642138176,Coin flip,False,,,
576056-10,576056,2026-10-07,2026-10-08 02:35:00,night,OSP,Adrian Myszewski,Waclaw Suchecki,False,,0.7838732413961383,9,1613,837,1493.2143123683281,1269.3993926313947,0.5,0.5,2,2,0.6731468722219563,0.32685312777804365,0.7120539491464476,0.7454685662063291,0.74576837,0.7427727354383654,0.7410008328773623,Adrian Myszewski,0.6731468722219563,Solid,False,,,
576058-10,576058,2026-10-07,2026-10-08 02:35:00,night,OSP,Miroslaw Lewczuk,Jerzy Michalik,False,,0.4823350730809529,109,2065,2191,1505.7761810598329,1518.056140492193,0.5,0.8,2,2,0.5380362386755178,0.46196376132448225,0.5654800246365941,0.5488377360634521,0.54848117,0.5547823642343526,0.5535775933020743,Miroslaw Lewczuk,0.5380362386755178,Coin flip,False,,,
576292-10,576292,2026-10-07,2026-10-08 02:35:00,night,HSC,Arkadiusz Mugowski,Przemyslaw Perzynski,False,,0.1820218293449485,14,7064,1166,1441.0145697713692,1702.0618653936597,0.5,1.0,2,2,0.5070119388802591,0.4929880611197409,0.4362623142590721,0.5391786186002093,0.5121211,0.532309909348682,0.5331370666331146,Arkadiusz Mugowski,0.5070119388802591,Coin flip,False,,,
576025-10,576025,2026-10-07,2026-10-08 02:45:00,night,BLACHOWNIA,Mariusz Koczyba,Adrian Burkacki,False,,0.6048231501405139,16,3317,381,1381.0783106871895,1307.1435463374519,0.6,0.3,2,3,0.5974659453991378,0.4025340546008622,0.6346804473734879,0.6512498485447913,0.62518406,0.6418005552882399,0.6343431047628258,Mariusz Koczyba,0.5974659453991378,Lean,False,,,
576058-11,576058,2026-10-07,2026-10-08 03:00:00,night,OSP,Zbigniew Nocun,Jacek Zelezik,False,,0.2615863104629958,42,2247,755,1477.784774527552,1658.0586653738974,0.6,0.9,2,2,0.5186143641780734,0.4813856358219266,0.4898530400343177,0.546995292434622,0.53498197,0.5291023358232606,0.5325416631763348,Zbigniew Nocun,0.5186143641780734,Coin flip,False,,,
576025-11,576025,2026-10-07,2026-10-08 03:10:00,night,BLACHOWNIA,Piotr Gumulinski,Tomasz Wrzalik,False,,0.6647148502550828,20,3786,1104,1419.968885021669,1301.080459810233,0.7,0.2,2,3,0.49721765227727394,0.502782347722726,0.5296789878771127,0.4918672013974017,0.49089223,0.48548800846187745,0.48056229940744727,Tomasz Wrzalik,0.502782347722726,Coin flip,False,,,
576058-12,576058,2026-10-07,2026-10-08 03:25:00,night,OSP,Henryk Tkaczyk,Andrzej Krezel,False,,0.5612925947786936,21,1695,290,1593.7461208340098,1550.9403818969631,0.6,0.7,2,2,0.6176676160623332,0.3823323839376668,0.6711274290206765,0.6585691162559165,0.66222763,0.6622252323708087,0.6707005315927477,Henryk Tkaczyk,0.6176676160623332,Lean,False,,,
576025-12,576025,2026-10-07,2026-10-08 03:35:00,night,BLACHOWNIA,Pawel Kurek,Mariusz Baron,False,,0.6384287833613834,21,946,4021,1400.2329054077832,1301.4654621159568,0.5,0.3,2,2,0.5876660960545242,0.41233390394547575,0.5869626387393789,0.6344273479549591,0.63799155,0.6422514724473214,0.618199663044085,Pawel Kurek,0.5876660960545242,Lean,False,,,
576058-13,576058,2026-10-07,2026-10-08 03:45:00,night,OSP,Miroslaw Lewczuk,Jacek Zelezik,False,,0.29388108492972176,28,2065,755,1505.7761810598329,1658.0586653738974,0.5,0.9,3,3,0.45493273023809505,0.545067269761905,0.4516109504201155,0.4306523450332009,0.43941545,0.42747123466953646,0.42886105126525015,Jacek Zelezik,0.545067269761905,Coin flip,False,,,
576025-13,576025,2026-10-07,2026-10-08 04:00:00,night,BLACHOWNIA,Mariusz Koczyba,Tomasz Wrzalik,False,,0.6131338856648556,21,3317,1104,1381.0783106871895,1301.080459810233,0.6,0.2,3,4,0.544651335033013,0.455348664966987,0.5709951093844704,0.5740401563948658,0.5532956,0.556432301220076,0.5631008164421487,Mariusz Koczyba,0.544651335033013,Coin flip,False,,,
576058-14,576058,2026-10-07,2026-10-08 04:10:00,night,OSP,Jerzy Michalik,Andrzej Krezel,False,,0.4528165832663302,7,2191,290,1518.056140492193,1550.9403818969631,0.8,0.7,3,3,0.4718154966255725,0.5281845033744275,0.48385262871141266,0.45227894634501115,0.45270094,0.45759168385535604,0.45180952051726503,Andrzej Krezel,0.5281845033744275,Coin flip,False,,,
576025-14,576025,2026-10-07,2026-10-08 04:20:00,night,BLACHOWNIA,Adrian Burkacki,Mariusz Baron,False,,0.5081706926337198,18,381,4021,1307.1435463374519,1301.4654621159568,0.3,0.3,4,3,0.4578484771674762,0.5421515228325238,0.456024889552018,0.44797541986388806,0.43386203,0.4289868021469787,0.431792071460809,Mariusz Baron,0.5421515228325238,Coin flip,False,,,
576058-15,576058,2026-10-07,2026-10-08 04:35:00,night,OSP,Zbigniew Nocun,Henryk Tkaczyk,False,,0.3390507700973196,104,2247,1695,1477.784774527552,1593.7461208340098,0.6,0.6,3,3,0.3997676317552514,0.6002323682447486,0.34750346454120334,0.36610870892535263,0.3577409,0.354588877644428,0.36862697344086326,Henryk Tkaczyk,0.6002323682447486,Lean,False,,,
576025-15,576025,2026-10-07,2026-10-08 04:45:00,night,BLACHOWNIA,Piotr Gumulinski,Pawel Kurek,False,,0.5283718478169526,22,3786,946,1419.968885021669,1400.2329054077832,0.7,0.5,3,3,0.49596968339111475,0.5040303166088853,0.5135378391646062,0.5005913202768857,0.48931244,0.4851073170288089,0.48133799800482846,Pawel Kurek,0.5040303166088853,Coin flip,False,,,
576532-1,576532,2026-10-08,2026-10-08 05:00:00,morning,OSP,Jerzy Pelka,Kacper Slawinski,False,,0.32674314905759,70,1819,3260,1421.5646595640897,1547.1543759928848,0.4,0.8,0,0,0.4041105553980117,0.5958894446019882,0.34178765909598874,0.35646165014095,0.38527325,0.3602416989067965,0.3807284410077129,Kacper Slawinski,0.5958894446019882,Lean,False,,,
576519-1,576519,2026-10-08,2026-10-08 05:10:00,morning,BLACHOWNIA,Milosz Cesarz,Krzysztof Hetnar,False,,0.16931498209351778,22,773,1555,1207.3262524739705,1483.6226479371744,0.4,0.7,0,0,0.23891947658805476,0.7610805234119452,0.18571495910292596,0.15775548122341665,0.14525151,0.1565483159949479,0.1564787213861884,Krzysztof Hetnar,0.7610805234119452,Strong,False,,,
576532-2,576532,2026-10-08,2026-10-08 05:25:00,morning,OSP,Oliwier Sokolowski,Sebastian Szostok,False,,0.45784052335815356,7,633,3010,1364.817458939557,1394.1825885616172,0.5,0.4,0,0,0.42321026747192,0.57678973252808,0.3920525996294844,0.39927060174941675,0.3892413,0.38532183224764505,0.3897659897489023,Sebastian Szostok,0.57678973252808,Lean,False,,,
576519-2,576519,2026-10-08,2026-10-08 05:35:00,morning,BLACHOWNIA,Piotr Gumulinski,Oskar Sokolowski,False,,0.766162658385917,1,3786,420,1419.968885021669,1213.8060385358337,0.7,0.2,4,0,0.6367226354605623,0.3632773645394377,0.6530753482331042,0.7128010758999006,0.69397205,0.7004040108127203,0.6920658829879183,Piotr Gumulinski,0.6367226354605623,Solid,False,,,
576532-3,576532,2026-10-08,2026-10-08 05:50:00,morning,OSP,Jakub Pruszkowski,Wojciech Urban,False,,0.35770227730314896,112,3923,1768,1353.3559871905816,1455.041858037631,0.3,0.6,0,0,0.5330514023862368,0.46694859761376317,0.5865511487742787,0.5497639314163509,0.52794594,0.5358356888396485,0.5343622390997098,Jakub Pruszkowski,0.5330514023862368,Coin flip,False,,,
576519-3,576519,2026-10-08,2026-10-08 06:00:00,morning,BLACHOWNIA,Pawel Kurek,Adrian Burkacki,False,,0.6308500874249955,5,946,381,1400.2329054077832,1307.1435463374519,0.5,0.3,4,5,0.5814435464622933,0.41855645353770665,0.5871379314662941,0.6286016293299675,0.62240195,0.6215083192853005,0.6171779801429025,Pawel Kurek,0.5814435464622933,Lean,False,,,
576532-4,576532,2026-10-08,2026-10-08 06:10:00,morning,OSP,Jerzy Pelka,Oliwier Sokolowski,False,,0.5809472479458784,0,1819,633,1421.5646595640897,1364.817458939557,0.4,0.5,1,1,0.561426519241175,0.43857348075882496,0.6249631674235463,0.5694450962908385,0.5785722,0.5777435709136767,0.5851602755765486,Jerzy Pelka,0.561426519241175,Lean,False,,,
576519-4,576519,2026-10-08,2026-10-08 06:25:00,morning,BLACHOWNIA,Milosz Cesarz,Piotr Gumulinski,False,,0.22722110656035135,18,773,3786,1207.3262524739705,1419.968885021669,0.4,0.7,1,5,0.33637162211862115,0.6636283778813789,0.2735805146120037,0.2780979730321798,0.27432328,0.275220741880812,0.27231649423056725,Piotr Gumulinski,0.6636283778813789,Solid,False,,,
576532-5,576532,2026-10-08,2026-10-08 06:30:00,morning,OSP,Wojciech Urban,Kacper Slawinski,False,,0.37046038258723973,7,1768,3260,1455.041858037631,1547.1543759928848,0.6,0.8,1,1,0.48665008014585553,0.5133499198541445,0.4148839956234654,0.492581415841807,0.493004,0.5048731344931587,0.5019594781397432,Kacper Slawinski,0.5133499198541445,Coin flip,False,,,
576519-5,576519,2026-10-08,2026-10-08 06:50:00,morning,BLACHOWNIA,Adrian Burkacki,Krzysztof Hetnar,False,,0.26582770317072096,9,381,1555,1307.1435463374519,1483.6226479371744,0.3,0.7,6,1,0.377979485089971,0.6220205149100291,0.3215321862054213,0.33715558097883314,0.31666684,0.33956058673731265,0.3321778706830255,Krzysztof Hetnar,0.6220205149100291,Solid,False,,,
576532-6,576532,2026-10-08,2026-10-08 06:55:00,morning,OSP,Jakub Pruszkowski,Sebastian Szostok,False,,0.4415147427327556,122,3923,3010,1353.3559871905816,1394.1825885616172,0.3,0.4,1,1,0.4610028444131555,0.5389971555868445,0.4478935364417241,0.4572762448244688,0.43674904,0.4509960409234547,0.4283327491977214,Sebastian Szostok,0.5389971555868445,Coin flip,False,,,
576519-6,576519,2026-10-08,2026-10-08 07:10:00,morning,BLACHOWNIA,Pawel Kurek,Oskar Sokolowski,False,,0.7451972650886074,24,946,420,1400.2329054077832,1213.8060385358337,0.5,0.2,5,1,0.644757187639357,0.35524281236064303,0.6806237545279252,0.6938847577453937,0.7076245,0.7068162263768768,0.7168867010047663,Pawel Kurek,0.644757187639357,Solid,False,,,
576532-7,576532,2026-10-08,2026-10-08 07:15:00,morning,OSP,Oliwier Sokolowski,Kacper Slawinski,False,,0.25929890998362615,4,633,3260,1364.817458939557,1547.1543759928848,0.5,0.8,2,2,0.3651991582882267,0.6348008417117733,0.32332994110647073,0.3102336438509277,0.30352134,0.31173231569711846,0.31230683050043395,Kacper Slawinski,0.6348008417117733,Solid,False,,,
576513-1,576513,2026-10-08,2026-10-08 07:30:00,morning,POCZESNA,Jakub Kaczmarek,Pawel Slosarczyk,False,,0.4839791258652539,21,2856,1244,1282.5877900070525,1293.724045722229,0.3,0.4,0,0,0.5463000941555646,0.4536999058444354,0.5619591305153115,0.5743882051412583,0.562148,0.5738466415503715,0.5571585857404718,Jakub Kaczmarek,0.5463000941555646,Coin flip,False,,,
576519-7,576519,2026-10-08,2026-10-08 07:35:00,morning,BLACHOWNIA,Piotr Gumulinski,Krzysztof Hetnar,False,,0.40940623390526165,33,3786,1555,1419.968885021669,1483.6226479371744,0.7,0.7,6,2,0.443852698381773,0.556147301618227,0.4046648943714915,0.43493444985214447,0.41671765,0.4182472285812205,0.42666620586812176,Krzysztof Hetnar,0.556147301618227,Lean,False,,,
576532-8,576532,2026-10-08,2026-10-08 07:40:00,morning,OSP,Jerzy Pelka,Jakub Pruszkowski,False,,0.5969182274263246,52,1819,3923,1421.5646595640897,1353.3559871905816,0.4,0.3,2,2,0.45062072167457645,0.5493792783254235,0.4938919225361512,0.4004672480653447,0.41997352,0.409604810767291,0.42308538861156353,Jakub Pruszkowski,0.5493792783254235,Coin flip,False,,,
576513-2,576513,2026-10-08,2026-10-08 07:55:00,morning,POCZESNA,Jaroslaw Badura,Krzysztof Schaniel,False,,0.7086108682717727,7,692,4116,1518.6617382782692,1364.2879544183272,0.7,0.5,0,0,0.48314404537873484,0.5168559546212652,0.5471099506965649,0.4358094200524202,0.4666124,0.45597471404621276,0.47290738323330306,Krzysztof Schaniel,0.5168559546212652,Coin flip,False,,,
576519-8,576519,2026-10-08,2026-10-08 08:00:00,morning,BLACHOWNIA,Milosz Cesarz,Pawel Kurek,False,,0.247785148030022,10,773,946,1207.3262524739705,1400.2329054077832,0.4,0.5,2,6,0.30766752159891847,0.6923324784010816,0.26260331934684555,0.23873787080221387,0.23647347,0.22718427728668306,0.2282418699437993,Pawel Kurek,0.6923324784010816,Solid,False,,,
576532-9,576532,2026-10-08,2026-10-08 08:05:00,morning,OSP,Wojciech Urban,Sebastian Szostok,False,,0.586698598992707,45,1768,3010,1455.041858037631,1394.1825885616172,0.6,0.4,2,2,0.4150559092922498,0.5849440907077502,0.43043509331323865,0.3716377193576359,0.36733785,0.3597199618728989,0.3684705800176489,Sebastian Szostok,0.5849440907077502,Lean,False,,,
576513-3,576513,2026-10-08,2026-10-08 08:20:00,morning,POCZESNA,Waldemar Glanowski,Jakub Nowak,False,,0.5581554761112311,13,1707,3332,1260.941562698712,1220.3472774292907,0.3,0.3,0,0,0.5339725560048091,0.4660274439951909,0.5727641593819351,0.5408299857633669,0.539271,0.5471975378844863,0.541701119567296,Waldemar Glanowski,0.5339725560048091,Coin flip,False,,,
576519-9,576519,2026-10-08,2026-10-08 08:25:00,morning,BLACHOWNIA,Adrian Burkacki,Oskar Sokolowski,False,,0.6311826822227893,0,381,420,1307.1435463374519,1213.8060385358337,0.3,0.2,7,2,0.5217560187119762,0.4782439812880238,0.5798801727196372,0.5154083405672352,0.5194969,0.5152116400008628,0.5240979807016118,Adrian Burkacki,0.5217560187119762,Coin flip,False,,,
576532-10,576532,2026-10-08,2026-10-08 08:30:00,morning,OSP,Oliwier Sokolowski,Jakub Pruszkowski,False,,0.5164884029630635,11,633,3923,1364.817458939557,1353.3559871905816,0.5,0.3,3,3,0.390844423429125,0.6091555765708749,0.3744570546267923,0.3399860023290426,0.33811823,0.3346921727194171,0.3452422055044426,Jakub Pruszkowski,0.6091555765708749,Lean,False,,,
576513-4,576513,2026-10-08,2026-10-08 08:45:00,morning,POCZESNA,Jakub Kaczmarek,Jaroslaw Badura,False,,0.20441086381258974,16,2856,692,1282.5877900070525,1518.6617382782692,0.3,0.7,1,1,0.38389005371499546,0.6161099462850046,0.3487111952372208,0.33450847675555523,0.34061855,0.32406160162964265,0.3374479556170392,Jaroslaw Badura,0.6161099462850046,Lean,False,,,
576519-10,576519,2026-10-08,2026-10-08 08:45:00,morning,BLACHOWNIA,Piotr Gumulinski,Pawel Kurek,False,,0.5283718478169526,22,3786,946,1419.968885021669,1400.2329054077832,0.7,0.5,7,7,0.4923903267274638,0.5076096732725361,0.508505451499859,0.48635580643770143,0.485121,0.4829285320595107,0.4819323463320748,Pawel Kurek,0.5076096732725361,Coin flip,False,,,
576532-11,576532,2026-10-08,2026-10-08 08:55:00,morning,OSP,Jerzy Pelka,Wojciech Urban,False,,0.4519709854784893,6,1819,1768,1421.5646595640897,1455.041858037631,0.4,0.6,3,3,0.5040517131630344,0.49594828683696557,0.5278888733414417,0.4939365925091564,0.49650854,0.5012274064091291,0.5095096264233219,Jerzy Pelka,0.5040517131630344,Coin flip,False,,,
576513-5,576513,2026-10-08,2026-10-08 09:10:00,morning,POCZESNA,Jakub Nowak,Pawel Slosarczyk,False,,0.3959448346274141,28,3332,1244,1220.3472774292907,1293.724045722229,0.3,0.4,1,1,0.5649584707028511,0.4350415292971489,0.5372917659565491,0.6111271325234845,0.6005723,0.6115145179654669,0.6024387056466295,Jakub Nowak,0.5649584707028511,Lean,False,,,
576519-11,576519,2026-10-08,2026-10-08 09:10:00,morning,BLACHOWNIA,Milosz Cesarz,Adrian Burkacki,False,,0.3601773378695532,4,773,381,1207.3262524739705,1307.1435463374519,0.4,0.3,3,8,0.3824946785238509,0.6175053214761491,0.33462247998134226,0.3308904628784905,0.33900926,0.3257004447353544,0.3467260730096177,Adrian Burkacki,0.6175053214761491,Lean,False,,,
576532-12,576532,2026-10-08,2026-10-08 09:20:00,morning,OSP,Sebastian Szostok,Kacper Slawinski,False,,0.2930583502586859,72,3010,3260,1394.1825885616172,1547.1543759928848,0.4,0.8,3,3,0.5055494721048531,0.4944505278951469,0.4324514340278927,0.5254256021257425,0.52609676,0.5334936402020893,0.5244906174600769,Sebastian Szostok,0.5055494721048531,Coin flip,False,,,
576513-6,576513,2026-10-08,2026-10-08 09:30:00,morning,POCZESNA,Waldemar Glanowski,Krzysztof Schaniel,False,,0.355509146665586,14,1707,4116,1260.941562698712,1364.2879544183272,0.3,0.5,1,1,0.5187782257589053,0.4812217742410947,0.46053084541022415,0.5281734636989848,0.5471984,0.5544775103156874,0.5462139565599868,Waldemar Glanowski,0.5187782257589053,Coin flip,False,,,
576519-12,576519,2026-10-08,2026-10-08 09:35:00,morning,BLACHOWNIA,Oskar Sokolowski,Krzysztof Hetnar,False,,0.17462611764059813,3,420,1555,1213.8060385358337,1483.6226479371744,0.2,0.7,3,3,0.32787313636093574,0.6721268636390643,0.26683152995230497,0.2631854145678697,0.2588096,0.2616334217188242,0.26976825097663293,Krzysztof Hetnar,0.6721268636390643,Solid,False,,,
576532-13,576532,2026-10-08,2026-10-08 09:45:00,morning,OSP,Oliwier Sokolowski,Wojciech Urban,False,,0.37299876750537386,11,633,1768,1364.817458939557,1455.041858037631,0.5,0.6,4,4,0.39229568120139385,0.6077043187986062,0.38541100234556286,0.3387129441307924,0.34743908,0.3348835242544822,0.3347683725494405,Wojciech Urban,0.6077043187986062,Lean,False,,,
576513-7,576513,2026-10-08,2026-10-08 09:55:00,morning,POCZESNA,Jaroslaw Badura,Pawel Slosarczyk,False,,0.7849662016665676,44,692,1244,1518.6617382782692,1293.724045722229,0.7,0.4,2,2,0.6131935804646289,0.3868064195353711,0.69125363961693,0.6468631224713376,0.6540231,0.6433757645799334,0.6580154310764982,Jaroslaw Badura,0.6131935804646289,Lean,False,,,
576519-13,576519,2026-10-08,2026-10-08 10:00:00,morning,BLACHOWNIA,Piotr Gumulinski,Adrian Burkacki,False,,0.6568921132367512,13,3786,381,1419.968885021669,1307.1435463374519,0.7,0.3,8,9,0.5345748616113929,0.4654251383886071,0.5735486986106737,0.5535898543803741,0.5390593,0.5431407171099333,0.5360503552651749,Piotr Gumulinski,0.5345748616113929,Coin flip,False,,,
576532-14,576532,2026-10-08,2026-10-08 10:10:00,morning,OSP,Jakub Pruszkowski,Kacper Slawinski,False,,0.24682961380415613,115,3923,3260,1353.3559871905816,1547.1543759928848,0.3,0.8,4,4,0.42151533345425773,0.5784846665457423,0.3859450625834831,0.37719633863741353,0.399424,0.39377827591207354,0.3877794302294017,Kacper Slawinski,0.5784846665457423,Lean,False,,,
576519-14,576519,2026-10-08,2026-10-08 10:20:00,morning,BLACHOWNIA,Pawel Kurek,Krzysztof Hetnar,False,,0.3822450541464694,11,946,1555,1400.2329054077832,1483.6226479371744,0.5,0.7,8,4,0.44643839216552256,0.5535616078344774,0.41377841659199405,0.4179078665451763,0.4292422,0.4244306597448558,0.4343285968478883,Krzysztof Hetnar,0.5535616078344774,Lean,False,,,
576513-8,576513,2026-10-08,2026-10-08 10:20:00,morning,POCZESNA,Jakub Kaczmarek,Waldemar Glanowski,False,,0.5311111814238093,7,2856,1707,1282.5877900070525,1260.941562698712,0.3,0.3,2,2,0.43080916671012154,0.5691908332898785,0.44230421691778865,0.40327071176949497,0.3906933,0.3882140457366173,0.38259900412440756,Waldemar Glanowski,0.5691908332898785,Lean,False,,,
576532-15,576532,2026-10-08,2026-10-08 10:35:00,morning,OSP,Jerzy Pelka,Sebastian Szostok,False,,0.5393245823068926,37,1819,3010,1421.5646595640897,1394.1825885616172,0.4,0.4,4,4,0.4301231282890948,0.5698768717109052,0.46562293916441977,0.3800424933224867,0.38902414,0.3790205340993367,0.38863189013364746,Sebastian Szostok,0.5698768717109052,Lean,False,,,
576513-9,576513,2026-10-08,2026-10-08 10:45:00,morning,POCZESNA,Jakub Nowak,Krzysztof Schaniel,False,,0.3039434711333745,112,3332,4116,1220.3472774292907,1364.2879544183272,0.3,0.5,2,2,0.4308186139936995,0.5691813860063005,0.34509147606469265,0.41585966853778844,0.41900265,0.4227530446163058,0.40768430524899585,Krzysztof Schaniel,0.5691813860063005,Lean,False,,,
576519-15,576519,2026-10-08,2026-10-08 10:45:00,morning,BLACHOWNIA,Milosz Cesarz,Oskar Sokolowski,False,,0.4906759193092213,4,773,420,1207.3262524739705,1213.8060385358337,0.4,0.2,4,4,0.4150315197095004,0.5849684802904995,0.4059965022737065,0.3770733041982737,0.3686911,0.3704892898723416,0.37629404802504535,Oskar Sokolowski,0.5849684802904995,Lean,False,,,
576541-1,576541,2026-10-08,2026-10-08 11:00:00,afternoon,OSP,Wojciech Urban,Kacper Slawinski,False,,0.37046038258723973,7,1768,3260,1455.041858037631,1547.1543759928848,0.6,0.8,5,5,0.4341030021493474,0.5658969978506526,0.39340180341853526,0.4082706032320346,0.40324515,0.4156011944113868,0.41255429536565724,Kacper Slawinski,0.5658969978506526,Lean,False,,,
576513-10,576513,2026-10-08,2026-10-08 11:05:00,morning,POCZESNA,Jaroslaw Badura,Waldemar Glanowski,False,,0.8151091811116675,2,692,1707,1518.6617382782692,1260.941562698712,0.7,0.3,3,3,0.5600508982786212,0.4399491017213788,0.5772134498604508,0.5904983628799795,0.58150923,0.5910558262053813,0.5869745343424876,Jaroslaw Badura,0.5600508982786212,Lean,False,,,
576541-2,576541,2026-10-08,2026-10-08 11:25:00,afternoon,OSP,Oliwier Sokolowski,Sebastian Szostok,False,,0.45784052335815356,7,633,3010,1364.817458939557,1394.1825885616172,0.5,0.4,5,5,0.39998967687942477,0.6000103231205752,0.39067325182372314,0.3591364916904622,0.3473112,0.3486343555833217,0.3485635512669334,Sebastian Szostok,0.6000103231205752,Lean,False,,,
576513-11,576513,2026-10-08,2026-10-08 11:30:00,morning,POCZESNA,Jakub Kaczmarek,Jakub Nowak,False,,0.5886252638913352,98,2856,3332,1282.5877900070525,1220.3472774292907,0.3,0.3,3,3,0.4777731310757751,0.5222268689242249,0.5235568384977254,0.4494177085345225,0.45636645,0.4531348855797669,0.4573835804447788,Jakub Nowak,0.5222268689242249,Coin flip,False,,,
576541-3,576541,2026-10-08,2026-10-08 11:50:00,afternoon,OSP,Jakub Pruszkowski,Jerzy Pelka,False,,0.4030817725736754,52,3923,1819,1353.3559871905816,1421.5646595640897,0.3,0.4,5,5,0.5216252028907776,0.47837479710922237,0.5131821430878245,0.549149530892482,0.5211612,0.543794536852048,0.5276225116377959,Jakub Pruszkowski,0.5216252028907776,Coin flip,False,,,
576513-12,576513,2026-10-08,2026-10-08 11:55:00,morning,POCZESNA,Krzysztof Schaniel,Pawel Slosarczyk,False,,0.6001760036982124,19,4116,1244,1364.2879544183272,1293.724045722229,0.5,0.4,3,3,0.6082921264762062,0.39170787352379377,0.6398785349313411,0.6543617827414003,0.6488974,0.6614112354702508,0.6573730095161789,Krzysztof Schaniel,0.6082921264762062,Lean,False,,,
576541-4,576541,2026-10-08,2026-10-08 12:10:00,afternoon,OSP,Wojciech Urban,Oliwier Sokolowski,False,,0.6270012324946261,11,1768,633,1455.041858037631,1364.817458939557,0.6,0.5,6,6,0.5557623886745802,0.44423761132541983,0.5744270426637257,0.5823101344192648,0.57166296,0.5818724904602075,0.5871439384647482,Wojciech Urban,0.5557623886745802,Lean,False,,,
576513-13,576513,2026-10-08,2026-10-08 12:20:00,morning,POCZESNA,Jaroslaw Badura,Jakub Nowak,False,,0.8477724828821525,23,692,3332,1518.6617382782692,1220.3472774292907,0.7,0.3,4,4,0.5763466794728005,0.4236533205271995,0.653978389653116,0.6288545642761487,0.58169293,0.596333223112985,0.577592963318856,Jaroslaw Badura,0.5763466794728005,Lean,False,,,
576541-5,576541,2026-10-08,2026-10-08 12:35:00,afternoon,OSP,Jerzy Pelka,Kacper Slawinski,False,,0.32674314905759,70,1819,3260,1421.5646595640897,1547.1543759928848,0.4,0.8,6,6,0.42688120483593234,0.5731187951640677,0.3555586246178947,0.39150897900284914,0.42841625,0.39499092881155207,0.41184186172159115,Kacper Slawinski,0.5731187951640677,Lean,False,,,
576513-14,576513,2026-10-08,2026-10-08 12:40:00,morning,POCZESNA,Waldemar Glanowski,Pawel Slosarczyk,False,,0.4529617252747664,10,1707,1244,1260.941562698712,1293.724045722229,0.3,0.4,4,4,0.5270822959111344,0.4729177040888656,0.5960233994994911,0.537294893597143,0.515465,0.5325240878137029,0.509687967103288,Waldemar Glanowski,0.5270822959111344,Coin flip,False,,,
576541-6,576541,2026-10-08,2026-10-08 13:00:00,afternoon,OSP,Jakub Pruszkowski,Sebastian Szostok,False,,0.4415147427327556,122,3923,3010,1353.3559871905816,1394.1825885616172,0.3,0.4,6,6,0.4684058011217058,0.5315941988782942,0.45395278822866975,0.4680019290800687,0.44806954,0.4667682990827904,0.43715872559644287,Sebastian Szostok,0.5315941988782942,Coin flip,False,,,
576513-15,576513,2026-10-08,2026-10-08 13:05:00,morning,POCZESNA,Jakub Kaczmarek,Krzysztof Schaniel,False,,0.384544304848088,109,2856,4116,1282.5877900070525,1364.2879544183272,0.3,0.5,4,4,0.41336042055965605,0.586639579440344,0.37207526845213645,0.3568523734228381,0.37985754,0.3810282491056812,0.3994669451191918,Krzysztof Schaniel,0.586639579440344,Lean,False,,,
576541-7,576541,2026-10-08,2026-10-08 13:25:00,afternoon,OSP,Oliwier Sokolowski,Kacper Slawinski,False,,0.25929890998362615,4,633,3260,1364.817458939557,1547.1543759928848,0.5,0.8,7,7,0.38581536865264043,0.6141846313473596,0.34070743503504225,0.34168524280775525,0.34062892,0.3384145197344514,0.3372958493341669,Kacper Slawinski,0.6141846313473596,Lean,False,,,
576515-1,576515,2026-10-08,2026-10-08 13:30:00,afternoon,POCZESNA,Jakub Nowak,Pawel Slosarczyk,False,,0.3959448346274141,28,3332,1244,1220.3472774292907,1293.724045722229,0.3,0.4,5,5,0.5340996304120618,0.46590036958793823,0.5167268331539225,0.5632065408985508,0.55716085,0.565028578372291,0.541197603061703,Jakub Nowak,0.5340996304120618,Coin flip,False,,,
576541-8,576541,2026-10-08,2026-10-08 13:50:00,afternoon,OSP,Wojciech Urban,Jakub Pruszkowski,False,,0.6422977226968511,112,1768,3923,1455.041858037631,1353.3559871905816,0.6,0.3,7,7,0.41936076282954116,0.5806392371704588,0.3974707281432553,0.385632511597511,0.3913167,0.3882387181641921,0.3649426004084557,Jakub Pruszkowski,0.5806392371704588,Lean,False,,,
576515-2,576515,2026-10-08,2026-10-08 13:55:00,afternoon,POCZESNA,Jaroslaw Badura,Krzysztof Schaniel,False,,0.7086108682717727,7,692,4116,1518.6617382782692,1364.2879544183272,0.7,0.5,5,5,0.4917692073882915,0.5082307926117084,0.5859291855144436,0.44825039962712443,0.46928537,0.4656475176535222,0.46965774857570797,Krzysztof Schaniel,0.5082307926117084,Coin flip,False,,,
576541-9,576541,2026-10-08,2026-10-08 14:15:00,afternoon,OSP,Jerzy Pelka,Sebastian Szostok,False,,0.5393245823068926,37,1819,3010,1421.5646595640897,1394.1825885616172,0.4,0.4,7,7,0.4266279601240341,0.5733720398759659,0.46389908421314485,0.3741080233873618,0.38436782,0.37164011626844323,0.38377113144981295,Sebastian Szostok,0.5733720398759659,Lean,False,,,
576515-3,576515,2026-10-08,2026-10-08 14:20:00,afternoon,POCZESNA,Waldemar Glanowski,Jakub Kaczmarek,False,,0.4688888185761907,7,1707,2856,1260.941562698712,1282.5877900070525,0.3,0.3,5,5,0.5178632473437772,0.4821367526562228,0.5102761655166068,0.5274613289274667,0.5282985,0.5295356910042883,0.5326822187836369,Waldemar Glanowski,0.5178632473437772,Coin flip,False,,,
576541-10,576541,2026-10-08,2026-10-08 14:40:00,afternoon,OSP,Oliwier Sokolowski,Jakub Pruszkowski,False,,0.5164884029630635,11,633,3923,1364.817458939557,1353.3559871905816,0.5,0.3,8,8,0.4077337421645842,0.5922662578354159,0.40000889105447524,0.3611051808981934,0.36078456,0.35424019284514624,0.37208298742939333,Jakub Pruszkowski,0.5922662578354159,Lean,False,,,
576515-4,576515,2026-10-08,2026-10-08 14:45:00,afternoon,POCZESNA,Jakub Nowak,Jaroslaw Badura,False,,0.15222751711784752,23,3332,692,1220.3472774292907,1518.6617382782692,0.3,0.7,6,6,0.36918276784242937,0.6308172321575707,0.3078629958449759,0.2826805520225938,0.32350376,0.3316018904599829,0.34428545824104706,Jaroslaw Badura,0.6308172321575707,Solid,False,,,
576541-11,576541,2026-10-08,2026-10-08 15:05:00,afternoon,OSP,Wojciech Urban,Jerzy Pelka,False,,0.5480290145215108,6,1768,1819,1455.041858037631,1421.5646595640897,0.6,0.4,8,8,0.47073335882823547,0.5292666411717646,0.4652410570173601,0.46560359395175,0.4563847,0.4557383154698564,0.4473335295305598,Jerzy Pelka,0.5292666411717646,Coin flip,False,,,
576515-5,576515,2026-10-08,2026-10-08 15:10:00,afternoon,POCZESNA,Jakub Kaczmarek,Pawel Slosarczyk,False,,0.4839791258652539,21,2856,1244,1282.5877900070525,1293.724045722229,0.3,0.4,6,6,0.5767703714398648,0.42322962856013524,0.5692095993311992,0.6209660022433118,0.61546874,0.6228452949411931,0.6166395806149332,Jakub Kaczmarek,0.5767703714398648,Lean,False,,,
576515-6,576515,2026-10-08,2026-10-08 15:30:00,afternoon,POCZESNA,Waldemar Glanowski,Krzysztof Schaniel,False,,0.355509146665586,14,1707,4116,1260.941562698712,1364.2879544183272,0.3,0.5,6,6,0.4974020506642467,0.5025979493357533,0.43361965319679435,0.49828982127359017,0.5135528,0.5233004384095943,0.5151813590195465,Krzysztof Schaniel,0.5025979493357533,Coin flip,False,,,
576541-12,576541,2026-10-08,2026-10-08 15:30:00,afternoon,OSP,Sebastian Szostok,Kacper Slawinski,False,,0.2930583502586859,72,3010,3260,1394.1825885616172,1547.1543759928848,0.4,0.8,8,8,0.4965829738493602,0.5034170261506399,0.41934670393430085,0.5139936879416701,0.51485497,0.5172522066575602,0.5123493631627227,Kacper Slawinski,0.5034170261506399,Coin flip,False,,,
576515-7,576515,2026-10-08,2026-10-08 15:55:00,afternoon,POCZESNA,Jaroslaw Badura,Pawel Slosarczyk,False,,0.7849662016665676,44,692,1244,1518.6617382782692,1293.724045722229,0.7,0.4,7,7,0.6389125980529066,0.36108740194709343,0.7105208258600317,0.6879394430661298,0.68769985,0.6867327356447179,0.6929211595457183,Jaroslaw Badura,0.6389125980529066,Solid,False,,,
576541-13,576541,2026-10-08,2026-10-08 15:55:00,afternoon,OSP,Oliwier Sokolowski,Jerzy Pelka,False,,0.41905275205412157,0,633,1819,1364.817458939557,1421.5646595640897,0.5,0.4,9,9,0.4322201507525995,0.5677798492474004,0.40763232122116544,0.40214230051766503,0.404789,0.40078964776033776,0.4033919737657426,Jerzy Pelka,0.5677798492474004,Lean,False,,,
576541-14,576541,2026-10-08,2026-10-08 16:20:00,afternoon,OSP,Jakub Pruszkowski,Kacper Slawinski,False,,0.24682961380415613,115,3923,3260,1353.3559871905816,1547.1543759928848,0.3,0.8,9,9,0.41560203949837043,0.5843979605016296,0.37906568976612837,0.36860523651721394,0.39157057,0.38355783743757055,0.3801928241824239,Kacper Slawinski,0.5843979605016296,Lean,False,,,
576515-8,576515,2026-10-08,2026-10-08 16:20:00,afternoon,POCZESNA,Jakub Nowak,Waldemar Glanowski,False,,0.44184452388876894,13,3332,1707,1220.3472774292907,1260.941562698712,0.3,0.3,7,7,0.44799542099908907,0.5520045790009109,0.4389531339558159,0.423435550586116,0.42334923,0.4228333749543378,0.42083430049138637,Waldemar Glanowski,0.5520045790009109,Lean,False,,,
576541-15,576541,2026-10-08,2026-10-08 16:40:00,afternoon,OSP,Wojciech Urban,Sebastian Szostok,False,,0.586698598992707,45,1768,3010,1455.041858037631,1394.1825885616172,0.6,0.4,9,9,0.409516579080702,0.590483420919298,0.42253297333768053,0.3621473836332685,0.3617715,0.35121676469414104,0.3616095477066161,Sebastian Szostok,0.590483420919298,Lean,False,,,
576515-9,576515,2026-10-08,2026-10-08 16:45:00,afternoon,POCZESNA,Jakub Kaczmarek,Krzysztof Schaniel,False,,0.384544304848088,109,2856,4116,1282.5877900070525,1364.2879544183272,0.3,0.5,7,7,0.4401825439049899,0.5598174560950101,0.39069643388888675,0.4002329741514292,0.4280532,0.42771372549932746,0.4296400731842094,Krzysztof Schaniel,0.5598174560950101,Lean,False,,,
576548-1,576548,2026-10-08,2026-10-08 17:00:00,evening,OSP,Artur Zmijewski,Zbigniew Nocun,False,,0.5479985902260845,8,190,2247,1511.2406352736912,1477.784774527552,0.6,0.6,0,4,0.4751651417686159,0.5248348582313841,0.456518308325196,0.46427354130762294,0.4616738,0.4754109331688291,0.46548400669630635,Zbigniew Nocun,0.5248348582313841,Coin flip,False,,,
576515-10,576515,2026-10-08,2026-10-08 17:05:00,afternoon,POCZESNA,Jaroslaw Badura,Waldemar Glanowski,False,,0.8151091811116675,2,692,1707,1518.6617382782692,1260.941562698712,0.7,0.3,8,8,0.600694549062383,0.39930545093761705,0.6409024034925755,0.6382060731586471,0.6438529,0.6368193886295532,0.6497757437431344,Jaroslaw Badura,0.600694549062383,Lean,False,,,
576521-1,576521,2026-10-08,2026-10-08 17:10:00,evening,BLACHOWNIA,Kacper Adamus,Rafal Komandzik,False,,0.7080084923272272,0,2290,20,1378.9292583796453,1225.061959820945,0.6,0.2,0,0,0.7400896324810415,0.25991036751895846,0.7599472835170504,0.8274388149101625,0.8208605,0.8406912599601267,0.8378531673417403,Kacper Adamus,0.7400896324810415,Strong,False,,,
576548-2,576548,2026-10-08,2026-10-08 17:25:00,evening,OSP,Arkadiusz Skupinski,Henryk Tkaczyk,False,,0.15254588250843648,21,966,1695,1295.859839080479,1593.7461208340098,0.4,0.6,1,4,0.2408257741223471,0.7591742258776529,0.18157700581526465,0.16111371411744296,0.14928314,0.1622233838129739,0.15775232614569668,Henryk Tkaczyk,0.7591742258776529,Strong,False,,,
576515-11,576515,2026-10-08,2026-10-08 17:30:00,afternoon,POCZESNA,Jakub Nowak,Jakub Kaczmarek,False,,0.41137473610866476,98,3332,2856,1220.3472774292907,1282.5877900070525,0.3,0.3,8,8,0.4868520936868669,0.5131479063131331,0.45325579501958746,0.4974832941666093,0.48190376,0.48972776591114486,0.4844491546420523,Jakub Kaczmarek,0.5131479063131331,Coin flip,False,,,
576521-2,576521,2026-10-08,2026-10-08 17:35:00,evening,BLACHOWNIA,Mariusz Koczyba,Wojciech Pytlas,False,,0.4221769761608126,84,3317,935,1381.0783106871895,1435.5984297831342,0.6,0.6,4,0,0.5218805557856356,0.47811944421436436,0.5246441330727407,0.5284070355638468,0.53510493,0.5307668855724645,0.5376801153389362,Mariusz Koczyba,0.5218805557856356,Coin flip,False,,,
576548-3,576548,2026-10-08,2026-10-08 17:50:00,evening,OSP,Artur Kubiak,Piotr Gesiarz,False,,0.7178937613834968,7,1511,366,1573.484381511857,1411.225385981907,0.9,0.4,0,1,0.5270618583585631,0.4729381416414369,0.5193557468967058,0.519948148658824,0.5520334,0.5473188053783187,0.5559315385515773,Artur Kubiak,0.5270618583585631,Coin flip,False,,,
576515-12,576515,2026-10-08,2026-10-08 17:55:00,afternoon,POCZESNA,Krzysztof Schaniel,Pawel Slosarczyk,False,,0.6001760036982124,19,4116,1244,1364.2879544183272,1293.724045722229,0.5,0.4,8,8,0.5921303262767093,0.40786967372329075,0.6242716440996365,0.6293275137540754,0.62581,0.6371345349832295,0.6345501239512278,Krzysztof Schaniel,0.5921303262767093,Lean,False,,,
576521-3,576521,2026-10-08,2026-10-08 18:00:00,evening,BLACHOWNIA,Marek Tkocz,Grzegorz Jurowicz,False,,0.710900236859345,17,1469,1026,1490.9956672191329,1334.6912979895305,0.7,0.5,0,0,0.6290783905564045,0.37092160944359553,0.6955984448454149,0.6954773823188001,0.66849256,0.6770724902976833,0.6630777375660493,Marek Tkocz,0.6290783905564045,Solid,False,,,
576548-4,576548,2026-10-08,2026-10-08 18:15:00,evening,OSP,Artur Zmijewski,Arkadiusz Skupinski,False,,0.7755346876702675,3,190,966,1511.2406352736912,1295.859839080479,0.6,0.4,1,2,0.6291547540016704,0.3708452459983296,0.7021369644685902,0.6763123608042152,0.67381626,0.6678247754438655,0.6809255070930482,Artur Zmijewski,0.6291547540016704,Solid,False,,,
576515-13,576515,2026-10-08,2026-10-08 18:20:00,afternoon,POCZESNA,Jaroslaw Badura,Jakub Kaczmarek,False,,0.7955891361874102,16,692,2856,1518.6617382782692,1282.5877900070525,0.7,0.3,9,9,0.6011002215461186,0.39889977845388136,0.6688141760127619,0.6232881445241522,0.6379653,0.6413083789212041,0.6403649371578255,Jaroslaw Badura,0.6011002215461186,Lean,False,,,
576521-4,576521,2026-10-08,2026-10-08 18:25:00,evening,BLACHOWNIA,Kacper Adamus,Mariusz Koczyba,False,,0.4969073045624775,84,2290,3317,1378.9292583796453,1381.0783106871895,0.6,0.6,1,5,0.44184127197055617,0.5581587280294438,0.44479821424935784,0.40830134085152214,0.40980604,0.4151473707774264,0.4076720166217625,Mariusz Koczyba,0.5581587280294438,Lean,False,,,
576548-5,576548,2026-10-08,2026-10-08 18:35:00,evening,OSP,Piotr Gesiarz,Zbigniew Nocun,False,,0.40536819057769036,2,366,2247,1411.225385981907,1477.784774527552,0.4,0.6,2,5,0.4721664516594171,0.5278335483405829,0.42407564123315744,0.47757888263465703,0.46075302,0.47004966812033133,0.47024268776467965,Zbigniew Nocun,0.5278335483405829,Coin flip,False,,,
